lead_id,created_date,industry,company_size,enquiry_type,response_time_hours,number_of_rfqs,converted,data_source
L004881,2025-09-01,Manufacturing,1-50,Bulk order,10.89,2,0,synthetic_demo
L011709,2025-09-01,Retail,201-1000,Product enquiry,10.33,6,0,synthetic_demo
L001133,2025-09-01,Manufacturing,51-200,Bulk order,7.86,2,0,synthetic_demo
L001129,2025-09-01,Technology,51-200,Bulk order,11.42,5,0,synthetic_demo
L000469,2025-09-01,Manufacturing,1-50,Bulk order,1.11,3,0,synthetic_demo
L011962,2025-09-01,Manufacturing,51-200,Product enquiry,31.99,1,0,synthetic_demo
L007525,2025-09-01,Manufacturing,201-1000,Price quote,10.49,1,0,synthetic_demo
L002304,2025-09-01,Retail,1-50,Supplier request,2.83,2,0,synthetic_demo
L003024,2025-09-01,Healthcare,201-1000,Price quote,43.11,2,0,synthetic_demo
L004407,2025-09-01,Construction,51-200,Price quote,2.26,4,0,synthetic_demo
L003004,2025-09-01,Technology,201-1000,Product enquiry,8.26,0,0,synthetic_demo
L008570,2025-09-01,Technology,1001+,Supplier request,8.43,1,0,synthetic_demo
L001879,2025-09-01,Healthcare,201-1000,Supplier request,9.68,5,1,synthetic_demo
L009728,2025-09-01,Manufacturing,1001+,Bulk order,7.0,2,0,synthetic_demo
L008834,2025-09-01,Healthcare,51-200,Supplier request,6.51,3,0,synthetic_demo
L008455,2025-09-01,Manufacturing,1-50,Price quote,6.84,2,0,synthetic_demo
L000985,2025-09-01,Manufacturing,51-200,Price quote,9.41,3,0,synthetic_demo
L010293,2025-09-01,Technology,1-50,Supplier request,8.24,2,0,synthetic_demo
L009408,2025-09-01,Manufacturing,1001+,Product enquiry,17.72,2,0,synthetic_demo
L010152,2025-09-01,Construction,201-1000,Product enquiry,5.49,3,1,synthetic_demo
L010788,2025-09-01,Manufacturing,51-200,Supplier request,5.02,1,0,synthetic_demo
L007299,2025-09-01,Construction,51-200,Product enquiry,16.02,2,0,synthetic_demo
L008997,2025-09-01,Technology,1001+,Bulk order,12.01,2,0,synthetic_demo
L000154,2025-09-01,Healthcare,51-200,Price quote,10.14,2,0,synthetic_demo
L007618,2025-09-01,Technology,51-200,Supplier request,5.51,2,0,synthetic_demo
L003136,2025-09-01,Technology,51-200,Price quote,4.47,4,1,synthetic_demo
L009366,2025-09-02,Manufacturing,201-1000,Bulk order,1.5,5,1,synthetic_demo
L004512,2025-09-02,Healthcare,1-50,Product enquiry,3.52,1,0,synthetic_demo
L008559,2025-09-02,Retail,201-1000,Bulk order,17.21,1,0,synthetic_demo
L011749,2025-09-02,Retail,51-200,Price quote,13.78,1,0,synthetic_demo
L010218,2025-09-02,Manufacturing,51-200,Product enquiry,13.49,2,0,synthetic_demo
L004479,2025-09-02,Technology,201-1000,Price quote,3.78,3,1,synthetic_demo
L006303,2025-09-02,Healthcare,1-50,Supplier request,16.46,1,0,synthetic_demo
L007187,2025-09-02,Manufacturing,1001+,Product enquiry,18.37,1,0,synthetic_demo
L008226,2025-09-02,Manufacturing,201-1000,Product enquiry,13.41,3,0,synthetic_demo
L001703,2025-09-02,Retail,1-50,Price quote,1.05,0,0,synthetic_demo
L002182,2025-09-02,Construction,201-1000,Product enquiry,6.64,0,0,synthetic_demo
L008801,2025-09-02,Manufacturing,1-50,Price quote,19.05,2,0,synthetic_demo
L002094,2025-09-02,Manufacturing,201-1000,Bulk order,1.89,1,1,synthetic_demo
L002097,2025-09-02,Manufacturing,201-1000,Price quote,15.9,0,0,synthetic_demo
L009629,2025-09-02,Construction,51-200,Bulk order,23.88,2,0,synthetic_demo
L005922,2025-09-02,Manufacturing,1001+,Price quote,4.21,2,0,synthetic_demo
L004308,2025-09-02,Retail,51-200,Supplier request,11.33,1,1,synthetic_demo
L004312,2025-09-02,Technology,201-1000,Supplier request,13.68,2,0,synthetic_demo
L001979,2025-09-02,Technology,1001+,Price quote,6.4,0,1,synthetic_demo
L005443,2025-09-02,Technology,201-1000,Supplier request,5.87,2,0,synthetic_demo
L007617,2025-09-02,Retail,1001+,Product enquiry,17.14,3,0,synthetic_demo
L000738,2025-09-02,Retail,1001+,Product enquiry,11.39,1,1,synthetic_demo
L008346,2025-09-02,Healthcare,1001+,Bulk order,2.75,2,1,synthetic_demo
L011557,2025-09-02,Manufacturing,201-1000,Price quote,8.18,3,0,synthetic_demo
L008765,2025-09-02,Retail,1-50,Bulk order,18.91,0,0,synthetic_demo
L005647,2025-09-02,Healthcare,51-200,Supplier request,6.28,3,0,synthetic_demo
L005063,2025-09-02,Retail,201-1000,Product enquiry,4.95,3,1,synthetic_demo
L000104,2025-09-02,Construction,51-200,Bulk order,20.35,4,1,synthetic_demo
L003653,2025-09-02,Retail,201-1000,Supplier request,7.75,2,0,synthetic_demo
L011621,2025-09-02,Technology,1-50,Bulk order,21.58,3,0,synthetic_demo
L005589,2025-09-02,Retail,51-200,Supplier request,7.6,1,1,synthetic_demo
L011007,2025-09-02,Technology,201-1000,Price quote,14.19,0,0,synthetic_demo
L009974,2025-09-02,Retail,1-50,Supplier request,7.46,3,0,synthetic_demo
L008016,2025-09-02,Manufacturing,1-50,Price quote,16.55,4,0,synthetic_demo
L005735,2025-09-02,Manufacturing,1001+,Product enquiry,23.57,7,1,synthetic_demo
L003432,2025-09-02,Healthcare,201-1000,Supplier request,17.59,3,0,synthetic_demo
L002561,2025-09-02,Healthcare,51-200,Price quote,18.39,2,1,synthetic_demo
L007283,2025-09-02,Manufacturing,201-1000,Supplier request,5.21,3,0,synthetic_demo
L006190,2025-09-02,Healthcare,201-1000,Price quote,27.21,3,0,synthetic_demo
L006621,2025-09-02,Technology,1-50,Product enquiry,6.56,3,0,synthetic_demo
L001439,2025-09-02,Construction,51-200,Product enquiry,2.87,4,0,synthetic_demo
L007396,2025-09-02,Construction,201-1000,Product enquiry,3.08,3,0,synthetic_demo
L011800,2025-09-02,Retail,1-50,Price quote,5.94,1,0,synthetic_demo
L006692,2025-09-02,Manufacturing,51-200,Price quote,2.17,2,1,synthetic_demo
L008518,2025-09-02,Manufacturing,1001+,Price quote,4.0,5,1,synthetic_demo
L003307,2025-09-02,Manufacturing,51-200,Bulk order,2.38,2,1,synthetic_demo
L010706,2025-09-03,Healthcare,1001+,Bulk order,13.18,0,1,synthetic_demo
L003293,2025-09-03,Healthcare,201-1000,Product enquiry,13.36,1,0,synthetic_demo
L008531,2025-09-03,Healthcare,51-200,Supplier request,9.36,1,1,synthetic_demo
L004821,2025-09-03,Technology,51-200,Bulk order,12.07,4,1,synthetic_demo
L000611,2025-09-03,Healthcare,201-1000,Product enquiry,6.98,3,0,synthetic_demo
L004043,2025-09-03,Manufacturing,1-50,Supplier request,13.1,1,0,synthetic_demo
L005940,2025-09-03,Technology,201-1000,Product enquiry,26.11,2,0,synthetic_demo
L008784,2025-09-03,Manufacturing,51-200,Price quote,7.95,4,0,synthetic_demo
L000965,2025-09-03,Construction,51-200,Supplier request,5.87,1,0,synthetic_demo
L006522,2025-09-03,Retail,1-50,Price quote,7.73,1,0,synthetic_demo
L000748,2025-09-03,Retail,51-200,Supplier request,18.81,1,0,synthetic_demo
L006371,2025-09-03,Construction,201-1000,Supplier request,23.04,4,0,synthetic_demo
L010764,2025-09-03,Technology,51-200,Bulk order,7.35,4,0,synthetic_demo
L003680,2025-09-03,Manufacturing,201-1000,Product enquiry,4.38,1,0,synthetic_demo
L009801,2025-09-03,Manufacturing,51-200,Bulk order,9.65,3,1,synthetic_demo
L004358,2025-09-03,Retail,51-200,Product enquiry,3.83,1,0,synthetic_demo
L008450,2025-09-03,Technology,51-200,Product enquiry,15.22,3,0,synthetic_demo
L009237,2025-09-03,Retail,51-200,Product enquiry,9.69,1,0,synthetic_demo
L009236,2025-09-03,Retail,51-200,Supplier request,16.66,5,1,synthetic_demo
L008807,2025-09-03,Manufacturing,201-1000,Price quote,13.09,1,0,synthetic_demo
L008212,2025-09-03,Construction,201-1000,Price quote,7.54,1,1,synthetic_demo
L003667,2025-09-03,Manufacturing,201-1000,Supplier request,1.79,1,0,synthetic_demo
L005216,2025-09-03,Retail,51-200,Price quote,16.84,2,0,synthetic_demo
L003595,2025-09-03,Manufacturing,201-1000,Price quote,9.64,4,1,synthetic_demo
L000216,2025-09-03,Technology,1-50,Product enquiry,2.25,6,1,synthetic_demo
L003417,2025-09-03,Healthcare,51-200,Bulk order,2.69,1,1,synthetic_demo
L011525,2025-09-03,Construction,1001+,Price quote,4.3,2,0,synthetic_demo
L011330,2025-09-03,Construction,1001+,Bulk order,3.36,2,0,synthetic_demo
L010332,2025-09-03,Technology,51-200,Price quote,4.23,2,0,synthetic_demo
L007248,2025-09-03,Manufacturing,51-200,Bulk order,4.36,2,1,synthetic_demo
L010690,2025-09-03,Construction,201-1000,Supplier request,15.08,6,0,synthetic_demo
L011675,2025-09-03,Manufacturing,51-200,Price quote,59.06,2,0,synthetic_demo
L004802,2025-09-03,Manufacturing,51-200,Product enquiry,35.88,4,1,synthetic_demo
L007928,2025-09-03,Retail,51-200,Supplier request,8.73,1,0,synthetic_demo
L006902,2025-09-03,Healthcare,1-50,Price quote,6.1,2,0,synthetic_demo
L003229,2025-09-03,Healthcare,1-50,Product enquiry,5.73,0,0,synthetic_demo
L002623,2025-09-03,Manufacturing,1001+,Price quote,17.08,4,1,synthetic_demo
L006054,2025-09-04,Manufacturing,1-50,Price quote,11.47,4,0,synthetic_demo
L008751,2025-09-04,Technology,51-200,Bulk order,15.93,3,0,synthetic_demo
L006258,2025-09-04,Manufacturing,51-200,Product enquiry,6.25,1,0,synthetic_demo
L001099,2025-09-04,Construction,201-1000,Bulk order,11.38,1,0,synthetic_demo
L007828,2025-09-04,Manufacturing,1-50,Product enquiry,10.54,1,0,synthetic_demo
L000642,2025-09-04,Technology,51-200,Price quote,2.87,1,0,synthetic_demo
L001214,2025-09-04,Retail,51-200,Bulk order,9.4,3,1,synthetic_demo
L001871,2025-09-04,Retail,51-200,Price quote,7.92,8,0,synthetic_demo
L002100,2025-09-04,Manufacturing,51-200,Product enquiry,21.56,2,0,synthetic_demo
L004199,2025-09-04,Manufacturing,1-50,Price quote,3.23,4,0,synthetic_demo
L009988,2025-09-04,Technology,1-50,Product enquiry,16.73,2,0,synthetic_demo
L004953,2025-09-04,Manufacturing,1001+,Bulk order,4.26,5,1,synthetic_demo
L009531,2025-09-04,Healthcare,1001+,Product enquiry,22.84,4,0,synthetic_demo
L006226,2025-09-04,Manufacturing,201-1000,Supplier request,22.06,5,1,synthetic_demo
L007921,2025-09-04,Technology,1-50,Supplier request,4.65,3,0,synthetic_demo
L010530,2025-09-04,Healthcare,1-50,Bulk order,6.07,3,0,synthetic_demo
L011944,2025-09-04,Manufacturing,1-50,Supplier request,18.61,1,0,synthetic_demo
L007561,2025-09-04,Construction,1-50,Bulk order,6.73,2,1,synthetic_demo
L007476,2025-09-04,Healthcare,201-1000,Product enquiry,8.89,2,0,synthetic_demo
L003949,2025-09-04,Construction,1-50,Supplier request,5.49,2,0,synthetic_demo
L010077,2025-09-04,Healthcare,201-1000,Bulk order,6.59,3,1,synthetic_demo
L010178,2025-09-04,Technology,1-50,Product enquiry,10.94,2,0,synthetic_demo
L007583,2025-09-04,Manufacturing,1-50,Product enquiry,15.05,3,0,synthetic_demo
L007842,2025-09-04,Manufacturing,1001+,Product enquiry,12.48,1,0,synthetic_demo
L008986,2025-09-05,Technology,201-1000,Bulk order,19.46,3,0,synthetic_demo
L007999,2025-09-05,Manufacturing,201-1000,Product enquiry,24.81,1,0,synthetic_demo
L010947,2025-09-05,Construction,51-200,Supplier request,8.96,1,0,synthetic_demo
L005535,2025-09-05,Technology,1-50,Price quote,5.93,3,0,synthetic_demo
L010403,2025-09-05,Healthcare,201-1000,Product enquiry,8.18,3,0,synthetic_demo
L011083,2025-09-05,Manufacturing,51-200,Supplier request,12.01,1,0,synthetic_demo
L006450,2025-09-05,Technology,51-200,Supplier request,12.44,4,0,synthetic_demo
L005165,2025-09-05,Healthcare,201-1000,Product enquiry,8.62,2,1,synthetic_demo
L000278,2025-09-05,Healthcare,201-1000,Supplier request,13.58,2,0,synthetic_demo
L007838,2025-09-05,Technology,51-200,Price quote,8.19,2,0,synthetic_demo
L002269,2025-09-05,Technology,201-1000,Price quote,7.44,1,1,synthetic_demo
L007335,2025-09-05,Retail,201-1000,Supplier request,12.76,2,0,synthetic_demo
L003069,2025-09-05,Technology,1-50,Bulk order,3.22,3,0,synthetic_demo
L006351,2025-09-05,Technology,51-200,Product enquiry,3.67,3,0,synthetic_demo
L002676,2025-09-05,Healthcare,1-50,Bulk order,11.76,3,0,synthetic_demo
L000816,2025-09-05,Construction,51-200,Product enquiry,14.31,0,0,synthetic_demo
L003150,2025-09-05,Manufacturing,1001+,Supplier request,4.03,3,0,synthetic_demo
L000205,2025-09-05,Manufacturing,51-200,Product enquiry,21.37,0,0,synthetic_demo
L008219,2025-09-05,Retail,201-1000,Supplier request,14.61,3,0,synthetic_demo
L005365,2025-09-05,Construction,201-1000,Supplier request,11.75,1,0,synthetic_demo
L011761,2025-09-05,Retail,51-200,Bulk order,15.32,2,0,synthetic_demo
L001134,2025-09-05,Technology,51-200,Supplier request,5.8,0,0,synthetic_demo
L003473,2025-09-05,Healthcare,201-1000,Price quote,3.33,3,1,synthetic_demo
L001617,2025-09-05,Manufacturing,1-50,Bulk order,7.55,2,1,synthetic_demo
L004672,2025-09-05,Retail,1001+,Bulk order,24.52,1,0,synthetic_demo
L005245,2025-09-05,Retail,201-1000,Price quote,6.71,2,1,synthetic_demo
L006004,2025-09-05,Manufacturing,51-200,Product enquiry,24.43,1,1,synthetic_demo
L011702,2025-09-05,Technology,1-50,Price quote,6.26,3,0,synthetic_demo
L009763,2025-09-05,Technology,1-50,Bulk order,2.17,5,0,synthetic_demo
L009445,2025-09-06,Technology,201-1000,Price quote,15.61,2,0,synthetic_demo
L006944,2025-09-06,Healthcare,51-200,Product enquiry,4.25,1,0,synthetic_demo
L010963,2025-09-06,Construction,51-200,Price quote,1.79,0,0,synthetic_demo
L002154,2025-09-06,Technology,1-50,Price quote,12.68,0,0,synthetic_demo
L006814,2025-09-06,Manufacturing,1-50,Bulk order,9.67,1,0,synthetic_demo
L002194,2025-09-06,Manufacturing,1001+,Product enquiry,10.38,4,0,synthetic_demo
L006785,2025-09-06,Technology,1-50,Bulk order,7.94,2,0,synthetic_demo
L003944,2025-09-06,Healthcare,201-1000,Product enquiry,15.74,2,0,synthetic_demo
L010817,2025-09-06,Technology,1-50,Product enquiry,14.38,2,0,synthetic_demo
L008914,2025-09-06,Retail,201-1000,Price quote,14.49,2,0,synthetic_demo
L003905,2025-09-06,Retail,201-1000,Bulk order,21.73,1,0,synthetic_demo
L009417,2025-09-06,Retail,201-1000,Price quote,6.33,0,0,synthetic_demo
L005590,2025-09-06,Healthcare,1-50,Bulk order,1.07,1,1,synthetic_demo
L004659,2025-09-06,Healthcare,201-1000,Price quote,20.44,2,1,synthetic_demo
L000617,2025-09-06,Technology,51-200,Supplier request,3.08,5,0,synthetic_demo
L003613,2025-09-06,Healthcare,51-200,Product enquiry,5.35,0,0,synthetic_demo
L006189,2025-09-06,Healthcare,51-200,Supplier request,6.42,1,0,synthetic_demo
L009987,2025-09-06,Technology,1-50,Price quote,5.47,3,0,synthetic_demo
L005007,2025-09-06,Technology,201-1000,Price quote,10.53,2,0,synthetic_demo
L001097,2025-09-06,Manufacturing,1-50,Supplier request,8.54,4,1,synthetic_demo
L003021,2025-09-06,Retail,201-1000,Bulk order,12.51,1,0,synthetic_demo
L004003,2025-09-06,Construction,1-50,Supplier request,6.83,3,0,synthetic_demo
L003581,2025-09-06,Technology,1-50,Price quote,3.24,1,0,synthetic_demo
L001509,2025-09-06,Manufacturing,1-50,Price quote,5.48,3,0,synthetic_demo
L009515,2025-09-06,Manufacturing,51-200,Bulk order,5.15,3,0,synthetic_demo
L001170,2025-09-06,Manufacturing,1-50,Product enquiry,19.53,5,0,synthetic_demo
L000457,2025-09-06,Construction,1-50,Price quote,7.94,3,1,synthetic_demo
L001301,2025-09-06,Manufacturing,201-1000,Supplier request,1.44,3,0,synthetic_demo
L005046,2025-09-06,Construction,1001+,Price quote,10.37,2,0,synthetic_demo
L008668,2025-09-06,Technology,1001+,Bulk order,21.22,1,0,synthetic_demo
L000568,2025-09-06,Manufacturing,51-200,Supplier request,13.6,2,0,synthetic_demo
L010570,2025-09-06,Construction,51-200,Product enquiry,9.64,2,0,synthetic_demo
L007057,2025-09-06,Construction,51-200,Product enquiry,38.4,2,0,synthetic_demo
L000502,2025-09-06,Construction,1-50,Bulk order,8.85,2,0,synthetic_demo
L008934,2025-09-07,Construction,1001+,Price quote,8.74,1,0,synthetic_demo
L009591,2025-09-07,Technology,51-200,Product enquiry,9.64,1,0,synthetic_demo
L004127,2025-09-07,Healthcare,1001+,Price quote,2.71,3,1,synthetic_demo
L001544,2025-09-07,Manufacturing,1-50,Product enquiry,1.81,5,0,synthetic_demo
L007706,2025-09-07,Healthcare,51-200,Product enquiry,6.33,2,0,synthetic_demo
L006627,2025-09-07,Healthcare,51-200,Product enquiry,9.87,2,0,synthetic_demo
L003269,2025-09-07,Construction,1-50,Price quote,1.9,0,0,synthetic_demo
L004084,2025-09-07,Retail,201-1000,Supplier request,0.98,3,1,synthetic_demo
L007301,2025-09-07,Retail,201-1000,Product enquiry,6.19,3,1,synthetic_demo
L000716,2025-09-07,Manufacturing,1-50,Supplier request,8.87,0,0,synthetic_demo
L006773,2025-09-07,Retail,1-50,Product enquiry,6.72,3,0,synthetic_demo
L010311,2025-09-07,Manufacturing,201-1000,Bulk order,15.52,1,0,synthetic_demo
L005104,2025-09-07,Healthcare,1001+,Supplier request,11.63,5,0,synthetic_demo
L008689,2025-09-07,Manufacturing,201-1000,Price quote,7.41,2,0,synthetic_demo
L005295,2025-09-07,Technology,1-50,Price quote,6.31,2,0,synthetic_demo
L001302,2025-09-07,Healthcare,1001+,Supplier request,3.72,0,0,synthetic_demo
L006166,2025-09-07,Technology,1-50,Bulk order,22.06,4,0,synthetic_demo
L005774,2025-09-07,Healthcare,1-50,Supplier request,5.05,1,0,synthetic_demo
L003978,2025-09-07,Manufacturing,1001+,Supplier request,10.93,3,0,synthetic_demo
L007451,2025-09-07,Manufacturing,201-1000,Supplier request,8.19,4,0,synthetic_demo
L008511,2025-09-07,Retail,1-50,Price quote,21.04,5,0,synthetic_demo
L010529,2025-09-07,Manufacturing,1-50,Price quote,3.54,1,0,synthetic_demo
L005721,2025-09-07,Technology,201-1000,Supplier request,4.95,0,0,synthetic_demo
L000060,2025-09-07,Manufacturing,51-200,Price quote,4.25,2,0,synthetic_demo
L001634,2025-09-07,Technology,1-50,Price quote,1.89,8,0,synthetic_demo
L002862,2025-09-07,Healthcare,201-1000,Price quote,5.69,1,1,synthetic_demo
L010835,2025-09-07,Retail,1001+,Price quote,0.8,3,1,synthetic_demo
L011555,2025-09-07,Technology,201-1000,Price quote,2.8,4,0,synthetic_demo
L002031,2025-09-07,Manufacturing,51-200,Supplier request,13.66,2,0,synthetic_demo
L007165,2025-09-07,Construction,201-1000,Product enquiry,30.52,0,0,synthetic_demo
L006015,2025-09-07,Manufacturing,1-50,Supplier request,19.08,1,0,synthetic_demo
L000703,2025-09-07,Manufacturing,201-1000,Product enquiry,29.22,2,1,synthetic_demo
L008478,2025-09-07,Retail,201-1000,Bulk order,7.43,1,0,synthetic_demo
L006485,2025-09-07,Construction,201-1000,Product enquiry,8.9,1,1,synthetic_demo
L010703,2025-09-07,Manufacturing,1-50,Product enquiry,21.56,5,0,synthetic_demo
L004315,2025-09-07,Manufacturing,1-50,Price quote,10.06,3,0,synthetic_demo
L000097,2025-09-07,Retail,51-200,Price quote,3.48,1,0,synthetic_demo
L008227,2025-09-07,Technology,201-1000,Price quote,16.24,3,0,synthetic_demo
L009661,2025-09-07,Retail,51-200,Price quote,6.56,0,0,synthetic_demo
L008408,2025-09-07,Technology,201-1000,Supplier request,13.63,0,0,synthetic_demo
L011815,2025-09-07,Retail,51-200,Supplier request,29.67,2,0,synthetic_demo
L003764,2025-09-07,Manufacturing,51-200,Price quote,9.06,3,0,synthetic_demo
L003165,2025-09-07,Healthcare,51-200,Product enquiry,5.87,3,0,synthetic_demo
L003227,2025-09-07,Technology,51-200,Product enquiry,13.55,1,0,synthetic_demo
L002689,2025-09-07,Manufacturing,201-1000,Bulk order,17.58,3,1,synthetic_demo
L003786,2025-09-08,Construction,1-50,Price quote,7.67,2,0,synthetic_demo
L005913,2025-09-08,Healthcare,1-50,Product enquiry,23.09,4,0,synthetic_demo
L005897,2025-09-08,Manufacturing,1001+,Bulk order,15.75,1,0,synthetic_demo
L009228,2025-09-08,Technology,1-50,Price quote,24.68,2,0,synthetic_demo
L000350,2025-09-08,Manufacturing,1-50,Bulk order,15.77,2,0,synthetic_demo
L003797,2025-09-08,Healthcare,1-50,Price quote,15.61,1,0,synthetic_demo
L006130,2025-09-08,Manufacturing,51-200,Supplier request,12.38,2,0,synthetic_demo
L009862,2025-09-08,Healthcare,201-1000,Bulk order,8.39,0,0,synthetic_demo
L006432,2025-09-08,Retail,51-200,Supplier request,9.18,0,0,synthetic_demo
L002769,2025-09-08,Technology,1-50,Product enquiry,26.44,2,0,synthetic_demo
L010831,2025-09-08,Technology,201-1000,Product enquiry,7.86,1,0,synthetic_demo
L003237,2025-09-08,Construction,201-1000,Bulk order,13.65,3,1,synthetic_demo
L008007,2025-09-08,Healthcare,201-1000,Price quote,29.47,2,0,synthetic_demo
L007966,2025-09-08,Technology,201-1000,Product enquiry,16.82,5,1,synthetic_demo
L010607,2025-09-08,Retail,1-50,Bulk order,7.59,1,0,synthetic_demo
L009370,2025-09-08,Technology,1001+,Product enquiry,7.84,3,0,synthetic_demo
L010901,2025-09-08,Manufacturing,1-50,Bulk order,2.31,0,0,synthetic_demo
L000531,2025-09-08,Technology,1-50,Supplier request,13.26,3,0,synthetic_demo
L003887,2025-09-08,Construction,1001+,Bulk order,7.41,2,0,synthetic_demo
L010494,2025-09-08,Retail,51-200,Product enquiry,19.49,1,0,synthetic_demo
L002933,2025-09-08,Healthcare,201-1000,Price quote,31.31,1,0,synthetic_demo
L002474,2025-09-08,Healthcare,1-50,Bulk order,13.73,2,0,synthetic_demo
L003385,2025-09-08,Manufacturing,1-50,Price quote,30.93,3,0,synthetic_demo
L000907,2025-09-08,Healthcare,201-1000,Product enquiry,9.88,1,0,synthetic_demo
L009552,2025-09-08,Manufacturing,201-1000,Supplier request,12.43,3,0,synthetic_demo
L005686,2025-09-08,Manufacturing,51-200,Product enquiry,8.43,3,0,synthetic_demo
L000242,2025-09-08,Technology,1-50,Product enquiry,7.08,2,0,synthetic_demo
L008918,2025-09-08,Manufacturing,1-50,Product enquiry,10.94,0,0,synthetic_demo
L007597,2025-09-08,Retail,51-200,Supplier request,14.2,1,0,synthetic_demo
L007129,2025-09-08,Construction,1-50,Product enquiry,25.18,0,0,synthetic_demo
L008742,2025-09-08,Technology,1001+,Price quote,10.37,2,0,synthetic_demo
L004387,2025-09-08,Retail,1-50,Product enquiry,7.53,4,0,synthetic_demo
L001935,2025-09-08,Technology,201-1000,Price quote,5.12,1,0,synthetic_demo
L011382,2025-09-08,Manufacturing,201-1000,Product enquiry,7.28,3,0,synthetic_demo
L005316,2025-09-08,Retail,1001+,Product enquiry,12.78,2,0,synthetic_demo
L005328,2025-09-08,Construction,51-200,Price quote,10.18,2,1,synthetic_demo
L001186,2025-09-08,Technology,1-50,Price quote,25.27,2,0,synthetic_demo
L002176,2025-09-08,Healthcare,51-200,Product enquiry,15.39,2,0,synthetic_demo
L002086,2025-09-08,Manufacturing,51-200,Product enquiry,29.32,4,0,synthetic_demo
L008886,2025-09-08,Manufacturing,51-200,Product enquiry,7.17,2,0,synthetic_demo
L005738,2025-09-08,Technology,201-1000,Product enquiry,9.63,4,0,synthetic_demo
L008174,2025-09-08,Healthcare,51-200,Product enquiry,5.2,2,0,synthetic_demo
L001422,2025-09-08,Retail,201-1000,Price quote,4.93,1,0,synthetic_demo
L005570,2025-09-08,Construction,201-1000,Supplier request,10.66,3,0,synthetic_demo
L008539,2025-09-09,Manufacturing,51-200,Supplier request,6.85,2,0,synthetic_demo
L007190,2025-09-09,Technology,51-200,Supplier request,9.08,3,0,synthetic_demo
L006975,2025-09-09,Healthcare,51-200,Product enquiry,4.18,4,1,synthetic_demo
L003703,2025-09-09,Healthcare,51-200,Supplier request,39.28,2,0,synthetic_demo
L008055,2025-09-09,Construction,201-1000,Product enquiry,3.59,2,0,synthetic_demo
L000678,2025-09-09,Healthcare,201-1000,Price quote,20.13,3,0,synthetic_demo
L006390,2025-09-09,Manufacturing,201-1000,Product enquiry,5.16,1,1,synthetic_demo
L000364,2025-09-09,Manufacturing,201-1000,Product enquiry,10.83,3,0,synthetic_demo
L004080,2025-09-09,Retail,1-50,Price quote,17.77,4,0,synthetic_demo
L004490,2025-09-09,Healthcare,51-200,Price quote,31.16,1,0,synthetic_demo
L010051,2025-09-09,Manufacturing,201-1000,Price quote,3.35,1,1,synthetic_demo
L008592,2025-09-09,Manufacturing,51-200,Bulk order,18.66,1,0,synthetic_demo
L001613,2025-09-09,Technology,51-200,Price quote,9.39,1,0,synthetic_demo
L001496,2025-09-09,Healthcare,51-200,Product enquiry,5.86,2,0,synthetic_demo
L003951,2025-09-09,Retail,51-200,Bulk order,16.62,4,0,synthetic_demo
L006673,2025-09-09,Healthcare,1-50,Price quote,9.65,3,0,synthetic_demo
L003247,2025-09-09,Retail,201-1000,Product enquiry,14.59,2,0,synthetic_demo
L011769,2025-09-09,Manufacturing,51-200,Product enquiry,18.8,3,0,synthetic_demo
L003384,2025-09-09,Healthcare,201-1000,Price quote,5.84,2,0,synthetic_demo
L011644,2025-09-09,Healthcare,1-50,Product enquiry,12.87,4,1,synthetic_demo
L009991,2025-09-09,Retail,1-50,Supplier request,9.63,1,1,synthetic_demo
L006090,2025-09-09,Technology,51-200,Bulk order,6.35,2,0,synthetic_demo
L001195,2025-09-09,Construction,51-200,Price quote,11.42,3,0,synthetic_demo
L001192,2025-09-09,Retail,1001+,Product enquiry,6.87,1,0,synthetic_demo
L003987,2025-09-09,Manufacturing,201-1000,Supplier request,6.98,3,1,synthetic_demo
L011648,2025-09-09,Retail,1001+,Bulk order,15.87,3,0,synthetic_demo
L009617,2025-09-10,Manufacturing,1-50,Product enquiry,10.15,0,0,synthetic_demo
L004303,2025-09-10,Construction,51-200,Bulk order,2.99,2,1,synthetic_demo
L007401,2025-09-10,Healthcare,201-1000,Price quote,10.94,2,0,synthetic_demo
L011145,2025-09-10,Manufacturing,201-1000,Bulk order,5.05,3,1,synthetic_demo
L002034,2025-09-10,Retail,51-200,Supplier request,9.09,3,0,synthetic_demo
L003706,2025-09-10,Manufacturing,1-50,Bulk order,17.27,3,0,synthetic_demo
L011438,2025-09-10,Manufacturing,51-200,Product enquiry,15.0,4,0,synthetic_demo
L006461,2025-09-10,Manufacturing,1-50,Price quote,19.0,2,0,synthetic_demo
L003373,2025-09-10,Construction,1001+,Supplier request,14.26,2,0,synthetic_demo
L008303,2025-09-10,Manufacturing,51-200,Product enquiry,7.52,1,1,synthetic_demo
L010490,2025-09-10,Healthcare,201-1000,Bulk order,14.9,1,0,synthetic_demo
L008449,2025-09-10,Manufacturing,201-1000,Supplier request,8.5,3,0,synthetic_demo
L000461,2025-09-10,Healthcare,201-1000,Supplier request,10.98,2,0,synthetic_demo
L010615,2025-09-10,Healthcare,201-1000,Bulk order,6.39,2,1,synthetic_demo
L011234,2025-09-10,Technology,51-200,Product enquiry,13.52,2,0,synthetic_demo
L001140,2025-09-10,Technology,201-1000,Price quote,8.94,2,0,synthetic_demo
L007185,2025-09-10,Manufacturing,1001+,Price quote,3.02,3,1,synthetic_demo
L007267,2025-09-10,Retail,1001+,Bulk order,18.37,2,0,synthetic_demo
L004868,2025-09-10,Manufacturing,51-200,Bulk order,10.21,4,0,synthetic_demo
L000067,2025-09-10,Healthcare,1-50,Supplier request,5.42,0,0,synthetic_demo
L011747,2025-09-10,Retail,51-200,Bulk order,7.54,4,0,synthetic_demo
L000580,2025-09-10,Retail,51-200,Price quote,4.82,3,1,synthetic_demo
L002110,2025-09-10,Manufacturing,201-1000,Product enquiry,3.26,2,0,synthetic_demo
L010487,2025-09-10,Manufacturing,1-50,Bulk order,6.26,2,0,synthetic_demo
L000428,2025-09-10,Technology,1001+,Bulk order,12.1,2,0,synthetic_demo
L007884,2025-09-10,Technology,51-200,Product enquiry,0.35,1,0,synthetic_demo
L000184,2025-09-10,Retail,201-1000,Price quote,20.67,7,0,synthetic_demo
L010287,2025-09-10,Construction,201-1000,Price quote,21.77,0,0,synthetic_demo
L000913,2025-09-10,Construction,1-50,Bulk order,6.08,0,1,synthetic_demo
L002551,2025-09-10,Healthcare,1-50,Bulk order,10.05,1,0,synthetic_demo
L005795,2025-09-10,Technology,201-1000,Bulk order,2.52,3,1,synthetic_demo
L000811,2025-09-10,Manufacturing,201-1000,Price quote,8.23,1,0,synthetic_demo
L005665,2025-09-10,Manufacturing,1-50,Price quote,17.11,0,0,synthetic_demo
L011067,2025-09-10,Construction,51-200,Price quote,1.88,4,1,synthetic_demo
L000964,2025-09-10,Manufacturing,201-1000,Bulk order,3.96,2,1,synthetic_demo
L009057,2025-09-10,Healthcare,201-1000,Price quote,1.28,1,0,synthetic_demo
L011454,2025-09-10,Manufacturing,201-1000,Price quote,15.74,2,0,synthetic_demo
L006524,2025-09-10,Manufacturing,1-50,Price quote,15.0,2,0,synthetic_demo
L007655,2025-09-11,Manufacturing,51-200,Price quote,9.73,2,0,synthetic_demo
L003831,2025-09-11,Retail,201-1000,Price quote,10.71,5,0,synthetic_demo
L009338,2025-09-11,Healthcare,51-200,Price quote,22.5,0,0,synthetic_demo
L010696,2025-09-11,Manufacturing,51-200,Supplier request,0.86,2,0,synthetic_demo
L000034,2025-09-11,Retail,1-50,Bulk order,24.31,1,0,synthetic_demo
L008494,2025-09-11,Construction,1001+,Product enquiry,5.75,4,0,synthetic_demo
L006070,2025-09-11,Manufacturing,1-50,Bulk order,5.08,0,0,synthetic_demo
L003778,2025-09-11,Manufacturing,1001+,Product enquiry,44.52,3,0,synthetic_demo
L011489,2025-09-11,Manufacturing,51-200,Product enquiry,12.8,3,1,synthetic_demo
L008061,2025-09-11,Healthcare,201-1000,Supplier request,13.07,1,1,synthetic_demo
L010092,2025-09-11,Manufacturing,1001+,Supplier request,1.82,2,1,synthetic_demo
L005370,2025-09-11,Retail,1-50,Product enquiry,18.79,1,0,synthetic_demo
L010430,2025-09-11,Healthcare,201-1000,Product enquiry,3.89,3,0,synthetic_demo
L005462,2025-09-11,Manufacturing,1-50,Price quote,11.13,1,0,synthetic_demo
L003924,2025-09-11,Construction,51-200,Price quote,6.33,3,0,synthetic_demo
L005867,2025-09-11,Technology,1-50,Bulk order,6.47,2,0,synthetic_demo
L005162,2025-09-11,Construction,201-1000,Price quote,13.05,2,0,synthetic_demo
L001971,2025-09-11,Retail,201-1000,Product enquiry,6.43,1,0,synthetic_demo
L007548,2025-09-11,Manufacturing,51-200,Bulk order,13.45,7,0,synthetic_demo
L000700,2025-09-11,Retail,51-200,Price quote,3.05,1,0,synthetic_demo
L008973,2025-09-11,Technology,51-200,Product enquiry,4.95,2,0,synthetic_demo
L010774,2025-09-11,Healthcare,1-50,Price quote,15.06,1,0,synthetic_demo
L008783,2025-09-11,Construction,1001+,Price quote,4.5,1,0,synthetic_demo
L009559,2025-09-11,Healthcare,201-1000,Bulk order,4.25,1,1,synthetic_demo
L008576,2025-09-11,Healthcare,1-50,Supplier request,12.03,3,0,synthetic_demo
L008773,2025-09-11,Technology,201-1000,Supplier request,5.2,1,0,synthetic_demo
L001303,2025-09-11,Technology,1001+,Supplier request,4.18,1,0,synthetic_demo
L007407,2025-09-11,Construction,201-1000,Bulk order,4.26,0,0,synthetic_demo
L010156,2025-09-11,Retail,1-50,Price quote,2.24,0,0,synthetic_demo
L004036,2025-09-11,Retail,201-1000,Product enquiry,11.48,0,0,synthetic_demo
L002416,2025-09-11,Manufacturing,51-200,Price quote,17.86,4,0,synthetic_demo
L004716,2025-09-11,Manufacturing,1-50,Product enquiry,20.27,5,1,synthetic_demo
L005453,2025-09-12,Technology,1001+,Supplier request,18.25,3,1,synthetic_demo
L005250,2025-09-12,Technology,201-1000,Product enquiry,6.23,1,0,synthetic_demo
L003519,2025-09-12,Healthcare,1-50,Price quote,3.38,2,1,synthetic_demo
L008947,2025-09-12,Manufacturing,51-200,Price quote,2.34,2,0,synthetic_demo
L000806,2025-09-12,Manufacturing,1-50,Price quote,9.26,4,0,synthetic_demo
L009374,2025-09-12,Construction,1-50,Bulk order,1.74,1,0,synthetic_demo
L000406,2025-09-12,Construction,201-1000,Product enquiry,12.5,0,0,synthetic_demo
L000565,2025-09-12,Healthcare,51-200,Supplier request,14.26,1,0,synthetic_demo
L009272,2025-09-12,Technology,1001+,Price quote,13.6,5,1,synthetic_demo
L002668,2025-09-12,Manufacturing,201-1000,Price quote,7.77,3,0,synthetic_demo
L008764,2025-09-12,Technology,1001+,Product enquiry,13.67,2,0,synthetic_demo
L007246,2025-09-12,Construction,1-50,Price quote,23.35,4,0,synthetic_demo
L008414,2025-09-12,Retail,1001+,Supplier request,7.39,3,0,synthetic_demo
L008817,2025-09-12,Construction,201-1000,Bulk order,5.11,0,0,synthetic_demo
L003108,2025-09-12,Healthcare,1-50,Product enquiry,9.82,2,0,synthetic_demo
L009063,2025-09-12,Retail,51-200,Bulk order,4.65,1,0,synthetic_demo
L006195,2025-09-12,Manufacturing,1-50,Product enquiry,2.84,1,0,synthetic_demo
L004813,2025-09-12,Healthcare,201-1000,Product enquiry,9.44,3,0,synthetic_demo
L004045,2025-09-12,Retail,201-1000,Product enquiry,14.3,1,0,synthetic_demo
L003777,2025-09-12,Technology,1-50,Price quote,16.36,0,0,synthetic_demo
L007332,2025-09-12,Construction,201-1000,Price quote,7.19,2,0,synthetic_demo
L000380,2025-09-12,Technology,1-50,Bulk order,5.76,1,1,synthetic_demo
L000138,2025-09-12,Retail,201-1000,Price quote,11.65,2,0,synthetic_demo
L000160,2025-09-12,Technology,1001+,Price quote,9.22,4,0,synthetic_demo
L010098,2025-09-12,Construction,1001+,Price quote,6.3,1,1,synthetic_demo
L003846,2025-09-12,Healthcare,51-200,Price quote,6.52,2,0,synthetic_demo
L008823,2025-09-12,Healthcare,201-1000,Bulk order,12.54,0,0,synthetic_demo
L007662,2025-09-12,Construction,1001+,Price quote,19.69,2,0,synthetic_demo
L006541,2025-09-12,Construction,201-1000,Supplier request,11.48,2,0,synthetic_demo
L001339,2025-09-12,Construction,201-1000,Price quote,2.43,2,0,synthetic_demo
L010787,2025-09-12,Technology,51-200,Supplier request,4.51,4,0,synthetic_demo
L006127,2025-09-13,Manufacturing,51-200,Product enquiry,24.82,1,0,synthetic_demo
L002556,2025-09-13,Technology,201-1000,Supplier request,4.02,3,1,synthetic_demo
L007341,2025-09-13,Healthcare,201-1000,Supplier request,27.4,2,0,synthetic_demo
L001278,2025-09-13,Manufacturing,1001+,Price quote,15.4,3,0,synthetic_demo
L010985,2025-09-13,Technology,1001+,Price quote,12.29,1,0,synthetic_demo
L010984,2025-09-13,Manufacturing,201-1000,Product enquiry,7.07,0,0,synthetic_demo
L009867,2025-09-13,Manufacturing,201-1000,Product enquiry,46.69,3,1,synthetic_demo
L006119,2025-09-13,Construction,51-200,Product enquiry,7.4,6,1,synthetic_demo
L004251,2025-09-13,Retail,1-50,Product enquiry,38.05,3,0,synthetic_demo
L004227,2025-09-13,Healthcare,1001+,Price quote,14.18,2,0,synthetic_demo
L011818,2025-09-13,Manufacturing,1-50,Price quote,11.58,3,0,synthetic_demo
L009273,2025-09-13,Construction,201-1000,Product enquiry,15.8,6,0,synthetic_demo
L002673,2025-09-13,Retail,51-200,Price quote,10.59,1,1,synthetic_demo
L005898,2025-09-13,Technology,1-50,Price quote,1.73,1,0,synthetic_demo
L008177,2025-09-13,Healthcare,201-1000,Price quote,2.8,1,0,synthetic_demo
L011612,2025-09-13,Healthcare,1-50,Supplier request,7.8,1,0,synthetic_demo
L010435,2025-09-13,Retail,51-200,Price quote,7.44,6,0,synthetic_demo
L002196,2025-09-13,Technology,201-1000,Bulk order,4.42,3,0,synthetic_demo
L006998,2025-09-13,Retail,51-200,Bulk order,1.48,5,1,synthetic_demo
L002047,2025-09-13,Retail,1001+,Product enquiry,30.23,0,0,synthetic_demo
L011158,2025-09-13,Construction,51-200,Product enquiry,9.81,2,0,synthetic_demo
L010853,2025-09-13,Healthcare,51-200,Supplier request,4.04,2,0,synthetic_demo
L005949,2025-09-13,Retail,1-50,Product enquiry,14.12,3,0,synthetic_demo
L011156,2025-09-14,Manufacturing,201-1000,Supplier request,6.15,4,0,synthetic_demo
L009204,2025-09-14,Retail,51-200,Price quote,10.91,2,0,synthetic_demo
L003937,2025-09-14,Retail,1001+,Product enquiry,8.02,0,0,synthetic_demo
L000249,2025-09-14,Retail,51-200,Supplier request,5.37,2,0,synthetic_demo
L004915,2025-09-14,Retail,201-1000,Product enquiry,3.0,3,0,synthetic_demo
L008657,2025-09-14,Manufacturing,201-1000,Price quote,5.74,2,0,synthetic_demo
L000276,2025-09-14,Retail,51-200,Supplier request,7.35,0,0,synthetic_demo
L005637,2025-09-14,Manufacturing,1-50,Bulk order,5.57,0,0,synthetic_demo
L006102,2025-09-14,Manufacturing,201-1000,Supplier request,11.03,1,0,synthetic_demo
L006180,2025-09-14,Retail,201-1000,Product enquiry,5.64,2,0,synthetic_demo
L007421,2025-09-14,Manufacturing,201-1000,Product enquiry,25.8,3,0,synthetic_demo
L006920,2025-09-14,Healthcare,51-200,Price quote,2.09,2,0,synthetic_demo
L000692,2025-09-14,Construction,51-200,Product enquiry,5.13,1,0,synthetic_demo
L001352,2025-09-14,Technology,1001+,Product enquiry,7.03,2,0,synthetic_demo
L006701,2025-09-14,Manufacturing,51-200,Bulk order,21.03,2,0,synthetic_demo
L002519,2025-09-14,Healthcare,1-50,Price quote,14.12,3,0,synthetic_demo
L006511,2025-09-14,Technology,51-200,Bulk order,33.11,2,0,synthetic_demo
L011649,2025-09-14,Retail,1-50,Price quote,20.73,0,0,synthetic_demo
L005944,2025-09-14,Technology,1-50,Product enquiry,9.14,3,0,synthetic_demo
L008738,2025-09-14,Retail,51-200,Bulk order,2.51,2,0,synthetic_demo
L002710,2025-09-14,Healthcare,201-1000,Price quote,9.26,3,0,synthetic_demo
L003900,2025-09-14,Manufacturing,51-200,Product enquiry,16.32,3,0,synthetic_demo
L008772,2025-09-14,Construction,1-50,Product enquiry,7.79,3,1,synthetic_demo
L004169,2025-09-14,Healthcare,1-50,Product enquiry,18.38,1,0,synthetic_demo
L002136,2025-09-14,Healthcare,51-200,Product enquiry,14.42,1,1,synthetic_demo
L001822,2025-09-14,Healthcare,1001+,Bulk order,10.84,3,1,synthetic_demo
L007721,2025-09-14,Manufacturing,51-200,Product enquiry,13.35,3,0,synthetic_demo
L006378,2025-09-14,Construction,51-200,Price quote,9.02,3,0,synthetic_demo
L007175,2025-09-14,Retail,1001+,Price quote,0.63,3,0,synthetic_demo
L003926,2025-09-14,Healthcare,201-1000,Product enquiry,6.56,3,1,synthetic_demo
L006800,2025-09-14,Manufacturing,51-200,Price quote,1.72,4,1,synthetic_demo
L011023,2025-09-14,Construction,201-1000,Bulk order,6.2,1,0,synthetic_demo
L000418,2025-09-14,Technology,1-50,Product enquiry,9.08,2,0,synthetic_demo
L005701,2025-09-14,Technology,201-1000,Price quote,10.77,1,0,synthetic_demo
L001686,2025-09-14,Manufacturing,1-50,Bulk order,21.7,4,0,synthetic_demo
L006590,2025-09-14,Healthcare,1-50,Price quote,7.93,0,0,synthetic_demo
L010618,2025-09-14,Technology,51-200,Bulk order,10.59,2,0,synthetic_demo
L005446,2025-09-14,Retail,51-200,Product enquiry,4.71,1,0,synthetic_demo
L002996,2025-09-15,Retail,1001+,Price quote,8.92,3,0,synthetic_demo
L002139,2025-09-15,Technology,1-50,Supplier request,9.66,2,0,synthetic_demo
L003143,2025-09-15,Construction,1-50,Price quote,13.57,5,0,synthetic_demo
L011437,2025-09-15,Retail,1-50,Supplier request,7.24,3,0,synthetic_demo
L008575,2025-09-15,Construction,51-200,Product enquiry,9.36,2,0,synthetic_demo
L003184,2025-09-15,Manufacturing,51-200,Price quote,12.42,3,0,synthetic_demo
L007192,2025-09-15,Retail,51-200,Bulk order,16.93,2,0,synthetic_demo
L006909,2025-09-15,Construction,1-50,Bulk order,15.38,1,0,synthetic_demo
L000534,2025-09-15,Healthcare,51-200,Price quote,9.51,3,0,synthetic_demo
L011390,2025-09-15,Retail,201-1000,Supplier request,5.67,4,0,synthetic_demo
L009714,2025-09-15,Technology,51-200,Product enquiry,14.03,3,0,synthetic_demo
L001093,2025-09-15,Retail,51-200,Bulk order,9.11,5,0,synthetic_demo
L002943,2025-09-15,Technology,201-1000,Product enquiry,1.75,2,1,synthetic_demo
L001498,2025-09-15,Healthcare,51-200,Price quote,12.9,1,0,synthetic_demo
L011071,2025-09-15,Construction,201-1000,Price quote,5.36,1,0,synthetic_demo
L011185,2025-09-15,Manufacturing,201-1000,Price quote,10.14,2,0,synthetic_demo
L001869,2025-09-15,Healthcare,1-50,Bulk order,8.11,0,0,synthetic_demo
L001152,2025-09-15,Construction,201-1000,Product enquiry,16.98,1,0,synthetic_demo
L006322,2025-09-15,Retail,51-200,Price quote,11.55,2,0,synthetic_demo
L008456,2025-09-15,Manufacturing,201-1000,Bulk order,4.55,1,0,synthetic_demo
L004242,2025-09-15,Technology,1001+,Product enquiry,24.25,3,0,synthetic_demo
L010366,2025-09-15,Manufacturing,1-50,Price quote,24.42,2,0,synthetic_demo
L010496,2025-09-15,Construction,201-1000,Supplier request,13.2,2,0,synthetic_demo
L010464,2025-09-15,Technology,201-1000,Price quote,7.68,2,0,synthetic_demo
L004504,2025-09-15,Retail,201-1000,Price quote,12.26,3,0,synthetic_demo
L010472,2025-09-15,Healthcare,1-50,Product enquiry,5.64,3,0,synthetic_demo
L004143,2025-09-15,Manufacturing,1-50,Supplier request,18.12,4,0,synthetic_demo
L004146,2025-09-15,Manufacturing,1-50,Price quote,8.47,3,0,synthetic_demo
L000445,2025-09-15,Retail,51-200,Supplier request,14.02,0,0,synthetic_demo
L004038,2025-09-15,Technology,51-200,Bulk order,10.03,1,0,synthetic_demo
L010367,2025-09-15,Technology,51-200,Price quote,8.51,1,0,synthetic_demo
L008315,2025-09-15,Manufacturing,1001+,Bulk order,32.78,3,0,synthetic_demo
L006406,2025-09-16,Technology,201-1000,Product enquiry,17.65,3,0,synthetic_demo
L009602,2025-09-16,Manufacturing,51-200,Price quote,9.05,0,0,synthetic_demo
L007701,2025-09-16,Manufacturing,1-50,Product enquiry,12.09,3,0,synthetic_demo
L008779,2025-09-16,Construction,51-200,Price quote,9.5,1,0,synthetic_demo
L009504,2025-09-16,Manufacturing,201-1000,Price quote,29.41,4,0,synthetic_demo
L004743,2025-09-16,Technology,1001+,Product enquiry,5.08,2,0,synthetic_demo
L009895,2025-09-16,Healthcare,1001+,Supplier request,14.17,1,0,synthetic_demo
L011536,2025-09-16,Manufacturing,201-1000,Product enquiry,19.67,0,0,synthetic_demo
L006059,2025-09-16,Technology,201-1000,Product enquiry,18.32,5,1,synthetic_demo
L008406,2025-09-16,Technology,1001+,Price quote,19.04,1,0,synthetic_demo
L007940,2025-09-16,Healthcare,51-200,Price quote,6.74,1,0,synthetic_demo
L005597,2025-09-16,Construction,1-50,Price quote,7.49,2,0,synthetic_demo
L007717,2025-09-16,Healthcare,201-1000,Supplier request,13.81,3,0,synthetic_demo
L011027,2025-09-16,Manufacturing,1-50,Price quote,6.36,0,1,synthetic_demo
L011026,2025-09-16,Technology,1-50,Price quote,11.98,1,0,synthetic_demo
L010457,2025-09-16,Healthcare,1-50,Bulk order,8.87,2,1,synthetic_demo
L010250,2025-09-16,Construction,201-1000,Bulk order,15.42,0,0,synthetic_demo
L010033,2025-09-16,Technology,201-1000,Bulk order,4.03,3,1,synthetic_demo
L007982,2025-09-16,Construction,51-200,Price quote,8.49,2,0,synthetic_demo
L006502,2025-09-16,Retail,201-1000,Product enquiry,15.35,0,0,synthetic_demo
L004993,2025-09-16,Technology,201-1000,Bulk order,8.93,2,0,synthetic_demo
L010208,2025-09-16,Manufacturing,201-1000,Bulk order,6.58,1,0,synthetic_demo
L009984,2025-09-16,Healthcare,201-1000,Price quote,19.18,1,0,synthetic_demo
L008240,2025-09-16,Retail,51-200,Product enquiry,4.37,0,0,synthetic_demo
L006728,2025-09-16,Retail,1-50,Bulk order,5.64,3,0,synthetic_demo
L011592,2025-09-16,Manufacturing,201-1000,Product enquiry,5.43,6,1,synthetic_demo
L006704,2025-09-16,Manufacturing,1-50,Bulk order,10.08,1,0,synthetic_demo
L003010,2025-09-16,Technology,51-200,Price quote,15.09,5,0,synthetic_demo
L009746,2025-09-16,Technology,1001+,Price quote,7.66,1,0,synthetic_demo
L004032,2025-09-16,Retail,201-1000,Product enquiry,4.33,2,0,synthetic_demo
L003938,2025-09-16,Healthcare,51-200,Bulk order,0.16,2,0,synthetic_demo
L010550,2025-09-16,Healthcare,51-200,Supplier request,9.61,1,0,synthetic_demo
L011520,2025-09-16,Healthcare,51-200,Product enquiry,20.95,4,0,synthetic_demo
L005418,2025-09-16,Construction,201-1000,Price quote,9.7,1,1,synthetic_demo
L006893,2025-09-16,Manufacturing,201-1000,Bulk order,11.55,2,0,synthetic_demo
L000233,2025-09-17,Construction,1-50,Bulk order,12.06,2,0,synthetic_demo
L007024,2025-09-17,Retail,51-200,Supplier request,1.67,1,0,synthetic_demo
L003169,2025-09-17,Manufacturing,1-50,Supplier request,10.08,3,0,synthetic_demo
L011136,2025-09-17,Construction,51-200,Bulk order,29.34,3,0,synthetic_demo
L000438,2025-09-17,Healthcare,1-50,Product enquiry,3.79,2,0,synthetic_demo
L003666,2025-09-17,Retail,201-1000,Price quote,18.15,2,0,synthetic_demo
L003164,2025-09-17,Technology,51-200,Supplier request,16.9,2,0,synthetic_demo
L002074,2025-09-17,Construction,51-200,Supplier request,12.52,4,0,synthetic_demo
L003537,2025-09-17,Manufacturing,51-200,Product enquiry,15.83,2,0,synthetic_demo
L000614,2025-09-17,Construction,201-1000,Product enquiry,12.9,2,0,synthetic_demo
L000366,2025-09-17,Retail,1001+,Product enquiry,10.83,3,0,synthetic_demo
L008426,2025-09-17,Healthcare,201-1000,Product enquiry,7.72,6,0,synthetic_demo
L004884,2025-09-17,Retail,1-50,Price quote,18.43,1,0,synthetic_demo
L003736,2025-09-17,Construction,201-1000,Price quote,4.55,3,1,synthetic_demo
L008719,2025-09-17,Healthcare,1001+,Bulk order,3.89,3,1,synthetic_demo
L011661,2025-09-17,Technology,1001+,Bulk order,12.08,3,1,synthetic_demo
L010389,2025-09-17,Manufacturing,1-50,Supplier request,3.65,2,0,synthetic_demo
L008750,2025-09-17,Healthcare,201-1000,Price quote,9.54,2,0,synthetic_demo
L005410,2025-09-17,Technology,201-1000,Supplier request,4.14,1,0,synthetic_demo
L003802,2025-09-17,Manufacturing,51-200,Supplier request,6.69,4,0,synthetic_demo
L007908,2025-09-17,Technology,1-50,Price quote,10.2,3,1,synthetic_demo
L004496,2025-09-17,Retail,1-50,Bulk order,14.5,2,0,synthetic_demo
L003053,2025-09-17,Healthcare,51-200,Product enquiry,9.77,0,0,synthetic_demo
L007161,2025-09-17,Healthcare,51-200,Bulk order,4.29,0,0,synthetic_demo
L005717,2025-09-17,Technology,51-200,Product enquiry,4.78,3,0,synthetic_demo
L006252,2025-09-17,Manufacturing,1-50,Bulk order,3.35,1,0,synthetic_demo
L009689,2025-09-17,Manufacturing,1001+,Price quote,4.87,2,1,synthetic_demo
L001733,2025-09-17,Technology,51-200,Product enquiry,3.94,4,0,synthetic_demo
L007563,2025-09-17,Manufacturing,1-50,Supplier request,14.77,2,0,synthetic_demo
L000113,2025-09-17,Retail,201-1000,Price quote,9.91,2,0,synthetic_demo
L003870,2025-09-18,Retail,1001+,Bulk order,15.38,3,0,synthetic_demo
L004873,2025-09-18,Technology,51-200,Price quote,5.89,3,0,synthetic_demo
L008155,2025-09-18,Healthcare,201-1000,Supplier request,4.45,1,0,synthetic_demo
L002983,2025-09-18,Manufacturing,1001+,Product enquiry,3.46,3,1,synthetic_demo
L000237,2025-09-18,Retail,201-1000,Supplier request,29.96,4,0,synthetic_demo
L000894,2025-09-18,Manufacturing,1-50,Price quote,42.64,3,0,synthetic_demo
L009675,2025-09-18,Retail,51-200,Product enquiry,8.5,0,0,synthetic_demo
L000594,2025-09-18,Healthcare,51-200,Price quote,4.33,3,0,synthetic_demo
L002648,2025-09-18,Technology,201-1000,Price quote,6.1,3,0,synthetic_demo
L004019,2025-09-18,Manufacturing,201-1000,Product enquiry,5.12,4,0,synthetic_demo
L010983,2025-09-18,Manufacturing,201-1000,Price quote,5.32,3,1,synthetic_demo
L007779,2025-09-18,Manufacturing,1-50,Price quote,9.49,1,0,synthetic_demo
L008398,2025-09-18,Technology,1001+,Product enquiry,1.39,3,0,synthetic_demo
L010667,2025-09-18,Retail,51-200,Product enquiry,5.06,1,0,synthetic_demo
L006409,2025-09-18,Healthcare,1-50,Supplier request,8.32,2,0,synthetic_demo
L010016,2025-09-18,Manufacturing,51-200,Product enquiry,15.78,2,0,synthetic_demo
L004441,2025-09-18,Manufacturing,1-50,Supplier request,9.92,1,0,synthetic_demo
L001649,2025-09-18,Construction,1-50,Bulk order,4.3,5,1,synthetic_demo
L004432,2025-09-18,Construction,1-50,Supplier request,8.63,2,0,synthetic_demo
L011802,2025-09-18,Retail,1-50,Bulk order,13.7,2,0,synthetic_demo
L006202,2025-09-18,Healthcare,51-200,Bulk order,15.52,1,0,synthetic_demo
L005067,2025-09-18,Healthcare,1-50,Product enquiry,9.74,2,0,synthetic_demo
L006263,2025-09-18,Manufacturing,51-200,Price quote,4.8,4,0,synthetic_demo
L011217,2025-09-18,Construction,51-200,Price quote,8.01,2,0,synthetic_demo
L007093,2025-09-18,Technology,1-50,Supplier request,14.67,2,0,synthetic_demo
L003705,2025-09-18,Manufacturing,201-1000,Bulk order,15.01,1,0,synthetic_demo
L008437,2025-09-18,Retail,201-1000,Product enquiry,2.63,3,1,synthetic_demo
L009067,2025-09-18,Retail,1-50,Supplier request,16.4,2,0,synthetic_demo
L006688,2025-09-18,Construction,201-1000,Price quote,12.3,5,0,synthetic_demo
L011176,2025-09-18,Healthcare,1001+,Bulk order,13.02,2,0,synthetic_demo
L001387,2025-09-18,Technology,1-50,Supplier request,3.44,0,1,synthetic_demo
L009733,2025-09-18,Construction,1001+,Bulk order,16.97,1,0,synthetic_demo
L008890,2025-09-18,Manufacturing,201-1000,Price quote,9.01,2,0,synthetic_demo
L006311,2025-09-18,Manufacturing,1-50,Bulk order,4.45,3,1,synthetic_demo
L001427,2025-09-18,Manufacturing,1001+,Supplier request,10.98,5,0,synthetic_demo
L003162,2025-09-18,Construction,1-50,Product enquiry,8.28,0,0,synthetic_demo
L006071,2025-09-19,Construction,201-1000,Product enquiry,16.97,1,0,synthetic_demo
L007452,2025-09-19,Retail,1-50,Supplier request,12.25,2,0,synthetic_demo
L007732,2025-09-19,Retail,1-50,Price quote,7.2,2,0,synthetic_demo
L008709,2025-09-19,Manufacturing,1001+,Price quote,10.7,0,0,synthetic_demo
L004650,2025-09-19,Retail,1001+,Product enquiry,11.4,5,0,synthetic_demo
L010573,2025-09-19,Retail,1-50,Product enquiry,20.47,1,0,synthetic_demo
L003656,2025-09-19,Manufacturing,51-200,Bulk order,5.22,2,1,synthetic_demo
L001204,2025-09-19,Technology,1-50,Supplier request,9.45,2,0,synthetic_demo
L004918,2025-09-19,Technology,1-50,Bulk order,3.2,2,1,synthetic_demo
L008504,2025-09-19,Healthcare,1001+,Price quote,6.58,7,0,synthetic_demo
L006451,2025-09-19,Retail,1-50,Product enquiry,21.62,2,0,synthetic_demo
L010331,2025-09-19,Retail,201-1000,Price quote,18.65,1,0,synthetic_demo
L010772,2025-09-19,Retail,1-50,Supplier request,10.18,0,0,synthetic_demo
L005174,2025-09-19,Manufacturing,1-50,Product enquiry,3.28,3,0,synthetic_demo
L007568,2025-09-19,Healthcare,1-50,Bulk order,23.12,4,0,synthetic_demo
L001120,2025-09-19,Construction,201-1000,Product enquiry,3.11,1,0,synthetic_demo
L002348,2025-09-19,Technology,1001+,Product enquiry,9.94,1,0,synthetic_demo
L005869,2025-09-19,Manufacturing,201-1000,Price quote,9.22,0,0,synthetic_demo
L006546,2025-09-19,Technology,201-1000,Supplier request,7.29,4,0,synthetic_demo
L008409,2025-09-19,Construction,201-1000,Bulk order,22.07,1,0,synthetic_demo
L011057,2025-09-19,Manufacturing,51-200,Price quote,4.16,3,0,synthetic_demo
L002247,2025-09-19,Manufacturing,51-200,Bulk order,32.98,2,0,synthetic_demo
L008187,2025-09-19,Retail,1-50,Supplier request,6.84,2,0,synthetic_demo
L004129,2025-09-19,Technology,51-200,Product enquiry,3.29,0,0,synthetic_demo
L003586,2025-09-19,Technology,201-1000,Supplier request,7.89,3,0,synthetic_demo
L000083,2025-09-19,Technology,51-200,Supplier request,5.71,1,0,synthetic_demo
L010104,2025-09-19,Technology,201-1000,Product enquiry,2.74,2,0,synthetic_demo
L000924,2025-09-19,Healthcare,1-50,Product enquiry,23.07,1,1,synthetic_demo
L006017,2025-09-19,Manufacturing,1001+,Product enquiry,14.14,4,0,synthetic_demo
L008021,2025-09-19,Manufacturing,1001+,Price quote,8.77,3,0,synthetic_demo
L007132,2025-09-19,Technology,201-1000,Product enquiry,18.53,1,0,synthetic_demo
L000404,2025-09-19,Manufacturing,51-200,Supplier request,19.6,3,0,synthetic_demo
L003546,2025-09-19,Retail,1-50,Price quote,3.95,5,1,synthetic_demo
L003046,2025-09-19,Construction,1001+,Bulk order,8.83,3,0,synthetic_demo
L010061,2025-09-19,Construction,51-200,Price quote,12.1,4,0,synthetic_demo
L008615,2025-09-19,Manufacturing,51-200,Bulk order,4.47,5,1,synthetic_demo
L004903,2025-09-20,Manufacturing,51-200,Supplier request,15.6,2,0,synthetic_demo
L009028,2025-09-20,Technology,51-200,Price quote,16.11,2,0,synthetic_demo
L006586,2025-09-20,Manufacturing,1-50,Product enquiry,12.24,3,1,synthetic_demo
L002729,2025-09-20,Retail,1001+,Price quote,6.34,3,0,synthetic_demo
L003879,2025-09-20,Manufacturing,201-1000,Bulk order,22.76,4,1,synthetic_demo
L008087,2025-09-20,Construction,1001+,Product enquiry,5.93,2,1,synthetic_demo
L008424,2025-09-20,Construction,1-50,Supplier request,6.03,2,0,synthetic_demo
L003961,2025-09-20,Retail,201-1000,Product enquiry,10.79,4,0,synthetic_demo
L004750,2025-09-20,Manufacturing,51-200,Product enquiry,8.41,1,0,synthetic_demo
L001283,2025-09-20,Retail,1001+,Product enquiry,9.38,2,0,synthetic_demo
L004642,2025-09-20,Manufacturing,51-200,Product enquiry,4.89,0,0,synthetic_demo
L004771,2025-09-20,Healthcare,1001+,Bulk order,11.62,2,1,synthetic_demo
L001579,2025-09-20,Construction,201-1000,Price quote,6.75,3,0,synthetic_demo
L011964,2025-09-20,Manufacturing,201-1000,Supplier request,8.56,1,0,synthetic_demo
L007234,2025-09-20,Retail,1001+,Price quote,1.77,1,0,synthetic_demo
L007146,2025-09-20,Technology,1001+,Bulk order,9.17,0,0,synthetic_demo
L008602,2025-09-20,Manufacturing,1001+,Product enquiry,25.59,4,0,synthetic_demo
L008601,2025-09-20,Healthcare,201-1000,Bulk order,6.27,2,0,synthetic_demo
L001943,2025-09-20,Retail,201-1000,Bulk order,0.3,2,1,synthetic_demo
L001955,2025-09-20,Construction,1001+,Bulk order,18.19,3,0,synthetic_demo
L002555,2025-09-20,Retail,51-200,Product enquiry,8.58,1,1,synthetic_demo
L008889,2025-09-20,Technology,51-200,Product enquiry,11.27,4,1,synthetic_demo
L002121,2025-09-20,Retail,51-200,Price quote,12.46,2,0,synthetic_demo
L002126,2025-09-20,Retail,1001+,Product enquiry,8.99,1,0,synthetic_demo
L002871,2025-09-20,Healthcare,51-200,Product enquiry,19.13,1,0,synthetic_demo
L004228,2025-09-20,Manufacturing,1001+,Product enquiry,14.08,4,0,synthetic_demo
L000941,2025-09-20,Manufacturing,201-1000,Price quote,10.0,0,0,synthetic_demo
L004137,2025-09-20,Healthcare,1001+,Product enquiry,12.11,3,0,synthetic_demo
L000920,2025-09-20,Healthcare,201-1000,Product enquiry,16.15,1,0,synthetic_demo
L002362,2025-09-20,Manufacturing,1-50,Bulk order,21.76,3,0,synthetic_demo
L006786,2025-09-20,Healthcare,1-50,Price quote,20.12,0,0,synthetic_demo
L008127,2025-09-20,Retail,1-50,Supplier request,4.58,0,0,synthetic_demo
L006710,2025-09-20,Manufacturing,201-1000,Bulk order,16.93,2,1,synthetic_demo
L011877,2025-09-20,Technology,201-1000,Product enquiry,6.25,2,1,synthetic_demo
L007648,2025-09-20,Retail,51-200,Price quote,4.58,2,0,synthetic_demo
L000689,2025-09-20,Technology,1-50,Price quote,10.63,4,1,synthetic_demo
L004078,2025-09-20,Healthcare,51-200,Product enquiry,13.12,0,1,synthetic_demo
L003175,2025-09-20,Technology,1-50,Product enquiry,5.66,1,0,synthetic_demo
L007861,2025-09-20,Healthcare,1-50,Product enquiry,35.27,3,0,synthetic_demo
L000561,2025-09-20,Manufacturing,1-50,Bulk order,19.51,4,0,synthetic_demo
L009173,2025-09-20,Manufacturing,1-50,Product enquiry,5.16,1,0,synthetic_demo
L000447,2025-09-20,Construction,201-1000,Price quote,23.88,1,0,synthetic_demo
L011817,2025-09-20,Healthcare,201-1000,Bulk order,19.01,3,0,synthetic_demo
L008755,2025-09-21,Manufacturing,51-200,Product enquiry,6.9,1,0,synthetic_demo
L001219,2025-09-21,Technology,51-200,Product enquiry,10.28,1,0,synthetic_demo
L004552,2025-09-21,Technology,201-1000,Product enquiry,68.53,1,0,synthetic_demo
L002952,2025-09-21,Technology,201-1000,Product enquiry,2.11,1,0,synthetic_demo
L000069,2025-09-21,Manufacturing,1-50,Product enquiry,11.33,4,0,synthetic_demo
L005427,2025-09-21,Construction,51-200,Price quote,4.7,2,0,synthetic_demo
L002728,2025-09-21,Manufacturing,1-50,Bulk order,5.33,1,1,synthetic_demo
L007873,2025-09-21,Manufacturing,201-1000,Product enquiry,8.09,2,0,synthetic_demo
L001764,2025-09-21,Manufacturing,51-200,Product enquiry,3.68,2,0,synthetic_demo
L001236,2025-09-21,Manufacturing,1-50,Price quote,5.5,3,0,synthetic_demo
L002803,2025-09-21,Manufacturing,1-50,Product enquiry,6.9,1,0,synthetic_demo
L010899,2025-09-21,Manufacturing,1-50,Bulk order,9.46,4,1,synthetic_demo
L001832,2025-09-21,Construction,1-50,Supplier request,24.65,2,0,synthetic_demo
L000546,2025-09-21,Retail,201-1000,Supplier request,14.35,5,0,synthetic_demo
L006262,2025-09-21,Manufacturing,201-1000,Bulk order,8.74,3,1,synthetic_demo
L001852,2025-09-21,Construction,51-200,Product enquiry,9.28,4,0,synthetic_demo
L005810,2025-09-21,Technology,201-1000,Price quote,10.36,6,0,synthetic_demo
L007108,2025-09-21,Healthcare,51-200,Product enquiry,10.97,1,0,synthetic_demo
L000828,2025-09-21,Manufacturing,1-50,Product enquiry,10.34,1,0,synthetic_demo
L002475,2025-09-21,Retail,51-200,Supplier request,14.15,4,0,synthetic_demo
L001029,2025-09-21,Technology,1-50,Product enquiry,7.89,1,0,synthetic_demo
L005547,2025-09-21,Construction,1-50,Supplier request,8.95,4,0,synthetic_demo
L011095,2025-09-21,Manufacturing,1-50,Supplier request,7.75,3,0,synthetic_demo
L007922,2025-09-21,Retail,1001+,Product enquiry,5.48,2,0,synthetic_demo
L009194,2025-09-21,Manufacturing,51-200,Product enquiry,17.73,1,0,synthetic_demo
L000046,2025-09-21,Technology,201-1000,Product enquiry,12.15,3,0,synthetic_demo
L004087,2025-09-21,Healthcare,51-200,Product enquiry,12.76,2,0,synthetic_demo
L005291,2025-09-21,Retail,201-1000,Bulk order,6.04,3,0,synthetic_demo
L010552,2025-09-21,Manufacturing,51-200,Supplier request,26.96,0,0,synthetic_demo
L000708,2025-09-21,Technology,1-50,Bulk order,9.67,2,0,synthetic_demo
L011467,2025-09-21,Retail,51-200,Price quote,3.48,0,0,synthetic_demo
L002562,2025-09-22,Technology,1001+,Product enquiry,9.5,1,0,synthetic_demo
L004477,2025-09-22,Healthcare,201-1000,Price quote,13.23,2,0,synthetic_demo
L002965,2025-09-22,Manufacturing,51-200,Supplier request,6.35,1,0,synthetic_demo
L000697,2025-09-22,Technology,201-1000,Price quote,16.73,2,0,synthetic_demo
L005719,2025-09-22,Manufacturing,1-50,Product enquiry,13.52,3,1,synthetic_demo
L002980,2025-09-22,Construction,51-200,Supplier request,8.57,2,0,synthetic_demo
L002404,2025-09-22,Construction,201-1000,Bulk order,26.43,1,0,synthetic_demo
L005034,2025-09-22,Healthcare,51-200,Bulk order,15.37,0,0,synthetic_demo
L001123,2025-09-22,Technology,51-200,Price quote,12.19,2,1,synthetic_demo
L007374,2025-09-22,Technology,201-1000,Product enquiry,10.78,2,0,synthetic_demo
L009081,2025-09-22,Retail,51-200,Supplier request,17.46,3,0,synthetic_demo
L004033,2025-09-22,Healthcare,1-50,Supplier request,1.08,6,0,synthetic_demo
L009050,2025-09-22,Retail,1-50,Supplier request,13.52,1,0,synthetic_demo
L005320,2025-09-22,Retail,1001+,Product enquiry,17.71,0,0,synthetic_demo
L005587,2025-09-22,Healthcare,201-1000,Bulk order,10.82,2,1,synthetic_demo
L007475,2025-09-22,Retail,1-50,Product enquiry,9.95,1,1,synthetic_demo
L007433,2025-09-22,Technology,51-200,Price quote,6.19,3,0,synthetic_demo
L005238,2025-09-22,Manufacturing,51-200,Price quote,15.3,0,0,synthetic_demo
L002944,2025-09-22,Manufacturing,1-50,Bulk order,4.54,2,0,synthetic_demo
L004914,2025-09-22,Construction,201-1000,Product enquiry,8.4,1,0,synthetic_demo
L011610,2025-09-22,Manufacturing,201-1000,Supplier request,5.51,2,0,synthetic_demo
L006685,2025-09-22,Manufacturing,1001+,Bulk order,5.98,2,0,synthetic_demo
L009624,2025-09-22,Technology,1001+,Product enquiry,3.91,1,0,synthetic_demo
L001533,2025-09-22,Healthcare,1-50,Product enquiry,22.77,3,0,synthetic_demo
L007453,2025-09-22,Retail,201-1000,Supplier request,31.62,1,0,synthetic_demo
L007523,2025-09-22,Retail,1-50,Price quote,12.54,3,0,synthetic_demo
L008540,2025-09-22,Manufacturing,1-50,Price quote,26.11,2,0,synthetic_demo
L000613,2025-09-22,Construction,1-50,Product enquiry,8.94,1,1,synthetic_demo
L009268,2025-09-22,Construction,51-200,Product enquiry,12.21,0,0,synthetic_demo
L009741,2025-09-22,Healthcare,51-200,Product enquiry,7.22,0,0,synthetic_demo
L005155,2025-09-22,Manufacturing,1001+,Bulk order,3.43,0,1,synthetic_demo
L002931,2025-09-22,Healthcare,1-50,Bulk order,12.45,0,1,synthetic_demo
L000477,2025-09-22,Retail,201-1000,Supplier request,13.3,2,0,synthetic_demo
L011614,2025-09-22,Technology,201-1000,Price quote,20.05,4,1,synthetic_demo
L001108,2025-09-22,Retail,51-200,Price quote,7.14,3,0,synthetic_demo
L003076,2025-09-22,Construction,201-1000,Product enquiry,5.16,0,0,synthetic_demo
L010670,2025-09-22,Manufacturing,51-200,Supplier request,10.65,2,0,synthetic_demo
L000890,2025-09-22,Technology,51-200,Product enquiry,21.38,3,0,synthetic_demo
L001048,2025-09-23,Technology,51-200,Bulk order,11.92,2,0,synthetic_demo
L005105,2025-09-23,Technology,1-50,Price quote,11.64,2,0,synthetic_demo
L009043,2025-09-23,Retail,1001+,Product enquiry,12.95,1,0,synthetic_demo
L001137,2025-09-23,Retail,1-50,Price quote,20.29,2,0,synthetic_demo
L001862,2025-09-23,Construction,201-1000,Supplier request,18.63,3,0,synthetic_demo
L002903,2025-09-23,Manufacturing,1-50,Product enquiry,5.66,4,0,synthetic_demo
L003190,2025-09-23,Retail,1-50,Bulk order,16.23,2,0,synthetic_demo
L003655,2025-09-23,Retail,1-50,Supplier request,2.54,1,0,synthetic_demo
L007088,2025-09-23,Retail,51-200,Supplier request,13.95,3,0,synthetic_demo
L000563,2025-09-23,Technology,201-1000,Supplier request,7.62,1,0,synthetic_demo
L001089,2025-09-23,Retail,201-1000,Product enquiry,34.74,1,0,synthetic_demo
L009018,2025-09-23,Retail,201-1000,Supplier request,1.62,1,0,synthetic_demo
L010967,2025-09-23,Healthcare,51-200,Price quote,11.61,0,0,synthetic_demo
L000056,2025-09-23,Technology,51-200,Product enquiry,23.02,0,0,synthetic_demo
L001258,2025-09-23,Technology,201-1000,Product enquiry,11.65,4,1,synthetic_demo
L006851,2025-09-23,Construction,1-50,Price quote,5.08,5,1,synthetic_demo
L002256,2025-09-23,Healthcare,1001+,Product enquiry,6.15,3,0,synthetic_demo
L011372,2025-09-23,Retail,51-200,Bulk order,9.62,2,0,synthetic_demo
L005661,2025-09-23,Retail,51-200,Product enquiry,13.21,3,1,synthetic_demo
L004188,2025-09-23,Manufacturing,201-1000,Product enquiry,15.85,2,0,synthetic_demo
L001038,2025-09-23,Retail,201-1000,Price quote,5.03,4,0,synthetic_demo
L008391,2025-09-23,Technology,51-200,Bulk order,12.79,1,0,synthetic_demo
L005395,2025-09-23,Retail,51-200,Price quote,8.02,1,0,synthetic_demo
L001212,2025-09-23,Technology,51-200,Price quote,13.41,3,1,synthetic_demo
L007783,2025-09-23,Healthcare,1-50,Bulk order,9.76,0,1,synthetic_demo
L001685,2025-09-23,Manufacturing,51-200,Product enquiry,7.47,1,0,synthetic_demo
L011816,2025-09-23,Technology,1-50,Bulk order,19.83,0,0,synthetic_demo
L006957,2025-09-23,Retail,51-200,Supplier request,4.49,1,1,synthetic_demo
L011377,2025-09-23,Construction,1001+,Price quote,1.07,1,0,synthetic_demo
L000550,2025-09-23,Retail,51-200,Price quote,10.57,2,0,synthetic_demo
L002185,2025-09-23,Healthcare,1001+,Product enquiry,3.01,6,0,synthetic_demo
L002150,2025-09-24,Manufacturing,201-1000,Price quote,12.0,4,1,synthetic_demo
L008547,2025-09-24,Technology,51-200,Product enquiry,5.79,0,0,synthetic_demo
L008096,2025-09-24,Construction,1-50,Product enquiry,6.41,2,1,synthetic_demo
L006705,2025-09-24,Retail,1-50,Product enquiry,13.17,2,0,synthetic_demo
L002111,2025-09-24,Healthcare,1001+,Product enquiry,19.01,0,0,synthetic_demo
L004394,2025-09-24,Technology,1001+,Bulk order,15.09,4,0,synthetic_demo
L000399,2025-09-24,Retail,1-50,Price quote,9.16,2,0,synthetic_demo
L007090,2025-09-24,Retail,51-200,Bulk order,8.31,1,0,synthetic_demo
L000287,2025-09-24,Manufacturing,51-200,Bulk order,39.24,0,0,synthetic_demo
L006283,2025-09-24,Retail,1001+,Price quote,6.2,3,0,synthetic_demo
L000994,2025-09-24,Manufacturing,1-50,Product enquiry,4.44,1,1,synthetic_demo
L003142,2025-09-24,Manufacturing,1001+,Product enquiry,8.5,2,1,synthetic_demo
L010214,2025-09-24,Healthcare,201-1000,Bulk order,5.6,3,1,synthetic_demo
L006739,2025-09-24,Technology,51-200,Product enquiry,3.16,1,0,synthetic_demo
L009620,2025-09-24,Technology,51-200,Bulk order,17.31,3,0,synthetic_demo
L001847,2025-09-24,Retail,201-1000,Bulk order,15.89,4,0,synthetic_demo
L000110,2025-09-24,Construction,1-50,Product enquiry,6.37,5,0,synthetic_demo
L001772,2025-09-24,Technology,51-200,Price quote,3.5,1,0,synthetic_demo
L004511,2025-09-24,Healthcare,1-50,Supplier request,1.49,2,0,synthetic_demo
L008482,2025-09-24,Manufacturing,51-200,Price quote,8.85,1,0,synthetic_demo
L010334,2025-09-24,Manufacturing,51-200,Bulk order,3.99,6,1,synthetic_demo
L004905,2025-09-24,Technology,1-50,Supplier request,13.01,1,0,synthetic_demo
L002923,2025-09-24,Manufacturing,51-200,Bulk order,8.81,5,0,synthetic_demo
L008769,2025-09-24,Healthcare,1-50,Price quote,11.73,2,0,synthetic_demo
L001103,2025-09-24,Technology,51-200,Product enquiry,23.21,1,0,synthetic_demo
L005369,2025-09-24,Technology,51-200,Bulk order,10.81,5,0,synthetic_demo
L006889,2025-09-25,Healthcare,201-1000,Price quote,20.26,1,0,synthetic_demo
L008585,2025-09-25,Technology,201-1000,Product enquiry,8.09,1,1,synthetic_demo
L008809,2025-09-25,Construction,1-50,Product enquiry,6.68,0,0,synthetic_demo
L004119,2025-09-25,Retail,1001+,Product enquiry,10.92,1,0,synthetic_demo
L002495,2025-09-25,Construction,1-50,Price quote,9.75,0,1,synthetic_demo
L000603,2025-09-25,Construction,1001+,Supplier request,9.65,2,0,synthetic_demo
L005298,2025-09-25,Manufacturing,51-200,Product enquiry,11.19,4,0,synthetic_demo
L006986,2025-09-25,Healthcare,51-200,Product enquiry,5.19,2,1,synthetic_demo
L002070,2025-09-25,Healthcare,201-1000,Price quote,6.41,1,1,synthetic_demo
L011530,2025-09-25,Healthcare,51-200,Supplier request,6.72,1,0,synthetic_demo
L002264,2025-09-25,Manufacturing,1-50,Bulk order,14.08,0,1,synthetic_demo
L003702,2025-09-25,Manufacturing,1001+,Product enquiry,9.65,3,0,synthetic_demo
L008162,2025-09-25,Healthcare,1-50,Product enquiry,11.07,0,0,synthetic_demo
L007239,2025-09-25,Retail,51-200,Supplier request,4.17,4,0,synthetic_demo
L010791,2025-09-25,Construction,51-200,Product enquiry,5.99,2,0,synthetic_demo
L002146,2025-09-25,Construction,201-1000,Bulk order,4.38,3,0,synthetic_demo
L004964,2025-09-25,Manufacturing,1001+,Price quote,12.68,2,0,synthetic_demo
L002191,2025-09-25,Manufacturing,1-50,Bulk order,20.99,2,0,synthetic_demo
L007343,2025-09-25,Construction,51-200,Bulk order,6.89,0,0,synthetic_demo
L000334,2025-09-25,Construction,51-200,Product enquiry,10.21,1,0,synthetic_demo
L006248,2025-09-25,Construction,51-200,Bulk order,7.02,2,0,synthetic_demo
L002447,2025-09-25,Manufacturing,201-1000,Price quote,10.09,0,0,synthetic_demo
L001515,2025-09-25,Construction,1-50,Product enquiry,11.97,4,0,synthetic_demo
L009002,2025-09-25,Manufacturing,201-1000,Bulk order,11.23,2,0,synthetic_demo
L007141,2025-09-25,Retail,201-1000,Product enquiry,4.48,3,0,synthetic_demo
L009928,2025-09-25,Manufacturing,1-50,Bulk order,6.86,1,0,synthetic_demo
L001801,2025-09-25,Healthcare,51-200,Price quote,27.53,3,0,synthetic_demo
L004678,2025-09-25,Manufacturing,51-200,Product enquiry,6.24,1,0,synthetic_demo
L007771,2025-09-25,Manufacturing,1-50,Product enquiry,5.21,2,0,synthetic_demo
L004431,2025-09-25,Retail,201-1000,Product enquiry,7.01,1,0,synthetic_demo
L007135,2025-09-25,Retail,1-50,Bulk order,14.4,0,0,synthetic_demo
L008990,2025-09-25,Retail,1-50,Bulk order,4.31,2,1,synthetic_demo
L010893,2025-09-25,Construction,51-200,Bulk order,12.15,2,0,synthetic_demo
L005053,2025-09-25,Healthcare,201-1000,Product enquiry,14.54,5,0,synthetic_demo
L004405,2025-09-25,Retail,51-200,Price quote,17.57,0,0,synthetic_demo
L003899,2025-09-25,Manufacturing,1-50,Supplier request,6.33,1,0,synthetic_demo
L008713,2025-09-25,Technology,51-200,Product enquiry,11.11,3,0,synthetic_demo
L000644,2025-09-25,Manufacturing,1-50,Supplier request,1.48,0,0,synthetic_demo
L000468,2025-09-26,Construction,1-50,Price quote,5.49,2,1,synthetic_demo
L000302,2025-09-26,Manufacturing,51-200,Product enquiry,2.02,1,0,synthetic_demo
L010721,2025-09-26,Manufacturing,51-200,Product enquiry,23.95,3,0,synthetic_demo
L002341,2025-09-26,Manufacturing,51-200,Price quote,12.73,3,0,synthetic_demo
L006761,2025-09-26,Manufacturing,51-200,Product enquiry,4.61,2,0,synthetic_demo
L000198,2025-09-26,Construction,1-50,Price quote,6.88,1,0,synthetic_demo
L001873,2025-09-26,Construction,1001+,Product enquiry,0.97,2,0,synthetic_demo
L006926,2025-09-26,Manufacturing,1-50,Product enquiry,7.05,1,0,synthetic_demo
L010269,2025-09-26,Technology,51-200,Product enquiry,3.24,3,1,synthetic_demo
L010992,2025-09-26,Technology,1-50,Supplier request,17.94,1,0,synthetic_demo
L011497,2025-09-26,Manufacturing,1-50,Product enquiry,23.61,5,0,synthetic_demo
L011318,2025-09-26,Manufacturing,51-200,Bulk order,7.43,0,0,synthetic_demo
L011786,2025-09-26,Manufacturing,201-1000,Price quote,21.42,0,0,synthetic_demo
L007063,2025-09-26,Retail,51-200,Supplier request,6.12,2,0,synthetic_demo
L011163,2025-09-26,Manufacturing,51-200,Supplier request,4.09,2,0,synthetic_demo
L005113,2025-09-26,Technology,1-50,Price quote,8.02,3,0,synthetic_demo
L011161,2025-09-26,Manufacturing,1-50,Product enquiry,10.78,1,0,synthetic_demo
L010556,2025-09-26,Construction,51-200,Product enquiry,17.37,3,0,synthetic_demo
L001969,2025-09-26,Retail,1-50,Product enquiry,5.6,3,0,synthetic_demo
L001121,2025-09-26,Technology,1-50,Product enquiry,8.48,2,0,synthetic_demo
L007184,2025-09-26,Retail,51-200,Price quote,4.14,3,0,synthetic_demo
L001158,2025-09-26,Manufacturing,51-200,Product enquiry,3.07,2,0,synthetic_demo
L006588,2025-09-26,Construction,1-50,Bulk order,3.89,2,0,synthetic_demo
L001477,2025-09-26,Retail,51-200,Bulk order,11.26,4,0,synthetic_demo
L001766,2025-09-26,Manufacturing,201-1000,Product enquiry,15.75,2,0,synthetic_demo
L001064,2025-09-26,Healthcare,1001+,Product enquiry,7.97,1,0,synthetic_demo
L010645,2025-09-26,Healthcare,51-200,Price quote,5.98,4,0,synthetic_demo
L003260,2025-09-26,Manufacturing,1-50,Price quote,17.83,3,0,synthetic_demo
L002598,2025-09-26,Retail,1-50,Bulk order,3.89,2,1,synthetic_demo
L000177,2025-09-26,Retail,51-200,Product enquiry,4.28,4,0,synthetic_demo
L007303,2025-09-27,Construction,201-1000,Product enquiry,18.05,3,0,synthetic_demo
L007697,2025-09-27,Retail,201-1000,Product enquiry,3.85,1,0,synthetic_demo
L003569,2025-09-27,Technology,51-200,Bulk order,14.03,4,0,synthetic_demo
L003082,2025-09-27,Manufacturing,51-200,Bulk order,27.71,2,0,synthetic_demo
L011047,2025-09-27,Construction,1-50,Bulk order,4.0,1,1,synthetic_demo
L001557,2025-09-27,Construction,51-200,Price quote,28.81,4,0,synthetic_demo
L011349,2025-09-27,Retail,1-50,Product enquiry,16.53,4,0,synthetic_demo
L003098,2025-09-27,Retail,51-200,Supplier request,5.08,0,0,synthetic_demo
L003517,2025-09-27,Healthcare,51-200,Bulk order,2.0,2,1,synthetic_demo
L009588,2025-09-27,Healthcare,1-50,Bulk order,14.28,1,0,synthetic_demo
L006352,2025-09-27,Construction,201-1000,Bulk order,1.5,2,0,synthetic_demo
L008810,2025-09-27,Construction,1-50,Price quote,15.18,2,0,synthetic_demo
L007534,2025-09-27,Manufacturing,201-1000,Supplier request,5.68,4,0,synthetic_demo
L005497,2025-09-27,Construction,1001+,Product enquiry,9.88,1,0,synthetic_demo
L007406,2025-09-27,Manufacturing,201-1000,Product enquiry,4.45,0,0,synthetic_demo
L004377,2025-09-27,Technology,1-50,Supplier request,1.25,2,0,synthetic_demo
L008179,2025-09-27,Healthcare,51-200,Product enquiry,16.44,3,0,synthetic_demo
L006996,2025-09-27,Technology,1001+,Bulk order,9.71,1,0,synthetic_demo
L007144,2025-09-27,Manufacturing,201-1000,Product enquiry,13.39,4,0,synthetic_demo
L005325,2025-09-27,Manufacturing,1-50,Price quote,2.76,4,0,synthetic_demo
L005593,2025-09-27,Healthcare,1-50,Supplier request,7.7,3,0,synthetic_demo
L010031,2025-09-27,Healthcare,201-1000,Bulk order,16.2,2,0,synthetic_demo
L000084,2025-09-27,Manufacturing,201-1000,Product enquiry,11.1,3,0,synthetic_demo
L001168,2025-09-27,Healthcare,51-200,Supplier request,18.86,2,0,synthetic_demo
L008163,2025-09-27,Manufacturing,51-200,Bulk order,12.21,1,0,synthetic_demo
L001687,2025-09-27,Healthcare,51-200,Price quote,13.02,1,0,synthetic_demo
L008347,2025-09-27,Healthcare,51-200,Product enquiry,23.0,0,0,synthetic_demo
L001652,2025-09-27,Retail,1-50,Price quote,23.83,2,0,synthetic_demo
L001643,2025-09-27,Retail,51-200,Product enquiry,6.93,1,0,synthetic_demo
L007112,2025-09-27,Healthcare,51-200,Product enquiry,16.3,1,0,synthetic_demo
L011499,2025-09-27,Healthcare,51-200,Supplier request,24.98,1,0,synthetic_demo
L008425,2025-09-27,Retail,201-1000,Product enquiry,11.61,0,1,synthetic_demo
L003144,2025-09-27,Manufacturing,51-200,Bulk order,3.09,2,1,synthetic_demo
L002964,2025-09-27,Healthcare,1001+,Supplier request,22.66,2,0,synthetic_demo
L000740,2025-09-27,Retail,201-1000,Product enquiry,11.19,1,0,synthetic_demo
L000710,2025-09-27,Retail,1-50,Product enquiry,22.37,4,0,synthetic_demo
L006824,2025-09-27,Manufacturing,51-200,Price quote,1.98,2,0,synthetic_demo
L009345,2025-09-27,Healthcare,201-1000,Price quote,10.98,1,0,synthetic_demo
L000685,2025-09-27,Healthcare,1-50,Bulk order,10.5,1,1,synthetic_demo
L006738,2025-09-27,Healthcare,201-1000,Supplier request,6.92,3,0,synthetic_demo
L006555,2025-09-27,Manufacturing,201-1000,Price quote,10.61,0,0,synthetic_demo
L002841,2025-09-27,Technology,1-50,Product enquiry,6.24,3,0,synthetic_demo
L010375,2025-09-27,Technology,1-50,Bulk order,0.61,2,1,synthetic_demo
L003042,2025-09-28,Construction,201-1000,Bulk order,13.81,0,0,synthetic_demo
L011579,2025-09-28,Technology,51-200,Product enquiry,6.08,4,1,synthetic_demo
L003935,2025-09-28,Healthcare,51-200,Price quote,10.39,1,0,synthetic_demo
L004982,2025-09-28,Manufacturing,1-50,Price quote,12.0,3,0,synthetic_demo
L010352,2025-09-28,Healthcare,51-200,Supplier request,5.31,4,1,synthetic_demo
L000521,2025-09-28,Construction,51-200,Product enquiry,31.46,1,0,synthetic_demo
L009583,2025-09-28,Manufacturing,1001+,Bulk order,11.17,3,0,synthetic_demo
L001925,2025-09-28,Manufacturing,201-1000,Bulk order,19.2,3,0,synthetic_demo
L004157,2025-09-28,Construction,1-50,Product enquiry,10.3,1,0,synthetic_demo
L010771,2025-09-28,Manufacturing,1-50,Bulk order,9.5,1,0,synthetic_demo
L010003,2025-09-28,Manufacturing,51-200,Product enquiry,3.72,4,0,synthetic_demo
L002195,2025-09-28,Healthcare,1001+,Price quote,6.68,3,1,synthetic_demo
L002188,2025-09-28,Healthcare,51-200,Product enquiry,13.66,1,0,synthetic_demo
L001929,2025-09-28,Manufacturing,201-1000,Product enquiry,6.31,3,1,synthetic_demo
L009616,2025-09-28,Retail,1-50,Price quote,5.25,1,0,synthetic_demo
L001493,2025-09-28,Healthcare,201-1000,Price quote,23.94,3,0,synthetic_demo
L008318,2025-09-28,Construction,51-200,Product enquiry,9.5,3,0,synthetic_demo
L007034,2025-09-28,Manufacturing,201-1000,Price quote,10.42,3,0,synthetic_demo
L008085,2025-09-28,Manufacturing,1001+,Price quote,15.2,0,0,synthetic_demo
L006256,2025-09-28,Construction,51-200,Price quote,11.14,1,0,synthetic_demo
L000307,2025-09-28,Retail,51-200,Product enquiry,8.64,0,0,synthetic_demo
L010611,2025-09-28,Manufacturing,201-1000,Price quote,9.11,3,0,synthetic_demo
L002899,2025-09-28,Healthcare,1-50,Price quote,3.49,2,0,synthetic_demo
L000712,2025-09-28,Technology,1-50,Price quote,15.83,3,0,synthetic_demo
L010060,2025-09-28,Construction,201-1000,Product enquiry,7.64,2,0,synthetic_demo
L003274,2025-09-28,Technology,201-1000,Product enquiry,10.76,1,1,synthetic_demo
L009919,2025-09-28,Manufacturing,1-50,Price quote,3.48,1,0,synthetic_demo
L011876,2025-09-28,Retail,201-1000,Bulk order,29.67,3,1,synthetic_demo
L008256,2025-09-28,Manufacturing,1-50,Product enquiry,7.2,2,0,synthetic_demo
L008975,2025-09-28,Retail,1001+,Product enquiry,10.54,3,1,synthetic_demo
L002652,2025-09-28,Retail,1-50,Bulk order,3.58,5,0,synthetic_demo
L004635,2025-09-28,Healthcare,51-200,Price quote,8.43,3,0,synthetic_demo
L002787,2025-09-29,Technology,201-1000,Product enquiry,4.19,4,1,synthetic_demo
L000431,2025-09-29,Construction,1-50,Bulk order,7.63,1,0,synthetic_demo
L006108,2025-09-29,Manufacturing,51-200,Price quote,8.17,3,0,synthetic_demo
L000847,2025-09-29,Retail,51-200,Price quote,3.8,2,0,synthetic_demo
L003638,2025-09-29,Manufacturing,1-50,Product enquiry,11.58,0,0,synthetic_demo
L008785,2025-09-29,Technology,51-200,Supplier request,13.14,5,0,synthetic_demo
L000179,2025-09-29,Construction,51-200,Price quote,8.07,2,0,synthetic_demo
L003993,2025-09-29,Manufacturing,1-50,Product enquiry,9.9,2,0,synthetic_demo
L003174,2025-09-29,Construction,201-1000,Product enquiry,1.84,1,0,synthetic_demo
L007567,2025-09-29,Manufacturing,1001+,Product enquiry,9.13,2,0,synthetic_demo
L008978,2025-09-29,Construction,51-200,Product enquiry,13.94,0,0,synthetic_demo
L000623,2025-09-29,Construction,201-1000,Product enquiry,8.09,4,0,synthetic_demo
L011613,2025-09-29,Manufacturing,1001+,Bulk order,9.11,1,1,synthetic_demo
L006567,2025-09-29,Healthcare,201-1000,Price quote,5.59,1,0,synthetic_demo
L006840,2025-09-29,Construction,51-200,Price quote,19.4,1,0,synthetic_demo
L009086,2025-09-29,Manufacturing,51-200,Price quote,10.72,3,0,synthetic_demo
L001180,2025-09-29,Manufacturing,1001+,Bulk order,4.08,3,0,synthetic_demo
L008491,2025-09-29,Manufacturing,1-50,Price quote,9.31,1,0,synthetic_demo
L008097,2025-09-29,Manufacturing,201-1000,Product enquiry,27.42,4,0,synthetic_demo
L011828,2025-09-29,Manufacturing,51-200,Supplier request,8.6,3,1,synthetic_demo
L006171,2025-09-29,Construction,201-1000,Product enquiry,2.61,1,1,synthetic_demo
L002705,2025-09-29,Technology,1-50,Supplier request,11.36,0,0,synthetic_demo
L011636,2025-09-29,Healthcare,201-1000,Supplier request,22.47,7,0,synthetic_demo
L003506,2025-09-29,Healthcare,201-1000,Price quote,6.67,3,0,synthetic_demo
L000240,2025-09-29,Manufacturing,201-1000,Product enquiry,1.92,2,0,synthetic_demo
L002821,2025-09-29,Retail,1-50,Product enquiry,7.74,0,0,synthetic_demo
L007737,2025-09-29,Technology,201-1000,Bulk order,22.33,1,0,synthetic_demo
L000068,2025-09-29,Retail,1001+,Product enquiry,2.83,4,0,synthetic_demo
L005594,2025-09-29,Manufacturing,51-200,Price quote,2.4,3,0,synthetic_demo
L000143,2025-09-29,Construction,201-1000,Price quote,2.56,0,0,synthetic_demo
L007675,2025-09-29,Retail,201-1000,Bulk order,0.94,2,0,synthetic_demo
L011732,2025-09-30,Retail,1-50,Price quote,13.12,1,0,synthetic_demo
L007553,2025-09-30,Retail,51-200,Price quote,25.24,1,0,synthetic_demo
L010915,2025-09-30,Construction,201-1000,Product enquiry,11.04,3,0,synthetic_demo
L002493,2025-09-30,Manufacturing,1001+,Product enquiry,6.83,4,1,synthetic_demo
L000128,2025-09-30,Manufacturing,201-1000,Product enquiry,9.17,1,0,synthetic_demo
L001599,2025-09-30,Technology,51-200,Supplier request,3.07,2,0,synthetic_demo
L002867,2025-09-30,Retail,51-200,Supplier request,8.73,2,0,synthetic_demo
L004414,2025-09-30,Manufacturing,1001+,Supplier request,12.76,1,0,synthetic_demo
L003714,2025-09-30,Technology,201-1000,Price quote,3.09,5,1,synthetic_demo
L001412,2025-09-30,Construction,1-50,Price quote,17.69,5,0,synthetic_demo
L006055,2025-09-30,Manufacturing,1-50,Price quote,4.99,1,0,synthetic_demo
L009381,2025-09-30,Retail,201-1000,Product enquiry,10.55,0,0,synthetic_demo
L008116,2025-09-30,Construction,51-200,Price quote,9.52,6,0,synthetic_demo
L002065,2025-09-30,Retail,51-200,Bulk order,5.75,1,1,synthetic_demo
L010800,2025-09-30,Construction,51-200,Bulk order,15.75,2,0,synthetic_demo
L011956,2025-09-30,Technology,51-200,Price quote,5.1,2,0,synthetic_demo
L008549,2025-09-30,Technology,201-1000,Bulk order,14.1,3,0,synthetic_demo
L010579,2025-09-30,Manufacturing,1-50,Product enquiry,24.83,2,0,synthetic_demo
L010807,2025-09-30,Retail,1001+,Price quote,20.84,1,0,synthetic_demo
L003383,2025-09-30,Construction,1001+,Supplier request,19.79,2,0,synthetic_demo
L008948,2025-09-30,Technology,201-1000,Price quote,8.59,4,0,synthetic_demo
L008956,2025-09-30,Retail,1001+,Product enquiry,13.23,4,0,synthetic_demo
L002162,2025-09-30,Manufacturing,201-1000,Bulk order,12.66,1,0,synthetic_demo
L001761,2025-09-30,Retail,51-200,Supplier request,4.59,2,0,synthetic_demo
L007458,2025-09-30,Technology,1001+,Price quote,12.9,1,0,synthetic_demo
L009291,2025-09-30,Retail,1001+,Bulk order,2.13,2,0,synthetic_demo
L006340,2025-09-30,Technology,51-200,Supplier request,5.18,2,0,synthetic_demo
L007710,2025-09-30,Technology,201-1000,Product enquiry,12.9,5,0,synthetic_demo
L006605,2025-09-30,Technology,51-200,Price quote,27.24,1,0,synthetic_demo
L008618,2025-09-30,Technology,1001+,Bulk order,11.35,1,1,synthetic_demo
L002140,2025-09-30,Technology,201-1000,Price quote,7.41,1,0,synthetic_demo
L007460,2025-10-01,Technology,51-200,Bulk order,1.82,9,1,synthetic_demo
L006083,2025-10-01,Healthcare,1001+,Price quote,2.95,2,0,synthetic_demo
L009615,2025-10-01,Manufacturing,51-200,Supplier request,4.51,2,0,synthetic_demo
L005839,2025-10-01,Retail,51-200,Price quote,7.31,4,0,synthetic_demo
L000637,2025-10-01,Technology,1-50,Bulk order,27.73,3,0,synthetic_demo
L010805,2025-10-01,Healthcare,1-50,Price quote,6.01,4,0,synthetic_demo
L003000,2025-10-01,Manufacturing,201-1000,Price quote,4.81,3,0,synthetic_demo
L010070,2025-10-01,Manufacturing,1-50,Price quote,18.59,1,0,synthetic_demo
L008930,2025-10-01,Retail,1-50,Product enquiry,13.55,0,0,synthetic_demo
L008826,2025-10-01,Construction,1-50,Price quote,6.77,2,0,synthetic_demo
L011959,2025-10-01,Technology,51-200,Product enquiry,5.63,1,0,synthetic_demo
L011257,2025-10-01,Manufacturing,51-200,Supplier request,16.53,1,0,synthetic_demo
L011180,2025-10-01,Healthcare,201-1000,Product enquiry,8.2,2,0,synthetic_demo
L007590,2025-10-01,Retail,51-200,Product enquiry,6.46,1,0,synthetic_demo
L009710,2025-10-01,Healthcare,201-1000,Bulk order,17.39,2,1,synthetic_demo
L006505,2025-10-01,Technology,201-1000,Bulk order,9.03,2,1,synthetic_demo
L007571,2025-10-01,Technology,1001+,Supplier request,2.23,4,1,synthetic_demo
L007356,2025-10-01,Retail,1-50,Bulk order,8.15,0,1,synthetic_demo
L009686,2025-10-01,Manufacturing,1001+,Supplier request,4.72,1,1,synthetic_demo
L009706,2025-10-01,Manufacturing,1-50,Product enquiry,2.01,0,1,synthetic_demo
L003823,2025-10-01,Healthcare,51-200,Price quote,6.43,0,0,synthetic_demo
L010748,2025-10-01,Technology,51-200,Bulk order,14.17,1,0,synthetic_demo
L008794,2025-10-01,Technology,201-1000,Bulk order,10.17,5,1,synthetic_demo
L004687,2025-10-01,Retail,1001+,Bulk order,0.11,3,1,synthetic_demo
L011694,2025-10-01,Manufacturing,1-50,Bulk order,6.79,2,0,synthetic_demo
L010067,2025-10-01,Retail,1001+,Bulk order,3.6,1,0,synthetic_demo
L006838,2025-10-01,Healthcare,51-200,Product enquiry,7.04,1,0,synthetic_demo
L010329,2025-10-01,Retail,201-1000,Price quote,5.63,4,1,synthetic_demo
L007012,2025-10-01,Construction,201-1000,Bulk order,24.11,0,0,synthetic_demo
L007259,2025-10-01,Technology,1001+,Bulk order,2.88,3,0,synthetic_demo
L005405,2025-10-01,Healthcare,1-50,Price quote,6.79,4,0,synthetic_demo
L005879,2025-10-01,Technology,1-50,Bulk order,4.73,2,0,synthetic_demo
L003549,2025-10-01,Manufacturing,201-1000,Bulk order,42.73,2,0,synthetic_demo
L010428,2025-10-01,Technology,1001+,Supplier request,6.56,3,0,synthetic_demo
L001222,2025-10-01,Manufacturing,201-1000,Bulk order,5.91,4,0,synthetic_demo
L007610,2025-10-02,Construction,1-50,Bulk order,2.19,1,0,synthetic_demo
L007333,2025-10-02,Retail,201-1000,Price quote,9.96,1,0,synthetic_demo
L003066,2025-10-02,Retail,201-1000,Bulk order,8.38,2,1,synthetic_demo
L008936,2025-10-02,Construction,201-1000,Price quote,4.28,1,0,synthetic_demo
L010786,2025-10-02,Construction,201-1000,Supplier request,2.4,2,1,synthetic_demo
L007515,2025-10-02,Technology,1-50,Bulk order,1.11,3,0,synthetic_demo
L011942,2025-10-02,Retail,201-1000,Price quote,8.27,1,0,synthetic_demo
L009555,2025-10-02,Manufacturing,1-50,Price quote,4.79,4,1,synthetic_demo
L001673,2025-10-02,Technology,1-50,Product enquiry,12.24,3,0,synthetic_demo
L001346,2025-10-02,Healthcare,201-1000,Product enquiry,3.61,1,0,synthetic_demo
L010099,2025-10-02,Manufacturing,1001+,Product enquiry,9.7,3,0,synthetic_demo
L011858,2025-10-02,Healthcare,51-200,Supplier request,1.86,6,1,synthetic_demo
L001814,2025-10-02,Manufacturing,201-1000,Price quote,18.08,2,0,synthetic_demo
L003457,2025-10-02,Construction,201-1000,Bulk order,5.46,0,0,synthetic_demo
L002674,2025-10-02,Retail,51-200,Supplier request,12.62,2,0,synthetic_demo
L000387,2025-10-02,Technology,1-50,Bulk order,11.66,1,1,synthetic_demo
L001483,2025-10-02,Healthcare,1-50,Product enquiry,12.3,1,0,synthetic_demo
L011589,2025-10-02,Manufacturing,1-50,Price quote,6.46,3,0,synthetic_demo
L010258,2025-10-02,Retail,1-50,Product enquiry,8.8,0,0,synthetic_demo
L006043,2025-10-02,Technology,51-200,Product enquiry,5.99,3,0,synthetic_demo
L008464,2025-10-02,Technology,51-200,Bulk order,11.7,3,0,synthetic_demo
L002002,2025-10-02,Retail,201-1000,Price quote,5.81,3,0,synthetic_demo
L008768,2025-10-02,Construction,1-50,Price quote,7.68,2,0,synthetic_demo
L006703,2025-10-02,Construction,1001+,Product enquiry,19.05,3,0,synthetic_demo
L009692,2025-10-02,Manufacturing,51-200,Bulk order,7.31,2,0,synthetic_demo
L005918,2025-10-02,Technology,51-200,Product enquiry,4.73,5,1,synthetic_demo
L001003,2025-10-02,Manufacturing,201-1000,Price quote,18.95,1,0,synthetic_demo
L002434,2025-10-02,Retail,1001+,Price quote,16.25,2,1,synthetic_demo
L003306,2025-10-02,Manufacturing,201-1000,Supplier request,0.54,2,0,synthetic_demo
L010291,2025-10-02,Retail,1-50,Bulk order,11.29,5,0,synthetic_demo
L000882,2025-10-02,Healthcare,201-1000,Price quote,10.17,2,1,synthetic_demo
L003343,2025-10-02,Manufacturing,51-200,Bulk order,6.03,1,0,synthetic_demo
L006487,2025-10-02,Manufacturing,1001+,Bulk order,14.45,4,0,synthetic_demo
L008964,2025-10-03,Healthcare,1-50,Price quote,3.78,3,0,synthetic_demo
L003452,2025-10-03,Healthcare,201-1000,Supplier request,22.29,2,0,synthetic_demo
L007149,2025-10-03,Technology,51-200,Bulk order,7.67,2,0,synthetic_demo
L009579,2025-10-03,Manufacturing,201-1000,Product enquiry,11.53,5,1,synthetic_demo
L010890,2025-10-03,Manufacturing,51-200,Supplier request,3.47,2,0,synthetic_demo
L001100,2025-10-03,Manufacturing,51-200,Price quote,3.99,2,0,synthetic_demo
L002152,2025-10-03,Manufacturing,51-200,Product enquiry,2.18,2,0,synthetic_demo
L009598,2025-10-03,Retail,51-200,Product enquiry,4.85,0,0,synthetic_demo
L003497,2025-10-03,Technology,201-1000,Product enquiry,6.09,4,0,synthetic_demo
L008897,2025-10-03,Manufacturing,51-200,Product enquiry,10.89,1,0,synthetic_demo
L003038,2025-10-03,Manufacturing,1-50,Bulk order,11.1,1,0,synthetic_demo
L005822,2025-10-03,Technology,1-50,Bulk order,2.46,1,1,synthetic_demo
L001408,2025-10-03,Manufacturing,51-200,Price quote,6.42,0,0,synthetic_demo
L010903,2025-10-03,Retail,1-50,Product enquiry,4.87,1,0,synthetic_demo
L001785,2025-10-03,Manufacturing,201-1000,Price quote,9.91,4,1,synthetic_demo
L007979,2025-10-03,Construction,201-1000,Bulk order,3.85,4,0,synthetic_demo
L007038,2025-10-03,Technology,1-50,Product enquiry,2.03,2,0,synthetic_demo
L003684,2025-10-03,Retail,201-1000,Bulk order,13.64,1,0,synthetic_demo
L006690,2025-10-03,Retail,1-50,Price quote,14.58,2,0,synthetic_demo
L006848,2025-10-03,Retail,1001+,Product enquiry,4.0,0,0,synthetic_demo
L008337,2025-10-03,Technology,51-200,Supplier request,6.96,2,0,synthetic_demo
L006074,2025-10-03,Manufacturing,51-200,Product enquiry,5.31,3,0,synthetic_demo
L007839,2025-10-03,Technology,51-200,Bulk order,11.9,4,0,synthetic_demo
L004943,2025-10-03,Healthcare,1-50,Product enquiry,32.02,2,0,synthetic_demo
L006049,2025-10-03,Manufacturing,201-1000,Product enquiry,5.49,1,0,synthetic_demo
L000940,2025-10-03,Manufacturing,51-200,Bulk order,8.17,0,0,synthetic_demo
L000954,2025-10-03,Manufacturing,51-200,Price quote,9.08,2,0,synthetic_demo
L003863,2025-10-04,Technology,51-200,Supplier request,18.94,5,0,synthetic_demo
L004092,2025-10-04,Technology,1001+,Supplier request,4.22,5,1,synthetic_demo
L001276,2025-10-04,Retail,1001+,Price quote,9.71,2,0,synthetic_demo
L001437,2025-10-04,Manufacturing,51-200,Product enquiry,9.95,4,0,synthetic_demo
L002894,2025-10-04,Healthcare,201-1000,Supplier request,9.5,1,1,synthetic_demo
L004890,2025-10-04,Construction,201-1000,Bulk order,19.0,6,1,synthetic_demo
L010404,2025-10-04,Healthcare,201-1000,Price quote,4.11,2,1,synthetic_demo
L004039,2025-10-04,Retail,51-200,Price quote,5.12,3,1,synthetic_demo
L007942,2025-10-04,Retail,201-1000,Price quote,5.25,1,0,synthetic_demo
L002427,2025-10-04,Manufacturing,1-50,Supplier request,23.74,4,0,synthetic_demo
L000505,2025-10-04,Healthcare,51-200,Bulk order,10.76,2,0,synthetic_demo
L005955,2025-10-04,Retail,1001+,Price quote,5.65,4,0,synthetic_demo
L008374,2025-10-04,Retail,51-200,Product enquiry,14.41,0,0,synthetic_demo
L004878,2025-10-04,Technology,1-50,Bulk order,11.13,5,1,synthetic_demo
L001632,2025-10-04,Construction,201-1000,Price quote,4.76,2,0,synthetic_demo
L003040,2025-10-04,Healthcare,201-1000,Supplier request,11.24,0,0,synthetic_demo
L000599,2025-10-04,Construction,201-1000,Bulk order,1.34,0,0,synthetic_demo
L007849,2025-10-04,Manufacturing,201-1000,Price quote,12.32,0,0,synthetic_demo
L001909,2025-10-04,Technology,51-200,Product enquiry,3.12,1,0,synthetic_demo
L008536,2025-10-04,Manufacturing,51-200,Supplier request,16.02,2,0,synthetic_demo
L002276,2025-10-04,Manufacturing,201-1000,Price quote,6.38,4,0,synthetic_demo
L003200,2025-10-04,Construction,51-200,Product enquiry,6.64,3,0,synthetic_demo
L007103,2025-10-04,Healthcare,201-1000,Product enquiry,1.07,1,0,synthetic_demo
L008939,2025-10-04,Retail,51-200,Supplier request,4.58,7,1,synthetic_demo
L001883,2025-10-04,Retail,51-200,Product enquiry,12.68,1,0,synthetic_demo
L011524,2025-10-04,Manufacturing,51-200,Product enquiry,5.93,5,0,synthetic_demo
L009007,2025-10-04,Manufacturing,1-50,Price quote,5.24,4,0,synthetic_demo
L002777,2025-10-04,Healthcare,201-1000,Bulk order,12.91,6,1,synthetic_demo
L006767,2025-10-04,Technology,1-50,Price quote,6.79,2,0,synthetic_demo
L001609,2025-10-05,Retail,51-200,Price quote,7.02,3,0,synthetic_demo
L007813,2025-10-05,Technology,201-1000,Price quote,12.05,3,0,synthetic_demo
L008250,2025-10-05,Manufacturing,51-200,Price quote,9.41,1,0,synthetic_demo
L000354,2025-10-05,Healthcare,51-200,Supplier request,0.73,3,0,synthetic_demo
L011292,2025-10-05,Retail,201-1000,Price quote,26.63,4,0,synthetic_demo
L011696,2025-10-05,Technology,51-200,Price quote,3.93,2,0,synthetic_demo
L009254,2025-10-05,Technology,51-200,Product enquiry,18.97,4,0,synthetic_demo
L011386,2025-10-05,Manufacturing,1-50,Bulk order,8.7,2,0,synthetic_demo
L011290,2025-10-05,Manufacturing,1-50,Bulk order,4.62,3,0,synthetic_demo
L001577,2025-10-05,Technology,51-200,Price quote,5.04,4,1,synthetic_demo
L006581,2025-10-05,Technology,1-50,Supplier request,13.72,0,1,synthetic_demo
L004636,2025-10-05,Manufacturing,51-200,Price quote,5.02,3,0,synthetic_demo
L001754,2025-10-05,Technology,1-50,Bulk order,1.95,1,0,synthetic_demo
L011671,2025-10-05,Retail,1-50,Bulk order,4.0,6,1,synthetic_demo
L003902,2025-10-05,Technology,51-200,Bulk order,28.28,0,0,synthetic_demo
L003367,2025-10-05,Technology,201-1000,Price quote,13.57,5,1,synthetic_demo
L009227,2025-10-05,Construction,51-200,Price quote,15.18,3,0,synthetic_demo
L001061,2025-10-05,Construction,51-200,Price quote,7.48,5,0,synthetic_demo
L005080,2025-10-05,Technology,1-50,Price quote,13.39,3,0,synthetic_demo
L011435,2025-10-05,Healthcare,201-1000,Supplier request,13.96,3,0,synthetic_demo
L001095,2025-10-05,Healthcare,51-200,Price quote,2.38,0,0,synthetic_demo
L004330,2025-10-05,Construction,1-50,Bulk order,5.21,2,0,synthetic_demo
L008170,2025-10-05,Retail,51-200,Bulk order,18.39,3,0,synthetic_demo
L001018,2025-10-05,Technology,51-200,Product enquiry,8.63,1,1,synthetic_demo
L004720,2025-10-05,Manufacturing,51-200,Bulk order,4.15,3,1,synthetic_demo
L009478,2025-10-05,Technology,1-50,Product enquiry,12.75,2,0,synthetic_demo
L006346,2025-10-05,Healthcare,1-50,Bulk order,5.14,2,0,synthetic_demo
L011032,2025-10-05,Manufacturing,201-1000,Price quote,9.74,1,0,synthetic_demo
L010238,2025-10-05,Manufacturing,1-50,Product enquiry,11.45,4,0,synthetic_demo
L008864,2025-10-05,Healthcare,1-50,Product enquiry,5.53,5,0,synthetic_demo
L000126,2025-10-05,Healthcare,201-1000,Product enquiry,8.14,0,0,synthetic_demo
L001996,2025-10-05,Technology,1-50,Product enquiry,3.49,0,0,synthetic_demo
L002633,2025-10-06,Construction,201-1000,Price quote,9.99,2,0,synthetic_demo
L006611,2025-10-06,Technology,51-200,Bulk order,8.6,1,0,synthetic_demo
L001458,2025-10-06,Retail,201-1000,Product enquiry,18.85,1,0,synthetic_demo
L000064,2025-10-06,Technology,201-1000,Product enquiry,4.11,3,0,synthetic_demo
L002679,2025-10-06,Technology,1-50,Product enquiry,9.52,3,0,synthetic_demo
L005440,2025-10-06,Manufacturing,1001+,Bulk order,8.09,3,1,synthetic_demo
L009900,2025-10-06,Construction,201-1000,Price quote,12.48,2,0,synthetic_demo
L000562,2025-10-06,Manufacturing,51-200,Product enquiry,9.5,1,0,synthetic_demo
L004798,2025-10-06,Retail,51-200,Bulk order,7.46,0,0,synthetic_demo
L010991,2025-10-06,Healthcare,51-200,Supplier request,15.08,1,0,synthetic_demo
L005651,2025-10-06,Construction,1-50,Bulk order,9.3,2,0,synthetic_demo
L003785,2025-10-06,Healthcare,51-200,Product enquiry,5.85,0,0,synthetic_demo
L000682,2025-10-06,Manufacturing,51-200,Price quote,17.68,2,0,synthetic_demo
L011633,2025-10-06,Manufacturing,1001+,Product enquiry,6.44,1,1,synthetic_demo
L008045,2025-10-06,Construction,51-200,Price quote,12.75,1,0,synthetic_demo
L008467,2025-10-06,Retail,201-1000,Supplier request,8.16,2,0,synthetic_demo
L006408,2025-10-06,Manufacturing,51-200,Price quote,8.69,3,0,synthetic_demo
L010549,2025-10-06,Healthcare,1001+,Price quote,8.05,1,1,synthetic_demo
L006462,2025-10-06,Technology,51-200,Price quote,5.54,3,0,synthetic_demo
L002593,2025-10-06,Technology,201-1000,Price quote,2.89,0,0,synthetic_demo
L005128,2025-10-06,Manufacturing,201-1000,Price quote,8.43,1,0,synthetic_demo
L008966,2025-10-07,Manufacturing,51-200,Product enquiry,10.69,1,0,synthetic_demo
L010270,2025-10-07,Manufacturing,51-200,Price quote,6.22,5,0,synthetic_demo
L007238,2025-10-07,Healthcare,1-50,Product enquiry,16.7,4,0,synthetic_demo
L010365,2025-10-07,Manufacturing,201-1000,Bulk order,13.93,2,0,synthetic_demo
L006755,2025-10-07,Retail,1-50,Product enquiry,6.77,4,1,synthetic_demo
L002187,2025-10-07,Technology,51-200,Supplier request,12.17,1,0,synthetic_demo
L010485,2025-10-07,Manufacturing,201-1000,Product enquiry,11.46,0,0,synthetic_demo
L008150,2025-10-07,Manufacturing,1001+,Price quote,13.61,6,1,synthetic_demo
L008580,2025-10-07,Manufacturing,51-200,Supplier request,11.69,1,1,synthetic_demo
L005881,2025-10-07,Retail,51-200,Supplier request,13.59,0,0,synthetic_demo
L006032,2025-10-07,Retail,1001+,Price quote,4.19,3,1,synthetic_demo
L001691,2025-10-07,Technology,1-50,Bulk order,8.52,3,0,synthetic_demo
L010447,2025-10-07,Technology,1-50,Price quote,10.41,3,0,synthetic_demo
L004719,2025-10-07,Healthcare,201-1000,Supplier request,1.57,3,0,synthetic_demo
L000335,2025-10-07,Manufacturing,1-50,Supplier request,14.76,2,0,synthetic_demo
L008806,2025-10-07,Healthcare,1001+,Bulk order,7.97,2,0,synthetic_demo
L006230,2025-10-07,Retail,201-1000,Bulk order,11.07,0,0,synthetic_demo
L000900,2025-10-07,Healthcare,51-200,Price quote,7.96,1,0,synthetic_demo
L003495,2025-10-07,Manufacturing,1-50,Supplier request,10.15,3,0,synthetic_demo
L001642,2025-10-07,Manufacturing,201-1000,Supplier request,26.15,1,0,synthetic_demo
L010867,2025-10-07,Manufacturing,201-1000,Price quote,9.14,1,0,synthetic_demo
L007981,2025-10-07,Retail,1-50,Price quote,10.01,1,1,synthetic_demo
L008732,2025-10-07,Healthcare,1-50,Bulk order,6.37,2,1,synthetic_demo
L005000,2025-10-07,Healthcare,51-200,Price quote,7.69,2,0,synthetic_demo
L007572,2025-10-07,Construction,201-1000,Product enquiry,8.5,2,0,synthetic_demo
L008063,2025-10-07,Healthcare,1-50,Supplier request,4.92,2,0,synthetic_demo
L011289,2025-10-07,Retail,1-50,Product enquiry,4.58,1,1,synthetic_demo
L011807,2025-10-07,Healthcare,201-1000,Product enquiry,3.44,4,1,synthetic_demo
L010918,2025-10-07,Healthcare,1-50,Bulk order,20.69,3,0,synthetic_demo
L000401,2025-10-08,Retail,201-1000,Price quote,28.82,2,1,synthetic_demo
L003502,2025-10-08,Healthcare,1001+,Product enquiry,14.63,1,0,synthetic_demo
L007798,2025-10-08,Construction,1-50,Product enquiry,13.84,1,0,synthetic_demo
L009151,2025-10-08,Retail,51-200,Bulk order,23.66,2,0,synthetic_demo
L006228,2025-10-08,Retail,51-200,Supplier request,13.37,3,1,synthetic_demo
L001107,2025-10-08,Manufacturing,201-1000,Price quote,3.84,3,1,synthetic_demo
L002201,2025-10-08,Manufacturing,51-200,Price quote,14.51,0,0,synthetic_demo
L005669,2025-10-08,Technology,51-200,Supplier request,14.22,4,1,synthetic_demo
L000482,2025-10-08,Manufacturing,201-1000,Bulk order,13.4,2,0,synthetic_demo
L011707,2025-10-08,Healthcare,1-50,Price quote,9.95,0,0,synthetic_demo
L006864,2025-10-08,Retail,201-1000,Price quote,24.95,2,0,synthetic_demo
L000393,2025-10-08,Healthcare,201-1000,Product enquiry,1.63,2,0,synthetic_demo
L007437,2025-10-08,Manufacturing,201-1000,Bulk order,10.23,0,0,synthetic_demo
L007613,2025-10-08,Technology,51-200,Bulk order,10.77,3,0,synthetic_demo
L010113,2025-10-08,Retail,1-50,Product enquiry,11.32,3,0,synthetic_demo
L002999,2025-10-08,Construction,51-200,Product enquiry,8.55,2,0,synthetic_demo
L011173,2025-10-08,Technology,201-1000,Price quote,1.41,1,0,synthetic_demo
L009759,2025-10-08,Manufacturing,51-200,Product enquiry,3.74,2,0,synthetic_demo
L001977,2025-10-08,Retail,1-50,Price quote,7.07,1,0,synthetic_demo
L005075,2025-10-08,Construction,51-200,Price quote,19.94,3,0,synthetic_demo
L005028,2025-10-08,Retail,1-50,Bulk order,9.16,1,0,synthetic_demo
L003265,2025-10-08,Retail,1-50,Supplier request,9.15,3,0,synthetic_demo
L011933,2025-10-08,Manufacturing,201-1000,Price quote,12.44,3,0,synthetic_demo
L007020,2025-10-08,Healthcare,1-50,Product enquiry,20.86,1,0,synthetic_demo
L010188,2025-10-08,Retail,51-200,Product enquiry,4.46,1,0,synthetic_demo
L010090,2025-10-08,Healthcare,201-1000,Product enquiry,5.93,3,1,synthetic_demo
L004677,2025-10-08,Manufacturing,201-1000,Price quote,14.38,4,0,synthetic_demo
L000076,2025-10-08,Retail,1001+,Supplier request,4.5,0,0,synthetic_demo
L005757,2025-10-08,Manufacturing,51-200,Product enquiry,14.59,0,0,synthetic_demo
L011436,2025-10-08,Healthcare,1-50,Supplier request,13.42,0,0,synthetic_demo
L006945,2025-10-08,Retail,51-200,Bulk order,9.15,2,0,synthetic_demo
L002776,2025-10-08,Retail,1-50,Product enquiry,11.97,3,0,synthetic_demo
L003740,2025-10-08,Retail,51-200,Price quote,7.9,0,0,synthetic_demo
L004722,2025-10-08,Healthcare,201-1000,Product enquiry,6.14,1,1,synthetic_demo
L005552,2025-10-08,Manufacturing,1-50,Product enquiry,8.14,1,0,synthetic_demo
L002764,2025-10-08,Retail,1-50,Supplier request,10.65,2,0,synthetic_demo
L006481,2025-10-09,Technology,201-1000,Product enquiry,13.13,2,0,synthetic_demo
L009788,2025-10-09,Retail,51-200,Product enquiry,21.7,5,0,synthetic_demo
L007371,2025-10-09,Retail,51-200,Bulk order,2.52,4,0,synthetic_demo
L004094,2025-10-09,Manufacturing,1-50,Bulk order,17.58,3,0,synthetic_demo
L001253,2025-10-09,Manufacturing,51-200,Price quote,7.17,3,0,synthetic_demo
L011727,2025-10-09,Retail,51-200,Supplier request,7.56,3,0,synthetic_demo
L004424,2025-10-09,Manufacturing,51-200,Supplier request,3.12,4,0,synthetic_demo
L007138,2025-10-09,Manufacturing,201-1000,Price quote,35.9,2,1,synthetic_demo
L010792,2025-10-09,Technology,1001+,Supplier request,18.91,2,0,synthetic_demo
L006660,2025-10-09,Retail,51-200,Product enquiry,5.18,1,0,synthetic_demo
L002552,2025-10-09,Healthcare,1-50,Supplier request,9.32,6,1,synthetic_demo
L005058,2025-10-09,Healthcare,1001+,Product enquiry,14.48,1,0,synthetic_demo
L002489,2025-10-09,Manufacturing,51-200,Product enquiry,16.08,3,0,synthetic_demo
L004792,2025-10-09,Manufacturing,51-200,Price quote,15.82,1,0,synthetic_demo
L005579,2025-10-09,Construction,51-200,Product enquiry,27.6,1,0,synthetic_demo
L005996,2025-10-09,Retail,1-50,Price quote,17.83,4,0,synthetic_demo
L010976,2025-10-09,Retail,201-1000,Price quote,5.45,3,0,synthetic_demo
L008365,2025-10-09,Healthcare,1-50,Bulk order,15.61,2,0,synthetic_demo
L007723,2025-10-09,Manufacturing,51-200,Price quote,12.9,2,0,synthetic_demo
L009448,2025-10-09,Healthcare,51-200,Supplier request,21.02,4,0,synthetic_demo
L010481,2025-10-09,Construction,1001+,Bulk order,11.83,2,1,synthetic_demo
L007715,2025-10-09,Retail,1-50,Product enquiry,12.82,2,0,synthetic_demo
L002323,2025-10-09,Retail,201-1000,Bulk order,16.46,2,0,synthetic_demo
L004069,2025-10-09,Construction,1-50,Supplier request,7.7,4,0,synthetic_demo
L009773,2025-10-09,Technology,51-200,Price quote,10.84,1,1,synthetic_demo
L001810,2025-10-09,Manufacturing,1001+,Supplier request,1.17,1,0,synthetic_demo
L001843,2025-10-09,Manufacturing,201-1000,Price quote,18.12,1,0,synthetic_demo
L002665,2025-10-09,Healthcare,1-50,Bulk order,9.67,3,0,synthetic_demo
L003837,2025-10-09,Technology,1-50,Price quote,7.64,0,0,synthetic_demo
L009997,2025-10-09,Retail,51-200,Supplier request,10.82,1,0,synthetic_demo
L006234,2025-10-09,Manufacturing,201-1000,Bulk order,3.95,0,0,synthetic_demo
L000756,2025-10-09,Manufacturing,201-1000,Product enquiry,7.54,3,0,synthetic_demo
L008743,2025-10-09,Manufacturing,1-50,Product enquiry,8.47,1,0,synthetic_demo
L004820,2025-10-09,Healthcare,201-1000,Price quote,5.76,3,0,synthetic_demo
L001240,2025-10-09,Manufacturing,1-50,Price quote,16.98,3,0,synthetic_demo
L009587,2025-10-09,Retail,51-200,Price quote,4.7,1,0,synthetic_demo
L007194,2025-10-09,Healthcare,201-1000,Price quote,9.51,1,0,synthetic_demo
L001656,2025-10-09,Retail,1-50,Price quote,13.34,2,0,synthetic_demo
L002239,2025-10-10,Retail,201-1000,Bulk order,14.2,1,0,synthetic_demo
L003730,2025-10-10,Technology,1001+,Product enquiry,2.91,2,0,synthetic_demo
L010762,2025-10-10,Technology,1001+,Supplier request,5.03,1,1,synthetic_demo
L005882,2025-10-10,Manufacturing,51-200,Product enquiry,6.65,1,0,synthetic_demo
L004192,2025-10-10,Technology,1-50,Supplier request,29.27,2,0,synthetic_demo
L004218,2025-10-10,Manufacturing,51-200,Bulk order,7.78,4,1,synthetic_demo
L005622,2025-10-10,Retail,1-50,Product enquiry,16.84,1,0,synthetic_demo
L009592,2025-10-10,Manufacturing,51-200,Supplier request,6.94,5,0,synthetic_demo
L009199,2025-10-10,Retail,51-200,Supplier request,15.42,2,0,synthetic_demo
L004526,2025-10-10,Healthcare,51-200,Price quote,5.52,0,0,synthetic_demo
L003733,2025-10-10,Healthcare,1-50,Bulk order,6.65,1,0,synthetic_demo
L011284,2025-10-10,Manufacturing,201-1000,Price quote,33.51,3,0,synthetic_demo
L010121,2025-10-10,Manufacturing,51-200,Bulk order,23.82,1,0,synthetic_demo
L002523,2025-10-10,Retail,1-50,Price quote,11.05,2,0,synthetic_demo
L007086,2025-10-10,Technology,51-200,Bulk order,15.45,2,0,synthetic_demo
L005859,2025-10-10,Healthcare,1-50,Price quote,10.24,1,0,synthetic_demo
L001887,2025-10-10,Manufacturing,1001+,Bulk order,5.77,4,1,synthetic_demo
L004411,2025-10-10,Retail,1-50,Supplier request,10.68,0,0,synthetic_demo
L009309,2025-10-10,Retail,1001+,Price quote,5.23,2,1,synthetic_demo
L005449,2025-10-10,Healthcare,51-200,Bulk order,5.53,4,1,synthetic_demo
L010392,2025-10-10,Construction,1001+,Product enquiry,2.23,2,0,synthetic_demo
L006425,2025-10-10,Manufacturing,201-1000,Product enquiry,8.49,3,0,synthetic_demo
L003123,2025-10-10,Retail,1-50,Supplier request,10.39,1,1,synthetic_demo
L002643,2025-10-10,Healthcare,201-1000,Product enquiry,16.74,3,0,synthetic_demo
L010988,2025-10-10,Construction,1-50,Product enquiry,16.61,5,0,synthetic_demo
L007592,2025-10-10,Construction,1001+,Product enquiry,11.69,2,0,synthetic_demo
L009752,2025-10-10,Construction,51-200,Product enquiry,33.51,3,0,synthetic_demo
L007574,2025-10-10,Retail,51-200,Bulk order,17.6,3,0,synthetic_demo
L011765,2025-10-10,Construction,1-50,Product enquiry,4.65,4,1,synthetic_demo
L011663,2025-10-10,Retail,201-1000,Price quote,7.22,2,0,synthetic_demo
L008502,2025-10-10,Technology,1-50,Price quote,6.73,0,0,synthetic_demo
L000169,2025-10-10,Retail,1-50,Product enquiry,3.65,3,0,synthetic_demo
L000328,2025-10-10,Healthcare,1-50,Price quote,12.13,2,0,synthetic_demo
L000507,2025-10-10,Retail,201-1000,Price quote,9.52,1,0,synthetic_demo
L000254,2025-10-11,Manufacturing,1-50,Bulk order,15.73,4,0,synthetic_demo
L010566,2025-10-11,Retail,1-50,Price quote,12.67,2,0,synthetic_demo
L000024,2025-10-11,Construction,1-50,Bulk order,9.17,4,0,synthetic_demo
L002273,2025-10-11,Technology,1001+,Bulk order,7.91,0,0,synthetic_demo
L007985,2025-10-11,Technology,201-1000,Bulk order,0.93,1,1,synthetic_demo
L002781,2025-10-11,Manufacturing,51-200,Bulk order,9.19,1,0,synthetic_demo
L008115,2025-10-11,Manufacturing,201-1000,Product enquiry,8.71,2,0,synthetic_demo
L011343,2025-10-11,Retail,201-1000,Supplier request,9.52,1,0,synthetic_demo
L002170,2025-10-11,Healthcare,201-1000,Price quote,1.35,2,1,synthetic_demo
L004904,2025-10-11,Construction,201-1000,Bulk order,15.89,0,0,synthetic_demo
L005223,2025-10-11,Manufacturing,1-50,Product enquiry,6.94,2,0,synthetic_demo
L011199,2025-10-11,Manufacturing,201-1000,Price quote,2.3,2,1,synthetic_demo
L010319,2025-10-11,Construction,1-50,Bulk order,2.34,2,0,synthetic_demo
L001986,2025-10-11,Construction,51-200,Price quote,10.62,1,0,synthetic_demo
L001216,2025-10-11,Healthcare,1-50,Product enquiry,9.89,3,0,synthetic_demo
L000820,2025-10-11,Retail,51-200,Price quote,9.38,1,0,synthetic_demo
L001892,2025-10-11,Technology,1001+,Bulk order,24.09,2,0,synthetic_demo
L006779,2025-10-11,Retail,1-50,Supplier request,4.43,4,0,synthetic_demo
L007734,2025-10-11,Manufacturing,1001+,Supplier request,10.62,3,0,synthetic_demo
L000865,2025-10-11,Manufacturing,51-200,Bulk order,2.57,5,0,synthetic_demo
L010994,2025-10-11,Manufacturing,1-50,Bulk order,10.6,1,0,synthetic_demo
L002358,2025-10-11,Healthcare,1001+,Bulk order,11.96,2,0,synthetic_demo
L000841,2025-10-11,Manufacturing,51-200,Bulk order,1.55,2,1,synthetic_demo
L006715,2025-10-11,Healthcare,51-200,Product enquiry,2.3,3,0,synthetic_demo
L009586,2025-10-11,Construction,51-200,Product enquiry,10.27,1,0,synthetic_demo
L009343,2025-10-11,Technology,1001+,Product enquiry,21.28,0,0,synthetic_demo
L006011,2025-10-11,Technology,201-1000,Price quote,11.68,1,0,synthetic_demo
L003612,2025-10-11,Retail,51-200,Product enquiry,5.82,1,0,synthetic_demo
L009723,2025-10-11,Retail,1-50,Price quote,5.17,1,0,synthetic_demo
L006807,2025-10-11,Healthcare,201-1000,Supplier request,7.51,3,0,synthetic_demo
L002534,2025-10-11,Manufacturing,1-50,Bulk order,36.59,1,0,synthetic_demo
L003803,2025-10-11,Retail,51-200,Bulk order,8.87,2,0,synthetic_demo
L006687,2025-10-11,Construction,1-50,Product enquiry,6.19,6,0,synthetic_demo
L001426,2025-10-11,Retail,51-200,Product enquiry,11.01,2,0,synthetic_demo
L008282,2025-10-11,Healthcare,51-200,Price quote,8.11,1,0,synthetic_demo
L008238,2025-10-11,Healthcare,1001+,Price quote,6.46,1,0,synthetic_demo
L004040,2025-10-11,Technology,1-50,Supplier request,16.43,6,0,synthetic_demo
L008766,2025-10-11,Retail,1001+,Price quote,14.79,2,1,synthetic_demo
L010135,2025-10-11,Healthcare,1-50,Bulk order,1.5,1,0,synthetic_demo
L001844,2025-10-11,Construction,51-200,Bulk order,11.48,4,0,synthetic_demo
L004983,2025-10-11,Retail,1-50,Bulk order,8.62,7,1,synthetic_demo
L001760,2025-10-11,Construction,51-200,Price quote,20.4,2,0,synthetic_demo
L001799,2025-10-11,Healthcare,1-50,Bulk order,4.04,1,0,synthetic_demo
L009140,2025-10-11,Manufacturing,1001+,Bulk order,23.84,0,0,synthetic_demo
L007218,2025-10-11,Technology,201-1000,Supplier request,4.69,4,1,synthetic_demo
L007140,2025-10-11,Manufacturing,201-1000,Supplier request,7.18,3,0,synthetic_demo
L009172,2025-10-11,Technology,201-1000,Product enquiry,15.41,2,0,synthetic_demo
L010637,2025-10-11,Construction,51-200,Product enquiry,34.04,1,0,synthetic_demo
L008754,2025-10-11,Technology,201-1000,Bulk order,9.94,0,0,synthetic_demo
L006304,2025-10-11,Manufacturing,51-200,Bulk order,20.12,3,0,synthetic_demo
L001213,2025-10-11,Healthcare,51-200,Bulk order,5.85,3,0,synthetic_demo
L004416,2025-10-11,Technology,201-1000,Product enquiry,16.09,1,0,synthetic_demo
L006333,2025-10-12,Healthcare,51-200,Bulk order,14.72,4,1,synthetic_demo
L011003,2025-10-12,Construction,1-50,Bulk order,7.41,2,0,synthetic_demo
L005447,2025-10-12,Technology,51-200,Supplier request,5.36,1,0,synthetic_demo
L007608,2025-10-12,Manufacturing,1001+,Product enquiry,9.51,2,0,synthetic_demo
L009523,2025-10-12,Manufacturing,51-200,Product enquiry,12.21,3,0,synthetic_demo
L008484,2025-10-12,Healthcare,51-200,Product enquiry,19.39,0,0,synthetic_demo
L003809,2025-10-12,Construction,1-50,Price quote,10.12,3,0,synthetic_demo
L001139,2025-10-12,Manufacturing,1-50,Price quote,13.45,1,0,synthetic_demo
L011917,2025-10-12,Technology,1-50,Product enquiry,14.43,3,0,synthetic_demo
L010277,2025-10-12,Technology,51-200,Supplier request,3.19,2,0,synthetic_demo
L011847,2025-10-12,Technology,1-50,Bulk order,16.14,3,0,synthetic_demo
L009778,2025-10-12,Technology,51-200,Supplier request,2.9,2,0,synthetic_demo
L001364,2025-10-12,Manufacturing,1001+,Bulk order,3.93,1,1,synthetic_demo
L002437,2025-10-12,Healthcare,1-50,Product enquiry,10.76,6,0,synthetic_demo
L010602,2025-10-12,Technology,201-1000,Price quote,1.83,0,0,synthetic_demo
L009191,2025-10-12,Retail,1001+,Supplier request,2.69,0,0,synthetic_demo
L006793,2025-10-12,Technology,201-1000,Supplier request,6.71,1,0,synthetic_demo
L008741,2025-10-12,Manufacturing,51-200,Product enquiry,12.62,1,0,synthetic_demo
L006156,2025-10-12,Manufacturing,51-200,Supplier request,14.91,2,0,synthetic_demo
L010761,2025-10-12,Manufacturing,201-1000,Price quote,6.75,3,0,synthetic_demo
L008863,2025-10-12,Construction,1-50,Supplier request,13.56,3,0,synthetic_demo
L010234,2025-10-12,Retail,51-200,Bulk order,16.39,2,1,synthetic_demo
L008266,2025-10-12,Construction,1001+,Product enquiry,18.15,4,0,synthetic_demo
L011127,2025-10-12,Retail,51-200,Bulk order,7.22,1,1,synthetic_demo
L007643,2025-10-12,Retail,1-50,Price quote,8.3,0,0,synthetic_demo
L000218,2025-10-12,Manufacturing,51-200,Supplier request,4.28,1,0,synthetic_demo
L009749,2025-10-13,Technology,201-1000,Supplier request,20.02,3,0,synthetic_demo
L009850,2025-10-13,Manufacturing,1-50,Product enquiry,8.81,2,0,synthetic_demo
L004768,2025-10-13,Healthcare,201-1000,Product enquiry,3.27,2,0,synthetic_demo
L003077,2025-10-13,Retail,51-200,Price quote,12.67,0,0,synthetic_demo
L011261,2025-10-13,Healthcare,201-1000,Product enquiry,4.46,2,0,synthetic_demo
L006782,2025-10-13,Retail,1001+,Bulk order,7.2,1,1,synthetic_demo
L003781,2025-10-13,Manufacturing,1-50,Product enquiry,3.61,2,0,synthetic_demo
L007368,2025-10-13,Technology,1001+,Product enquiry,12.41,3,0,synthetic_demo
L000405,2025-10-13,Construction,1001+,Bulk order,4.67,1,0,synthetic_demo
L001640,2025-10-13,Technology,1-50,Bulk order,7.0,3,0,synthetic_demo
L005071,2025-10-13,Retail,1001+,Price quote,6.75,3,0,synthetic_demo
L005889,2025-10-13,Technology,201-1000,Price quote,31.52,4,0,synthetic_demo
L010663,2025-10-13,Construction,201-1000,Bulk order,3.96,0,0,synthetic_demo
L005930,2025-10-13,Manufacturing,201-1000,Price quote,20.82,3,0,synthetic_demo
L009985,2025-10-13,Healthcare,1-50,Supplier request,8.28,3,0,synthetic_demo
L008471,2025-10-13,Retail,201-1000,Price quote,2.26,4,0,synthetic_demo
L011688,2025-10-13,Manufacturing,51-200,Supplier request,4.72,4,0,synthetic_demo
L010871,2025-10-13,Retail,1001+,Price quote,13.62,1,1,synthetic_demo
L000766,2025-10-13,Manufacturing,1-50,Product enquiry,3.13,1,0,synthetic_demo
L004284,2025-10-13,Manufacturing,51-200,Product enquiry,28.42,2,0,synthetic_demo
L001771,2025-10-13,Healthcare,1001+,Supplier request,9.91,3,0,synthetic_demo
L005761,2025-10-13,Manufacturing,201-1000,Product enquiry,5.32,4,0,synthetic_demo
L000201,2025-10-13,Technology,201-1000,Price quote,22.47,2,0,synthetic_demo
L010802,2025-10-13,Manufacturing,201-1000,Product enquiry,5.08,0,0,synthetic_demo
L003360,2025-10-13,Technology,1-50,Product enquiry,4.94,4,0,synthetic_demo
L001087,2025-10-13,Technology,51-200,Product enquiry,7.4,7,0,synthetic_demo
L000780,2025-10-13,Construction,201-1000,Product enquiry,7.31,2,0,synthetic_demo
L003481,2025-10-13,Retail,1-50,Price quote,1.66,4,0,synthetic_demo
L009469,2025-10-13,Healthcare,201-1000,Price quote,13.88,3,1,synthetic_demo
L010195,2025-10-13,Manufacturing,1-50,Product enquiry,9.31,5,0,synthetic_demo
L008032,2025-10-13,Retail,51-200,Supplier request,12.45,4,1,synthetic_demo
L008681,2025-10-13,Manufacturing,51-200,Supplier request,4.09,5,0,synthetic_demo
L011861,2025-10-13,Construction,1-50,Bulk order,30.15,3,0,synthetic_demo
L005783,2025-10-13,Retail,1-50,Price quote,15.04,5,0,synthetic_demo
L010989,2025-10-14,Manufacturing,51-200,Bulk order,19.7,3,0,synthetic_demo
L009793,2025-10-14,Manufacturing,201-1000,Price quote,0.56,1,1,synthetic_demo
L008838,2025-10-14,Technology,51-200,Bulk order,10.51,0,0,synthetic_demo
L004451,2025-10-14,Technology,201-1000,Bulk order,18.47,2,0,synthetic_demo
L010363,2025-10-14,Manufacturing,1-50,Price quote,10.46,1,1,synthetic_demo
L010282,2025-10-14,Technology,1001+,Bulk order,16.76,0,0,synthetic_demo
L008308,2025-10-14,Technology,1-50,Product enquiry,1.5,1,0,synthetic_demo
L008899,2025-10-14,Retail,201-1000,Price quote,2.13,1,0,synthetic_demo
L000960,2025-10-14,Healthcare,201-1000,Product enquiry,0.81,2,1,synthetic_demo
L008329,2025-10-14,Technology,201-1000,Supplier request,18.33,5,0,synthetic_demo
L003952,2025-10-14,Construction,1-50,Bulk order,5.13,4,1,synthetic_demo
L001738,2025-10-14,Manufacturing,51-200,Bulk order,9.55,2,0,synthetic_demo
L001262,2025-10-14,Retail,1-50,Product enquiry,21.36,2,0,synthetic_demo
L008923,2025-10-14,Manufacturing,51-200,Supplier request,9.25,4,0,synthetic_demo
L011297,2025-10-14,Technology,51-200,Price quote,6.07,4,1,synthetic_demo
L003948,2025-10-14,Manufacturing,1-50,Bulk order,15.92,2,0,synthetic_demo
L008446,2025-10-14,Manufacturing,51-200,Product enquiry,25.25,1,0,synthetic_demo
L007973,2025-10-14,Healthcare,1001+,Supplier request,18.65,5,0,synthetic_demo
L005265,2025-10-14,Retail,201-1000,Bulk order,16.25,1,0,synthetic_demo
L003424,2025-10-14,Retail,1-50,Price quote,8.0,2,1,synthetic_demo
L009207,2025-10-14,Healthcare,1-50,Bulk order,2.14,4,0,synthetic_demo
L003324,2025-10-14,Technology,1-50,Price quote,4.68,5,0,synthetic_demo
L006214,2025-10-14,Healthcare,1-50,Supplier request,21.18,2,0,synthetic_demo
L007494,2025-10-14,Manufacturing,51-200,Bulk order,10.39,5,0,synthetic_demo
L006144,2025-10-14,Healthcare,1-50,Price quote,10.48,0,0,synthetic_demo
L002541,2025-10-14,Healthcare,201-1000,Price quote,6.23,2,0,synthetic_demo
L010838,2025-10-14,Technology,1-50,Product enquiry,24.69,3,1,synthetic_demo
L002734,2025-10-14,Retail,201-1000,Price quote,7.03,5,1,synthetic_demo
L001311,2025-10-14,Retail,51-200,Price quote,14.24,4,0,synthetic_demo
L000874,2025-10-14,Retail,201-1000,Bulk order,6.52,1,0,synthetic_demo
L003035,2025-10-14,Construction,201-1000,Bulk order,14.47,3,1,synthetic_demo
L006005,2025-10-14,Manufacturing,201-1000,Product enquiry,9.8,2,0,synthetic_demo
L009470,2025-10-15,Manufacturing,1-50,Price quote,2.33,1,0,synthetic_demo
L001079,2025-10-15,Healthcare,201-1000,Price quote,19.9,1,0,synthetic_demo
L002651,2025-10-15,Construction,51-200,Bulk order,7.26,4,0,synthetic_demo
L001894,2025-10-15,Manufacturing,51-200,Price quote,9.23,1,0,synthetic_demo
L011484,2025-10-15,Technology,1-50,Supplier request,18.86,1,0,synthetic_demo
L009024,2025-10-15,Retail,201-1000,Supplier request,0.71,5,0,synthetic_demo
L011138,2025-10-15,Construction,1-50,Product enquiry,8.44,0,0,synthetic_demo
L006908,2025-10-15,Technology,1-50,Product enquiry,6.28,3,0,synthetic_demo
L004290,2025-10-15,Healthcare,51-200,Price quote,1.89,3,0,synthetic_demo
L005294,2025-10-15,Technology,1-50,Product enquiry,17.66,2,0,synthetic_demo
L001398,2025-10-15,Construction,51-200,Supplier request,25.35,4,0,synthetic_demo
L010278,2025-10-15,Retail,201-1000,Bulk order,3.58,3,1,synthetic_demo
L007054,2025-10-15,Retail,201-1000,Product enquiry,8.73,0,0,synthetic_demo
L011970,2025-10-15,Retail,1-50,Price quote,3.17,1,1,synthetic_demo
L010005,2025-10-15,Retail,201-1000,Bulk order,7.76,1,0,synthetic_demo
L001980,2025-10-15,Manufacturing,1001+,Price quote,8.62,2,0,synthetic_demo
L001388,2025-10-15,Retail,201-1000,Price quote,19.26,2,0,synthetic_demo
L006997,2025-10-15,Technology,51-200,Product enquiry,6.1,1,0,synthetic_demo
L005697,2025-10-15,Manufacturing,51-200,Product enquiry,3.75,2,1,synthetic_demo
L008828,2025-10-15,Construction,201-1000,Supplier request,4.28,3,0,synthetic_demo
L003893,2025-10-15,Healthcare,51-200,Bulk order,8.49,2,0,synthetic_demo
L003240,2025-10-15,Retail,1-50,Bulk order,12.81,0,0,synthetic_demo
L001603,2025-10-15,Technology,51-200,Price quote,0.51,3,1,synthetic_demo
L000356,2025-10-15,Healthcare,51-200,Product enquiry,2.52,2,1,synthetic_demo
L002381,2025-10-15,Technology,51-200,Bulk order,11.19,2,0,synthetic_demo
L003033,2025-10-15,Manufacturing,1-50,Bulk order,3.51,2,1,synthetic_demo
L000040,2025-10-15,Technology,51-200,Product enquiry,12.8,2,0,synthetic_demo
L001618,2025-10-15,Healthcare,1001+,Price quote,12.13,1,0,synthetic_demo
L000349,2025-10-15,Healthcare,1001+,Product enquiry,14.03,2,0,synthetic_demo
L006681,2025-10-15,Technology,1001+,Product enquiry,16.17,0,0,synthetic_demo
L007363,2025-10-15,Construction,51-200,Product enquiry,18.91,3,0,synthetic_demo
L003001,2025-10-15,Technology,51-200,Bulk order,3.27,4,0,synthetic_demo
L004389,2025-10-15,Technology,201-1000,Supplier request,6.52,5,1,synthetic_demo
L006712,2025-10-15,Construction,51-200,Bulk order,9.51,5,0,synthetic_demo
L007229,2025-10-15,Manufacturing,201-1000,Product enquiry,4.5,4,0,synthetic_demo
L003376,2025-10-15,Retail,51-200,Product enquiry,1.5,1,0,synthetic_demo
L004361,2025-10-15,Manufacturing,1-50,Bulk order,9.17,2,1,synthetic_demo
L000320,2025-10-15,Construction,201-1000,Product enquiry,15.43,1,0,synthetic_demo
L011238,2025-10-15,Technology,201-1000,Price quote,21.93,4,0,synthetic_demo
L007489,2025-10-15,Manufacturing,1-50,Supplier request,18.38,0,0,synthetic_demo
L000679,2025-10-16,Manufacturing,1-50,Product enquiry,26.01,2,0,synthetic_demo
L009607,2025-10-16,Healthcare,51-200,Price quote,15.26,2,0,synthetic_demo
L003031,2025-10-16,Technology,1001+,Price quote,4.58,2,0,synthetic_demo
L011327,2025-10-16,Technology,1001+,Supplier request,15.22,2,0,synthetic_demo
L011151,2025-10-16,Manufacturing,1-50,Bulk order,15.29,2,0,synthetic_demo
L001032,2025-10-16,Technology,51-200,Product enquiry,23.24,0,0,synthetic_demo
L003023,2025-10-16,Retail,201-1000,Price quote,10.28,1,0,synthetic_demo
L009186,2025-10-16,Construction,51-200,Product enquiry,7.08,1,0,synthetic_demo
L011991,2025-10-16,Construction,201-1000,Product enquiry,3.89,4,0,synthetic_demo
L005659,2025-10-16,Manufacturing,1-50,Bulk order,5.68,2,1,synthetic_demo
L010076,2025-10-16,Technology,51-200,Bulk order,11.15,0,0,synthetic_demo
L005655,2025-10-16,Retail,1-50,Price quote,10.68,3,0,synthetic_demo
L011941,2025-10-16,Healthcare,51-200,Supplier request,8.24,0,0,synthetic_demo
L005164,2025-10-16,Retail,1-50,Bulk order,8.92,1,0,synthetic_demo
L004781,2025-10-16,Retail,51-200,Bulk order,4.01,0,0,synthetic_demo
L011181,2025-10-16,Manufacturing,51-200,Product enquiry,13.85,3,0,synthetic_demo
L010115,2025-10-16,Manufacturing,201-1000,Price quote,19.18,4,1,synthetic_demo
L000520,2025-10-16,Technology,1-50,Price quote,33.36,1,0,synthetic_demo
L007876,2025-10-16,Manufacturing,201-1000,Product enquiry,1.95,1,1,synthetic_demo
L004475,2025-10-16,Healthcare,51-200,Bulk order,2.94,2,0,synthetic_demo
L004208,2025-10-16,Manufacturing,51-200,Price quote,18.63,2,0,synthetic_demo
L008671,2025-10-16,Manufacturing,201-1000,Supplier request,7.89,5,1,synthetic_demo
L004756,2025-10-16,Healthcare,51-200,Supplier request,11.48,4,1,synthetic_demo
L011293,2025-10-16,Manufacturing,201-1000,Price quote,1.34,4,0,synthetic_demo
L003222,2025-10-16,Technology,201-1000,Supplier request,10.47,1,0,synthetic_demo
L002373,2025-10-16,Retail,1001+,Supplier request,0.23,3,0,synthetic_demo
L010511,2025-10-16,Healthcare,51-200,Price quote,2.33,4,0,synthetic_demo
L002202,2025-10-16,Construction,1001+,Product enquiry,2.27,0,1,synthetic_demo
L007799,2025-10-16,Retail,51-200,Supplier request,12.07,2,0,synthetic_demo
L006722,2025-10-16,Retail,201-1000,Product enquiry,9.7,5,1,synthetic_demo
L008912,2025-10-16,Healthcare,201-1000,Supplier request,21.01,1,0,synthetic_demo
L006613,2025-10-16,Healthcare,51-200,Price quote,4.99,4,0,synthetic_demo
L010935,2025-10-16,Retail,51-200,Bulk order,4.02,1,0,synthetic_demo
L005222,2025-10-16,Healthcare,51-200,Price quote,11.83,1,0,synthetic_demo
L006759,2025-10-16,Retail,1-50,Supplier request,1.73,5,1,synthetic_demo
L007775,2025-10-16,Technology,1-50,Product enquiry,8.86,4,0,synthetic_demo
L006730,2025-10-16,Healthcare,201-1000,Bulk order,5.26,3,0,synthetic_demo
L005188,2025-10-16,Healthcare,1001+,Product enquiry,5.14,1,0,synthetic_demo
L002529,2025-10-16,Technology,1-50,Supplier request,27.01,4,0,synthetic_demo
L007245,2025-10-17,Retail,51-200,Product enquiry,5.79,3,0,synthetic_demo
L002839,2025-10-17,Retail,51-200,Bulk order,4.93,3,0,synthetic_demo
L007891,2025-10-17,Healthcare,51-200,Bulk order,3.32,1,0,synthetic_demo
L001317,2025-10-17,Healthcare,51-200,Product enquiry,1.79,2,0,synthetic_demo
L006717,2025-10-17,Technology,51-200,Supplier request,10.1,1,0,synthetic_demo
L006686,2025-10-17,Retail,1-50,Product enquiry,15.03,1,0,synthetic_demo
L010785,2025-10-17,Construction,51-200,Bulk order,8.25,5,0,synthetic_demo
L000538,2025-10-17,Manufacturing,51-200,Bulk order,6.57,0,0,synthetic_demo
L003766,2025-10-17,Technology,1-50,Supplier request,28.72,0,0,synthetic_demo
L011974,2025-10-17,Retail,51-200,Product enquiry,20.78,2,0,synthetic_demo
L000566,2025-10-17,Technology,1-50,Product enquiry,16.72,1,0,synthetic_demo
L008037,2025-10-17,Retail,51-200,Bulk order,23.61,0,0,synthetic_demo
L000137,2025-10-17,Construction,51-200,Product enquiry,13.78,2,0,synthetic_demo
L007859,2025-10-17,Technology,1001+,Supplier request,7.75,2,1,synthetic_demo
L001288,2025-10-17,Retail,1001+,Price quote,7.23,6,1,synthetic_demo
L003854,2025-10-17,Retail,51-200,Product enquiry,2.88,2,0,synthetic_demo
L005934,2025-10-17,Manufacturing,1001+,Price quote,25.71,1,1,synthetic_demo
L005499,2025-10-17,Manufacturing,1-50,Product enquiry,2.3,1,0,synthetic_demo
L009429,2025-10-17,Technology,1001+,Supplier request,14.64,0,0,synthetic_demo
L010700,2025-10-17,Technology,1001+,Product enquiry,15.12,2,0,synthetic_demo
L002078,2025-10-17,Manufacturing,51-200,Bulk order,11.76,2,0,synthetic_demo
L002082,2025-10-17,Manufacturing,1-50,Supplier request,18.45,7,0,synthetic_demo
L007931,2025-10-17,Retail,1001+,Product enquiry,5.64,4,1,synthetic_demo
L003379,2025-10-17,Retail,51-200,Price quote,8.16,2,0,synthetic_demo
L006587,2025-10-17,Manufacturing,1-50,Bulk order,1.57,2,0,synthetic_demo
L007991,2025-10-17,Healthcare,51-200,Price quote,7.81,4,0,synthetic_demo
L002794,2025-10-17,Construction,201-1000,Bulk order,8.03,1,0,synthetic_demo
L011782,2025-10-17,Healthcare,1-50,Supplier request,8.09,1,0,synthetic_demo
L006753,2025-10-17,Technology,1001+,Bulk order,6.97,1,0,synthetic_demo
L002683,2025-10-17,Manufacturing,1001+,Price quote,15.55,1,0,synthetic_demo
L001401,2025-10-17,Retail,1-50,Bulk order,6.47,3,0,synthetic_demo
L003672,2025-10-17,Healthcare,1-50,Price quote,13.68,5,0,synthetic_demo
L003438,2025-10-17,Retail,51-200,Bulk order,8.97,2,0,synthetic_demo
L006207,2025-10-17,Retail,201-1000,Supplier request,8.65,0,0,synthetic_demo
L005156,2025-10-17,Manufacturing,51-200,Bulk order,6.5,3,1,synthetic_demo
L005756,2025-10-17,Healthcare,201-1000,Supplier request,4.31,4,0,synthetic_demo
L005896,2025-10-17,Technology,1001+,Bulk order,11.84,3,0,synthetic_demo
L008530,2025-10-18,Manufacturing,1001+,Product enquiry,2.74,3,1,synthetic_demo
L011839,2025-10-18,Healthcare,51-200,Price quote,10.78,3,0,synthetic_demo
L010939,2025-10-18,Retail,201-1000,Bulk order,18.83,0,1,synthetic_demo
L004835,2025-10-18,Retail,201-1000,Price quote,4.66,2,1,synthetic_demo
L000344,2025-10-18,Healthcare,1001+,Price quote,26.08,1,0,synthetic_demo
L002043,2025-10-18,Healthcare,201-1000,Price quote,5.22,2,0,synthetic_demo
L000653,2025-10-18,Technology,1-50,Product enquiry,12.73,3,0,synthetic_demo
L002058,2025-10-18,Retail,51-200,Product enquiry,2.2,1,1,synthetic_demo
L005163,2025-10-18,Manufacturing,51-200,Supplier request,15.51,2,0,synthetic_demo
L008381,2025-10-18,Healthcare,51-200,Product enquiry,8.31,0,0,synthetic_demo
L002125,2025-10-18,Retail,201-1000,Price quote,12.94,1,0,synthetic_demo
L007619,2025-10-18,Technology,1-50,Product enquiry,6.73,2,0,synthetic_demo
L000773,2025-10-18,Healthcare,201-1000,Product enquiry,6.31,3,0,synthetic_demo
L009461,2025-10-18,Construction,1-50,Price quote,10.66,2,1,synthetic_demo
L009776,2025-10-18,Manufacturing,1-50,Product enquiry,19.33,2,0,synthetic_demo
L004234,2025-10-18,Technology,51-200,Price quote,9.89,5,0,synthetic_demo
L000421,2025-10-18,Technology,1-50,Price quote,11.11,1,1,synthetic_demo
L008926,2025-10-18,Retail,1001+,Supplier request,2.41,3,0,synthetic_demo
L010911,2025-10-18,Technology,51-200,Product enquiry,9.07,2,0,synthetic_demo
L009837,2025-10-18,Manufacturing,51-200,Product enquiry,4.89,1,0,synthetic_demo
L009781,2025-10-18,Manufacturing,51-200,Product enquiry,4.73,4,0,synthetic_demo
L009101,2025-10-18,Retail,1-50,Product enquiry,9.33,3,0,synthetic_demo
L002540,2025-10-18,Healthcare,201-1000,Product enquiry,2.98,1,0,synthetic_demo
L010500,2025-10-18,Technology,51-200,Product enquiry,8.68,1,0,synthetic_demo
L003898,2025-10-18,Retail,1-50,Product enquiry,11.09,4,1,synthetic_demo
L005776,2025-10-18,Manufacturing,1-50,Bulk order,2.56,6,0,synthetic_demo
L004514,2025-10-18,Manufacturing,201-1000,Bulk order,3.71,2,0,synthetic_demo
L006468,2025-10-19,Technology,1-50,Price quote,19.79,1,0,synthetic_demo
L010717,2025-10-19,Healthcare,201-1000,Price quote,18.45,1,0,synthetic_demo
L000360,2025-10-19,Healthcare,1001+,Product enquiry,3.74,3,0,synthetic_demo
L004384,2025-10-19,Retail,1-50,Price quote,4.01,2,0,synthetic_demo
L004749,2025-10-19,Construction,201-1000,Price quote,26.14,1,0,synthetic_demo
L003741,2025-10-19,Manufacturing,51-200,Bulk order,13.12,2,0,synthetic_demo
L001597,2025-10-19,Manufacturing,51-200,Supplier request,20.28,2,0,synthetic_demo
L007450,2025-10-19,Retail,1001+,Supplier request,4.76,2,0,synthetic_demo
L001202,2025-10-19,Healthcare,1-50,Price quote,1.2,3,0,synthetic_demo
L009451,2025-10-19,Construction,1-50,Price quote,13.78,1,0,synthetic_demo
L011703,2025-10-19,Manufacturing,51-200,Bulk order,10.52,2,1,synthetic_demo
L004183,2025-10-19,Technology,51-200,Product enquiry,4.73,2,0,synthetic_demo
L006079,2025-10-19,Manufacturing,1-50,Supplier request,8.43,4,0,synthetic_demo
L001864,2025-10-19,Healthcare,51-200,Bulk order,1.5,1,1,synthetic_demo
L011378,2025-10-19,Retail,51-200,Bulk order,1.34,1,1,synthetic_demo
L007527,2025-10-19,Technology,1-50,Bulk order,2.67,4,1,synthetic_demo
L011848,2025-10-19,Healthcare,1-50,Bulk order,11.35,3,0,synthetic_demo
L003013,2025-10-19,Technology,201-1000,Bulk order,7.69,2,0,synthetic_demo
L003120,2025-10-19,Retail,51-200,Price quote,14.01,0,0,synthetic_demo
L009384,2025-10-19,Construction,1-50,Product enquiry,12.7,3,0,synthetic_demo
L010187,2025-10-19,Healthcare,1-50,Bulk order,4.87,1,0,synthetic_demo
L001566,2025-10-19,Retail,201-1000,Bulk order,17.36,0,0,synthetic_demo
L000876,2025-10-19,Construction,51-200,Price quote,16.89,1,0,synthetic_demo
L001982,2025-10-19,Retail,1-50,Supplier request,14.46,4,0,synthetic_demo
L004565,2025-10-19,Manufacturing,1001+,Bulk order,29.72,1,0,synthetic_demo
L000574,2025-10-19,Technology,1-50,Bulk order,4.31,2,0,synthetic_demo
L005131,2025-10-19,Retail,1001+,Supplier request,14.75,0,0,synthetic_demo
L008214,2025-10-19,Healthcare,1001+,Product enquiry,7.05,1,0,synthetic_demo
L001724,2025-10-19,Healthcare,201-1000,Supplier request,13.99,4,1,synthetic_demo
L000572,2025-10-19,Technology,1001+,Product enquiry,0.73,3,0,synthetic_demo
L009435,2025-10-19,Technology,51-200,Product enquiry,16.1,3,0,synthetic_demo
L005557,2025-10-19,Retail,1001+,Price quote,23.53,0,0,synthetic_demo
L002844,2025-10-19,Manufacturing,51-200,Price quote,18.17,2,0,synthetic_demo
L008432,2025-10-20,Manufacturing,1001+,Product enquiry,16.6,3,0,synthetic_demo
L006556,2025-10-20,Retail,201-1000,Supplier request,5.71,2,0,synthetic_demo
L004327,2025-10-20,Manufacturing,51-200,Price quote,12.01,0,0,synthetic_demo
L006455,2025-10-20,Technology,1001+,Price quote,8.61,3,0,synthetic_demo
L007186,2025-10-20,Retail,201-1000,Supplier request,2.98,2,0,synthetic_demo
L006251,2025-10-20,Technology,1-50,Price quote,2.74,2,0,synthetic_demo
L007808,2025-10-20,Retail,201-1000,Price quote,6.47,2,0,synthetic_demo
L008909,2025-10-20,Retail,1-50,Product enquiry,7.94,0,0,synthetic_demo
L004247,2025-10-20,Construction,51-200,Price quote,12.71,2,0,synthetic_demo
L004276,2025-10-20,Manufacturing,1-50,Bulk order,21.0,3,0,synthetic_demo
L000326,2025-10-20,Technology,1-50,Supplier request,9.46,1,0,synthetic_demo
L008937,2025-10-20,Manufacturing,1-50,Product enquiry,6.21,5,0,synthetic_demo
L000732,2025-10-20,Manufacturing,1-50,Price quote,2.43,4,0,synthetic_demo
L009873,2025-10-20,Technology,51-200,Product enquiry,4.91,2,0,synthetic_demo
L002814,2025-10-20,Manufacturing,1-50,Product enquiry,4.37,2,0,synthetic_demo
L002811,2025-10-20,Manufacturing,1001+,Price quote,8.76,1,0,synthetic_demo
L005778,2025-10-20,Healthcare,51-200,Product enquiry,4.8,2,0,synthetic_demo
L002967,2025-10-20,Retail,201-1000,Bulk order,9.61,6,1,synthetic_demo
L011564,2025-10-20,Manufacturing,1-50,Product enquiry,16.16,2,0,synthetic_demo
L009362,2025-10-20,Retail,201-1000,Bulk order,7.08,2,0,synthetic_demo
L001392,2025-10-20,Technology,201-1000,Supplier request,20.08,2,0,synthetic_demo
L004233,2025-10-20,Technology,1-50,Bulk order,14.74,3,1,synthetic_demo
L010396,2025-10-20,Retail,1-50,Price quote,10.71,1,1,synthetic_demo
L001417,2025-10-20,Healthcare,1001+,Bulk order,7.95,2,0,synthetic_demo
L007990,2025-10-20,Construction,51-200,Product enquiry,6.12,3,0,synthetic_demo
L000250,2025-10-20,Retail,51-200,Product enquiry,18.03,2,0,synthetic_demo
L010205,2025-10-20,Technology,1-50,Product enquiry,12.29,1,0,synthetic_demo
L006953,2025-10-20,Manufacturing,1001+,Price quote,12.02,3,1,synthetic_demo
L001324,2025-10-20,Technology,1001+,Product enquiry,1.39,4,1,synthetic_demo
L007631,2025-10-20,Healthcare,201-1000,Price quote,5.51,3,1,synthetic_demo
L002414,2025-10-20,Healthcare,201-1000,Price quote,14.37,2,1,synthetic_demo
L010379,2025-10-20,Healthcare,51-200,Product enquiry,6.74,1,0,synthetic_demo
L002021,2025-10-20,Technology,201-1000,Supplier request,5.03,2,0,synthetic_demo
L003078,2025-10-20,Healthcare,201-1000,Bulk order,10.82,0,1,synthetic_demo
L001016,2025-10-20,Manufacturing,1-50,Supplier request,6.81,0,0,synthetic_demo
L009943,2025-10-20,Technology,51-200,Price quote,6.75,0,0,synthetic_demo
L004886,2025-10-21,Technology,1-50,Supplier request,25.78,6,0,synthetic_demo
L004343,2025-10-21,Healthcare,51-200,Bulk order,7.0,3,0,synthetic_demo
L005712,2025-10-21,Healthcare,51-200,Price quote,6.34,2,0,synthetic_demo
L011272,2025-10-21,Retail,201-1000,Price quote,16.24,1,0,synthetic_demo
L002874,2025-10-21,Manufacturing,51-200,Bulk order,13.04,1,0,synthetic_demo
L000541,2025-10-21,Construction,51-200,Product enquiry,1.7,2,1,synthetic_demo
L002465,2025-10-21,Manufacturing,201-1000,Supplier request,5.51,3,1,synthetic_demo
L011862,2025-10-21,Construction,51-200,Bulk order,12.97,2,0,synthetic_demo
L002149,2025-10-21,Technology,201-1000,Supplier request,16.09,3,0,synthetic_demo
L011605,2025-10-21,Manufacturing,51-200,Bulk order,22.02,3,0,synthetic_demo
L009939,2025-10-21,Technology,1-50,Bulk order,4.75,2,0,synthetic_demo
L007927,2025-10-21,Manufacturing,51-200,Supplier request,12.82,3,0,synthetic_demo
L004503,2025-10-21,Healthcare,1-50,Price quote,8.36,3,0,synthetic_demo
L000036,2025-10-21,Manufacturing,201-1000,Product enquiry,8.77,2,0,synthetic_demo
L000605,2025-10-21,Construction,1-50,Product enquiry,0.65,1,1,synthetic_demo
L001820,2025-10-21,Healthcare,201-1000,Supplier request,15.35,5,0,synthetic_demo
L001119,2025-10-21,Retail,51-200,Product enquiry,0.81,2,1,synthetic_demo
L001188,2025-10-21,Construction,1-50,Supplier request,18.95,4,0,synthetic_demo
L001861,2025-10-21,Healthcare,51-200,Product enquiry,3.76,3,0,synthetic_demo
L006031,2025-10-21,Retail,1-50,Price quote,3.02,3,0,synthetic_demo
L005512,2025-10-21,Healthcare,1-50,Bulk order,17.15,2,0,synthetic_demo
L001173,2025-10-21,Manufacturing,201-1000,Bulk order,3.52,3,0,synthetic_demo
L010286,2025-10-21,Manufacturing,51-200,Price quote,8.44,1,0,synthetic_demo
L003393,2025-10-21,Construction,201-1000,Product enquiry,14.36,5,1,synthetic_demo
L002135,2025-10-21,Healthcare,201-1000,Bulk order,17.43,1,0,synthetic_demo
L008394,2025-10-21,Technology,201-1000,Bulk order,16.5,2,0,synthetic_demo
L000257,2025-10-21,Technology,201-1000,Bulk order,29.79,2,0,synthetic_demo
L003125,2025-10-21,Manufacturing,51-200,Product enquiry,13.07,2,0,synthetic_demo
L001391,2025-10-21,Construction,201-1000,Price quote,11.0,3,0,synthetic_demo
L010870,2025-10-21,Construction,201-1000,Product enquiry,13.52,1,0,synthetic_demo
L003921,2025-10-21,Manufacturing,1-50,Bulk order,13.58,1,1,synthetic_demo
L007906,2025-10-21,Manufacturing,1001+,Product enquiry,9.63,0,0,synthetic_demo
L007225,2025-10-21,Technology,51-200,Product enquiry,9.6,3,0,synthetic_demo
L006339,2025-10-21,Manufacturing,201-1000,Price quote,7.11,0,0,synthetic_demo
L006847,2025-10-22,Manufacturing,201-1000,Product enquiry,13.59,1,0,synthetic_demo
L003982,2025-10-22,Retail,1-50,Bulk order,4.51,6,0,synthetic_demo
L010283,2025-10-22,Retail,51-200,Product enquiry,6.19,3,0,synthetic_demo
L006001,2025-10-22,Retail,1-50,Bulk order,5.88,2,0,synthetic_demo
L007953,2025-10-22,Construction,51-200,Product enquiry,4.23,0,0,synthetic_demo
L009989,2025-10-22,Retail,51-200,Product enquiry,4.15,3,0,synthetic_demo
L004920,2025-10-22,Retail,1-50,Supplier request,4.51,2,0,synthetic_demo
L004015,2025-10-22,Healthcare,51-200,Price quote,16.3,2,0,synthetic_demo
L007420,2025-10-22,Manufacturing,201-1000,Product enquiry,1.27,2,1,synthetic_demo
L010400,2025-10-22,Technology,1-50,Supplier request,9.18,3,0,synthetic_demo
L011549,2025-10-22,Retail,51-200,Bulk order,3.01,1,0,synthetic_demo
L010605,2025-10-22,Retail,1-50,Product enquiry,3.59,1,0,synthetic_demo
L008072,2025-10-22,Healthcare,1001+,Price quote,13.55,5,1,synthetic_demo
L003298,2025-10-22,Healthcare,1-50,Product enquiry,14.74,3,0,synthetic_demo
L008402,2025-10-22,Manufacturing,51-200,Bulk order,7.54,0,0,synthetic_demo
L003988,2025-10-22,Retail,51-200,Supplier request,6.47,2,0,synthetic_demo
L007622,2025-10-22,Technology,201-1000,Product enquiry,12.57,3,0,synthetic_demo
L008264,2025-10-22,Construction,201-1000,Supplier request,7.51,3,0,synthetic_demo
L001528,2025-10-22,Retail,1-50,Supplier request,7.06,2,0,synthetic_demo
L008723,2025-10-22,Technology,1-50,Supplier request,20.74,1,0,synthetic_demo
L007984,2025-10-22,Construction,51-200,Price quote,12.42,3,1,synthetic_demo
L003338,2025-10-22,Construction,1-50,Supplier request,2.27,3,1,synthetic_demo
L003362,2025-10-22,Retail,51-200,Bulk order,37.06,4,0,synthetic_demo
L000729,2025-10-22,Retail,51-200,Supplier request,10.08,1,0,synthetic_demo
L005747,2025-10-22,Manufacturing,1001+,Price quote,4.77,1,0,synthetic_demo
L005451,2025-10-22,Manufacturing,51-200,Price quote,28.57,3,0,synthetic_demo
L011562,2025-10-22,Healthcare,201-1000,Bulk order,10.57,2,0,synthetic_demo
L003070,2025-10-22,Retail,51-200,Product enquiry,14.59,3,0,synthetic_demo
L007541,2025-10-22,Construction,1-50,Supplier request,12.03,6,0,synthetic_demo
L001602,2025-10-22,Manufacturing,1-50,Product enquiry,26.74,2,0,synthetic_demo
L004395,2025-10-22,Retail,1-50,Price quote,15.0,1,0,synthetic_demo
L000937,2025-10-22,Construction,51-200,Supplier request,5.67,2,0,synthetic_demo
L002912,2025-10-22,Manufacturing,51-200,Price quote,4.07,4,0,synthetic_demo
L002266,2025-10-22,Manufacturing,201-1000,Price quote,17.53,2,0,synthetic_demo
L008224,2025-10-22,Construction,201-1000,Price quote,5.57,1,1,synthetic_demo
L007222,2025-10-23,Manufacturing,1-50,Price quote,8.68,2,0,synthetic_demo
L009212,2025-10-23,Retail,1-50,Supplier request,3.66,2,0,synthetic_demo
L008786,2025-10-23,Manufacturing,51-200,Supplier request,12.2,3,0,synthetic_demo
L007166,2025-10-23,Retail,51-200,Price quote,7.7,1,0,synthetic_demo
L004211,2025-10-23,Technology,201-1000,Product enquiry,8.54,2,0,synthetic_demo
L011389,2025-10-23,Manufacturing,51-200,Product enquiry,2.11,1,0,synthetic_demo
L003675,2025-10-23,Technology,1-50,Product enquiry,17.23,2,0,synthetic_demo
L000558,2025-10-23,Healthcare,51-200,Product enquiry,10.29,5,0,synthetic_demo
L006361,2025-10-23,Retail,51-200,Product enquiry,8.38,1,0,synthetic_demo
L009568,2025-10-23,Technology,201-1000,Product enquiry,8.52,1,0,synthetic_demo
L005214,2025-10-23,Construction,1001+,Bulk order,3.37,1,0,synthetic_demo
L000032,2025-10-23,Construction,201-1000,Bulk order,26.48,1,0,synthetic_demo
L006456,2025-10-23,Technology,1001+,Product enquiry,4.85,2,1,synthetic_demo
L005255,2025-10-23,Technology,201-1000,Product enquiry,17.2,4,0,synthetic_demo
L005226,2025-10-23,Retail,1-50,Price quote,15.41,3,0,synthetic_demo
L006198,2025-10-23,Manufacturing,1-50,Price quote,2.96,3,1,synthetic_demo
L008389,2025-10-23,Retail,51-200,Bulk order,12.24,1,0,synthetic_demo
L007522,2025-10-23,Retail,1001+,Bulk order,19.43,2,1,synthetic_demo
L001284,2025-10-23,Healthcare,1-50,Product enquiry,11.95,2,1,synthetic_demo
L004258,2025-10-23,Retail,1-50,Product enquiry,20.94,3,0,synthetic_demo
L006160,2025-10-23,Construction,51-200,Price quote,9.1,5,0,synthetic_demo
L008860,2025-10-23,Manufacturing,1-50,Price quote,8.65,4,0,synthetic_demo
L001396,2025-10-23,Manufacturing,1001+,Supplier request,5.76,2,0,synthetic_demo
L004446,2025-10-23,Retail,201-1000,Price quote,7.34,1,0,synthetic_demo
L006906,2025-10-23,Technology,201-1000,Product enquiry,14.78,0,0,synthetic_demo
L008911,2025-10-23,Retail,1-50,Supplier request,7.42,0,0,synthetic_demo
L009141,2025-10-23,Retail,51-200,Supplier request,14.12,1,0,synthetic_demo
L011408,2025-10-23,Retail,51-200,Price quote,7.42,1,0,synthetic_demo
L001241,2025-10-23,Construction,1-50,Price quote,40.7,0,0,synthetic_demo
L010710,2025-10-23,Technology,1-50,Price quote,24.05,3,0,synthetic_demo
L005636,2025-10-23,Technology,201-1000,Bulk order,7.27,1,0,synthetic_demo
L007545,2025-10-23,Healthcare,1-50,Product enquiry,18.44,4,0,synthetic_demo
L005224,2025-10-23,Manufacturing,1-50,Price quote,11.83,2,0,synthetic_demo
L003482,2025-10-23,Technology,1-50,Supplier request,7.29,1,0,synthetic_demo
L004076,2025-10-23,Retail,51-200,Bulk order,3.56,4,1,synthetic_demo
L011252,2025-10-23,Technology,1001+,Bulk order,8.32,3,1,synthetic_demo
L008487,2025-10-24,Construction,1001+,Price quote,2.39,1,1,synthetic_demo
L004793,2025-10-24,Retail,51-200,Bulk order,7.42,5,0,synthetic_demo
L010740,2025-10-24,Retail,1-50,Bulk order,26.65,6,0,synthetic_demo
L010560,2025-10-24,Technology,1001+,Price quote,5.99,2,0,synthetic_demo
L001659,2025-10-24,Retail,51-200,Bulk order,25.17,1,0,synthetic_demo
L001757,2025-10-24,Manufacturing,1001+,Product enquiry,2.51,0,0,synthetic_demo
L009139,2025-10-24,Retail,1-50,Bulk order,1.92,0,0,synthetic_demo
L009189,2025-10-24,Technology,51-200,Product enquiry,17.05,3,0,synthetic_demo
L007539,2025-10-24,Manufacturing,1-50,Product enquiry,7.99,4,0,synthetic_demo
L005117,2025-10-24,Healthcare,51-200,Supplier request,5.95,3,1,synthetic_demo
L004286,2025-10-24,Manufacturing,201-1000,Bulk order,10.09,2,1,synthetic_demo
L006880,2025-10-24,Manufacturing,51-200,Product enquiry,2.14,0,0,synthetic_demo
L007049,2025-10-24,Healthcare,51-200,Price quote,6.73,1,0,synthetic_demo
L005015,2025-10-24,Manufacturing,201-1000,Supplier request,11.87,1,0,synthetic_demo
L011778,2025-10-24,Retail,201-1000,Price quote,26.71,0,0,synthetic_demo
L008560,2025-10-24,Construction,51-200,Supplier request,1.76,2,1,synthetic_demo
L005177,2025-10-24,Manufacturing,51-200,Product enquiry,8.61,2,0,synthetic_demo
L011121,2025-10-24,Construction,1001+,Bulk order,5.55,4,1,synthetic_demo
L009719,2025-10-24,Technology,51-200,Price quote,8.9,1,0,synthetic_demo
L010616,2025-10-24,Retail,201-1000,Price quote,20.39,1,0,synthetic_demo
L000152,2025-10-24,Construction,1001+,Product enquiry,5.39,0,0,synthetic_demo
L004369,2025-10-24,Manufacturing,51-200,Supplier request,12.81,2,0,synthetic_demo
L001251,2025-10-24,Manufacturing,201-1000,Price quote,6.81,3,1,synthetic_demo
L005420,2025-10-24,Retail,51-200,Price quote,14.43,3,0,synthetic_demo
L005884,2025-10-24,Construction,1-50,Product enquiry,5.8,0,0,synthetic_demo
L007751,2025-10-24,Construction,1-50,Price quote,23.63,1,0,synthetic_demo
L006218,2025-10-24,Technology,1-50,Product enquiry,7.03,1,0,synthetic_demo
L000818,2025-10-24,Healthcare,201-1000,Bulk order,7.7,3,0,synthetic_demo
L004072,2025-10-24,Healthcare,51-200,Supplier request,4.8,0,0,synthetic_demo
L008475,2025-10-24,Retail,201-1000,Price quote,6.88,3,1,synthetic_demo
L005619,2025-10-24,Healthcare,1001+,Price quote,6.27,3,1,synthetic_demo
L000217,2025-10-25,Manufacturing,51-200,Bulk order,4.06,3,0,synthetic_demo
L002384,2025-10-25,Manufacturing,1-50,Price quote,13.34,7,0,synthetic_demo
L005329,2025-10-25,Retail,1-50,Bulk order,7.93,2,0,synthetic_demo
L001696,2025-10-25,Healthcare,51-200,Product enquiry,16.01,3,0,synthetic_demo
L011835,2025-10-25,Manufacturing,51-200,Price quote,22.48,5,0,synthetic_demo
L001057,2025-10-25,Construction,1-50,Product enquiry,8.14,1,0,synthetic_demo
L009000,2025-10-25,Healthcare,1-50,Price quote,16.48,1,0,synthetic_demo
L006363,2025-10-25,Healthcare,1-50,Bulk order,11.05,1,0,synthetic_demo
L011410,2025-10-25,Manufacturing,1001+,Price quote,4.76,1,0,synthetic_demo
L010551,2025-10-25,Construction,201-1000,Price quote,2.66,1,0,synthetic_demo
L005586,2025-10-25,Construction,1001+,Bulk order,25.59,3,0,synthetic_demo
L003374,2025-10-25,Manufacturing,51-200,Price quote,17.03,2,0,synthetic_demo
L008167,2025-10-25,Technology,1-50,Bulk order,11.87,3,1,synthetic_demo
L002557,2025-10-25,Manufacturing,1-50,Bulk order,1.99,0,0,synthetic_demo
L000065,2025-10-25,Healthcare,51-200,Supplier request,15.65,1,1,synthetic_demo
L011993,2025-10-25,Construction,201-1000,Bulk order,11.3,3,0,synthetic_demo
L009676,2025-10-25,Manufacturing,201-1000,Bulk order,14.28,3,0,synthetic_demo
L004096,2025-10-25,Retail,51-200,Bulk order,10.65,2,0,synthetic_demo
L006243,2025-10-25,Manufacturing,51-200,Bulk order,8.41,3,0,synthetic_demo
L008792,2025-10-25,Construction,51-200,Product enquiry,13.6,1,0,synthetic_demo
L003695,2025-10-25,Technology,1001+,Supplier request,14.11,1,0,synthetic_demo
L002072,2025-10-25,Retail,201-1000,Supplier request,7.03,1,0,synthetic_demo
L006913,2025-10-25,Technology,1001+,Price quote,3.74,2,0,synthetic_demo
L011625,2025-10-25,Technology,51-200,Product enquiry,9.83,1,0,synthetic_demo
L000916,2025-10-25,Construction,1001+,Supplier request,4.68,1,1,synthetic_demo
L003181,2025-10-25,Construction,51-200,Product enquiry,7.52,0,1,synthetic_demo
L006523,2025-10-25,Manufacturing,1001+,Supplier request,5.33,5,1,synthetic_demo
L002192,2025-10-25,Healthcare,201-1000,Price quote,4.4,1,0,synthetic_demo
L007160,2025-10-25,Manufacturing,51-200,Product enquiry,3.18,4,1,synthetic_demo
L002950,2025-10-25,Construction,51-200,Bulk order,31.0,2,0,synthetic_demo
L003202,2025-10-25,Construction,51-200,Price quote,2.34,0,0,synthetic_demo
L004790,2025-10-25,Technology,1-50,Product enquiry,5.2,5,0,synthetic_demo
L001358,2025-10-25,Retail,1-50,Bulk order,25.94,2,0,synthetic_demo
L003431,2025-10-26,Healthcare,201-1000,Bulk order,1.51,4,0,synthetic_demo
L008288,2025-10-26,Construction,201-1000,Price quote,5.98,4,0,synthetic_demo
L003388,2025-10-26,Construction,1-50,Bulk order,10.64,5,1,synthetic_demo
L000413,2025-10-26,Manufacturing,1001+,Price quote,24.44,0,0,synthetic_demo
L001840,2025-10-26,Technology,51-200,Bulk order,2.66,2,0,synthetic_demo
L008836,2025-10-26,Manufacturing,201-1000,Price quote,1.53,1,0,synthetic_demo
L008275,2025-10-26,Manufacturing,201-1000,Supplier request,2.03,4,0,synthetic_demo
L007777,2025-10-26,Manufacturing,51-200,Product enquiry,5.67,2,0,synthetic_demo
L011294,2025-10-26,Healthcare,51-200,Bulk order,3.88,1,0,synthetic_demo
L007269,2025-10-26,Construction,51-200,Product enquiry,8.21,1,0,synthetic_demo
L005673,2025-10-26,Retail,51-200,Price quote,2.94,0,0,synthetic_demo
L008515,2025-10-26,Retail,201-1000,Product enquiry,16.81,1,0,synthetic_demo
L006603,2025-10-26,Retail,1-50,Price quote,7.66,3,1,synthetic_demo
L001789,2025-10-26,Construction,1-50,Price quote,12.78,2,0,synthetic_demo
L001399,2025-10-26,Healthcare,51-200,Bulk order,8.89,6,1,synthetic_demo
L004848,2025-10-26,Technology,1-50,Price quote,24.42,6,0,synthetic_demo
L007237,2025-10-26,Retail,201-1000,Bulk order,0.31,3,0,synthetic_demo
L006816,2025-10-26,Manufacturing,1001+,Price quote,7.92,1,0,synthetic_demo
L010128,2025-10-26,Construction,1-50,Supplier request,14.02,4,1,synthetic_demo
L011114,2025-10-26,Retail,51-200,Supplier request,14.84,4,0,synthetic_demo
L002618,2025-10-26,Construction,201-1000,Price quote,27.18,7,0,synthetic_demo
L008253,2025-10-26,Technology,51-200,Product enquiry,9.23,1,0,synthetic_demo
L009333,2025-10-26,Retail,1001+,Bulk order,7.73,2,1,synthetic_demo
L000324,2025-10-26,Healthcare,51-200,Product enquiry,11.76,0,0,synthetic_demo
L007882,2025-10-26,Manufacturing,51-200,Supplier request,3.41,2,0,synthetic_demo
L008465,2025-10-26,Technology,1-50,Price quote,4.37,2,0,synthetic_demo
L010423,2025-10-26,Retail,1-50,Bulk order,10.93,2,0,synthetic_demo
L000173,2025-10-26,Manufacturing,1-50,Supplier request,5.44,4,0,synthetic_demo
L009993,2025-10-26,Retail,201-1000,Supplier request,3.35,3,0,synthetic_demo
L011022,2025-10-26,Construction,51-200,Bulk order,5.63,2,0,synthetic_demo
L004269,2025-10-26,Technology,201-1000,Product enquiry,7.97,1,0,synthetic_demo
L000628,2025-10-26,Manufacturing,1-50,Bulk order,16.39,1,0,synthetic_demo
L005932,2025-10-26,Manufacturing,51-200,Product enquiry,1.13,6,0,synthetic_demo
L007543,2025-10-26,Healthcare,201-1000,Supplier request,10.52,8,0,synthetic_demo
L010784,2025-10-26,Manufacturing,1-50,Price quote,10.86,1,0,synthetic_demo
L004838,2025-10-26,Manufacturing,51-200,Product enquiry,27.61,3,0,synthetic_demo
L004532,2025-10-26,Retail,1-50,Bulk order,8.72,2,1,synthetic_demo
L010288,2025-10-26,Construction,1-50,Bulk order,2.73,6,0,synthetic_demo
L006553,2025-10-26,Technology,1-50,Price quote,12.51,4,0,synthetic_demo
L010971,2025-10-26,Healthcare,1-50,Price quote,13.28,3,1,synthetic_demo
L009027,2025-10-27,Technology,201-1000,Price quote,9.48,3,1,synthetic_demo
L002888,2025-10-27,Construction,201-1000,Price quote,10.62,2,0,synthetic_demo
L006039,2025-10-27,Manufacturing,201-1000,Bulk order,22.1,1,0,synthetic_demo
L010080,2025-10-27,Technology,201-1000,Supplier request,3.34,2,0,synthetic_demo
L004041,2025-10-27,Retail,1001+,Product enquiry,3.99,4,0,synthetic_demo
L004769,2025-10-27,Manufacturing,51-200,Supplier request,16.14,3,0,synthetic_demo
L009266,2025-10-27,Technology,51-200,Bulk order,8.73,1,0,synthetic_demo
L003544,2025-10-27,Manufacturing,51-200,Supplier request,27.87,0,1,synthetic_demo
L000118,2025-10-27,Technology,201-1000,Supplier request,2.9,2,0,synthetic_demo
L004457,2025-10-27,Manufacturing,201-1000,Price quote,4.86,3,1,synthetic_demo
L004335,2025-10-27,Technology,201-1000,Price quote,5.66,4,0,synthetic_demo
L011920,2025-10-27,Retail,51-200,Bulk order,15.12,2,0,synthetic_demo
L001328,2025-10-27,Healthcare,1-50,Supplier request,23.09,1,0,synthetic_demo
L009440,2025-10-27,Manufacturing,51-200,Price quote,23.64,1,0,synthetic_demo
L010134,2025-10-27,Technology,1-50,Bulk order,13.74,3,0,synthetic_demo
L008877,2025-10-27,Construction,1001+,Price quote,15.54,2,0,synthetic_demo
L010158,2025-10-27,Technology,1-50,Supplier request,2.66,2,0,synthetic_demo
L005734,2025-10-27,Construction,1-50,Price quote,4.79,1,0,synthetic_demo
L000289,2025-10-27,Healthcare,1001+,Price quote,4.74,1,1,synthetic_demo
L006306,2025-10-27,Manufacturing,201-1000,Product enquiry,3.47,6,1,synthetic_demo
L002742,2025-10-27,Technology,51-200,Price quote,12.02,2,0,synthetic_demo
L009129,2025-10-27,Retail,51-200,Product enquiry,11.17,3,0,synthetic_demo
L007757,2025-10-27,Manufacturing,1-50,Bulk order,5.68,4,0,synthetic_demo
L010082,2025-10-27,Manufacturing,1-50,Price quote,5.29,0,0,synthetic_demo
L007566,2025-10-27,Construction,51-200,Price quote,2.87,1,0,synthetic_demo
L010584,2025-10-27,Retail,201-1000,Price quote,12.36,0,0,synthetic_demo
L009061,2025-10-27,Construction,1001+,Product enquiry,4.74,3,0,synthetic_demo
L005481,2025-10-27,Manufacturing,51-200,Product enquiry,7.48,1,0,synthetic_demo
L001823,2025-10-27,Healthcare,51-200,Supplier request,12.38,1,0,synthetic_demo
L005687,2025-10-28,Manufacturing,1-50,Product enquiry,8.52,2,0,synthetic_demo
L007273,2025-10-28,Manufacturing,201-1000,Price quote,13.47,2,0,synthetic_demo
L009614,2025-10-28,Manufacturing,1-50,Price quote,6.01,2,0,synthetic_demo
L003245,2025-10-28,Manufacturing,1001+,Product enquiry,6.93,2,1,synthetic_demo
L010996,2025-10-28,Technology,51-200,Supplier request,34.38,4,0,synthetic_demo
L010290,2025-10-28,Manufacturing,1001+,Price quote,15.66,3,1,synthetic_demo
L002771,2025-10-28,Manufacturing,1-50,Bulk order,4.68,3,1,synthetic_demo
L002800,2025-10-28,Technology,51-200,Price quote,6.03,1,0,synthetic_demo
L009619,2025-10-28,Healthcare,201-1000,Supplier request,7.07,0,0,synthetic_demo
L008510,2025-10-28,Construction,51-200,Product enquiry,11.85,3,0,synthetic_demo
L009672,2025-10-28,Construction,51-200,Price quote,11.06,0,0,synthetic_demo
L004085,2025-10-28,Healthcare,201-1000,Price quote,7.92,5,1,synthetic_demo
L000988,2025-10-28,Manufacturing,1-50,Price quote,23.58,5,1,synthetic_demo
L011689,2025-10-28,Healthcare,1001+,Product enquiry,6.69,2,1,synthetic_demo
L007528,2025-10-28,Technology,201-1000,Price quote,6.76,4,0,synthetic_demo
L009499,2025-10-28,Construction,201-1000,Supplier request,18.15,3,0,synthetic_demo
L007920,2025-10-28,Retail,1001+,Price quote,19.95,2,1,synthetic_demo
L002291,2025-10-28,Construction,1001+,Bulk order,17.05,2,0,synthetic_demo
L004470,2025-10-28,Manufacturing,1-50,Product enquiry,16.34,1,0,synthetic_demo
L005999,2025-10-28,Construction,201-1000,Price quote,9.0,4,0,synthetic_demo
L007551,2025-10-28,Construction,201-1000,Price quote,5.46,1,0,synthetic_demo
L007202,2025-10-28,Retail,51-200,Product enquiry,6.73,3,0,synthetic_demo
L009762,2025-10-29,Manufacturing,1001+,Price quote,4.25,0,1,synthetic_demo
L005445,2025-10-29,Construction,201-1000,Product enquiry,5.47,3,0,synthetic_demo
L006962,2025-10-29,Manufacturing,1-50,Product enquiry,16.25,2,0,synthetic_demo
L009656,2025-10-29,Technology,1-50,Product enquiry,2.71,3,0,synthetic_demo
L006741,2025-10-29,Healthcare,201-1000,Product enquiry,6.75,2,0,synthetic_demo
L004455,2025-10-29,Healthcare,1-50,Product enquiry,10.42,3,0,synthetic_demo
L010256,2025-10-29,Retail,201-1000,Bulk order,3.02,1,0,synthetic_demo
L002224,2025-10-29,Manufacturing,1001+,Product enquiry,17.07,4,1,synthetic_demo
L010625,2025-10-29,Healthcare,1-50,Bulk order,13.62,1,1,synthetic_demo
L004415,2025-10-29,Manufacturing,51-200,Supplier request,1.76,1,0,synthetic_demo
L005275,2025-10-29,Retail,1-50,Product enquiry,22.64,3,0,synthetic_demo
L008627,2025-10-29,Retail,1-50,Price quote,14.94,0,0,synthetic_demo
L011018,2025-10-29,Retail,51-200,Price quote,13.42,2,0,synthetic_demo
L000991,2025-10-29,Healthcare,51-200,Price quote,17.99,3,0,synthetic_demo
L010845,2025-10-29,Manufacturing,201-1000,Price quote,12.46,4,1,synthetic_demo
L002327,2025-10-29,Manufacturing,51-200,Product enquiry,18.21,3,0,synthetic_demo
L004403,2025-10-29,Manufacturing,201-1000,Price quote,18.25,0,0,synthetic_demo
L004675,2025-10-29,Technology,51-200,Bulk order,6.2,1,0,synthetic_demo
L001220,2025-10-29,Manufacturing,51-200,Product enquiry,5.48,5,0,synthetic_demo
L011699,2025-10-29,Technology,201-1000,Price quote,4.62,1,0,synthetic_demo
L005641,2025-10-29,Retail,201-1000,Bulk order,0.98,3,0,synthetic_demo
L000932,2025-10-29,Retail,51-200,Bulk order,24.71,4,0,synthetic_demo
L001377,2025-10-29,Technology,1-50,Bulk order,3.45,2,0,synthetic_demo
L008094,2025-10-29,Construction,1-50,Product enquiry,7.29,1,0,synthetic_demo
L008090,2025-10-29,Manufacturing,51-200,Product enquiry,4.04,1,0,synthetic_demo
L010335,2025-10-29,Manufacturing,51-200,Product enquiry,10.19,3,0,synthetic_demo
L010818,2025-10-29,Technology,51-200,Supplier request,5.84,0,0,synthetic_demo
L000055,2025-10-29,Technology,1001+,Price quote,4.79,2,0,synthetic_demo
L000777,2025-10-29,Healthcare,51-200,Product enquiry,7.64,0,0,synthetic_demo
L007846,2025-10-29,Retail,51-200,Product enquiry,9.44,6,0,synthetic_demo
L006618,2025-10-29,Construction,51-200,Product enquiry,11.42,2,0,synthetic_demo
L003441,2025-10-29,Manufacturing,51-200,Supplier request,10.9,3,0,synthetic_demo
L005576,2025-10-29,Manufacturing,51-200,Price quote,6.8,5,0,synthetic_demo
L004825,2025-10-29,Retail,1-50,Price quote,6.15,3,0,synthetic_demo
L009544,2025-10-29,Healthcare,1-50,Price quote,15.05,1,0,synthetic_demo
L010064,2025-10-30,Manufacturing,1-50,Product enquiry,15.74,3,0,synthetic_demo
L004601,2025-10-30,Healthcare,51-200,Product enquiry,23.53,2,0,synthetic_demo
L009938,2025-10-30,Retail,1-50,Supplier request,17.95,4,0,synthetic_demo
L001705,2025-10-30,Retail,1-50,Product enquiry,5.03,1,0,synthetic_demo
L004633,2025-10-30,Retail,1-50,Product enquiry,6.08,1,0,synthetic_demo
L000588,2025-10-30,Retail,51-200,Product enquiry,10.04,4,0,synthetic_demo
L009853,2025-10-30,Retail,1-50,Product enquiry,6.95,1,0,synthetic_demo
L007901,2025-10-30,Retail,51-200,Bulk order,15.81,2,0,synthetic_demo
L010698,2025-10-30,Healthcare,1-50,Price quote,6.31,2,0,synthetic_demo
L004772,2025-10-30,Retail,1001+,Price quote,22.63,1,1,synthetic_demo
L011048,2025-10-30,Retail,51-200,Price quote,12.14,9,0,synthetic_demo
L008193,2025-10-30,Manufacturing,201-1000,Price quote,14.87,1,0,synthetic_demo
L009341,2025-10-30,Manufacturing,201-1000,Price quote,10.81,1,1,synthetic_demo
L009729,2025-10-30,Healthcare,201-1000,Price quote,13.71,1,0,synthetic_demo
L007072,2025-10-30,Manufacturing,1001+,Supplier request,27.98,2,0,synthetic_demo
L000844,2025-10-30,Retail,1-50,Supplier request,6.38,6,1,synthetic_demo
L006616,2025-10-30,Manufacturing,51-200,Product enquiry,8.69,3,0,synthetic_demo
L009041,2025-10-30,Manufacturing,51-200,Bulk order,7.97,0,0,synthetic_demo
L003215,2025-10-30,Manufacturing,1-50,Price quote,7.73,2,0,synthetic_demo
L010671,2025-10-30,Manufacturing,51-200,Bulk order,10.04,3,0,synthetic_demo
L005640,2025-10-30,Healthcare,1001+,Product enquiry,5.22,2,0,synthetic_demo
L009428,2025-10-30,Retail,201-1000,Price quote,2.02,2,0,synthetic_demo
L009316,2025-10-30,Construction,201-1000,Product enquiry,5.04,3,0,synthetic_demo
L004556,2025-10-30,Technology,1-50,Bulk order,17.78,3,0,synthetic_demo
L011335,2025-10-30,Manufacturing,1-50,Bulk order,1.92,2,1,synthetic_demo
L006034,2025-10-30,Manufacturing,1001+,Bulk order,24.09,1,0,synthetic_demo
L006358,2025-10-30,Construction,1-50,Product enquiry,3.86,3,0,synthetic_demo
L009601,2025-10-30,Healthcare,51-200,Price quote,7.13,1,0,synthetic_demo
L006624,2025-10-30,Retail,51-200,Bulk order,10.68,0,0,synthetic_demo
L003232,2025-10-30,Manufacturing,1001+,Product enquiry,2.71,1,0,synthetic_demo
L000540,2025-10-30,Technology,201-1000,Price quote,12.93,2,1,synthetic_demo
L002153,2025-10-31,Technology,1001+,Product enquiry,6.06,2,0,synthetic_demo
L001536,2025-10-31,Retail,51-200,Bulk order,8.7,3,1,synthetic_demo
L008310,2025-10-31,Construction,1-50,Price quote,9.85,3,0,synthetic_demo
L005699,2025-10-31,Construction,201-1000,Bulk order,7.0,0,1,synthetic_demo
L006517,2025-10-31,Technology,201-1000,Price quote,9.62,1,0,synthetic_demo
L004732,2025-10-31,Construction,51-200,Bulk order,9.19,3,1,synthetic_demo
L011498,2025-10-31,Construction,51-200,Price quote,9.37,2,0,synthetic_demo
L009184,2025-10-31,Construction,1-50,Supplier request,13.33,5,1,synthetic_demo
L011116,2025-10-31,Healthcare,1001+,Price quote,9.8,1,0,synthetic_demo
L009652,2025-10-31,Technology,51-200,Price quote,15.42,5,0,synthetic_demo
L008984,2025-10-31,Technology,51-200,Price quote,8.72,1,0,synthetic_demo
L001803,2025-10-31,Manufacturing,1-50,Price quote,13.17,5,1,synthetic_demo
L007624,2025-10-31,Manufacturing,1-50,Bulk order,8.98,4,0,synthetic_demo
L008165,2025-10-31,Retail,51-200,Supplier request,6.47,4,0,synthetic_demo
L003942,2025-10-31,Manufacturing,201-1000,Bulk order,21.2,0,0,synthetic_demo
L006877,2025-10-31,Manufacturing,1-50,Price quote,21.35,1,0,synthetic_demo
L004187,2025-10-31,Manufacturing,51-200,Bulk order,5.0,1,0,synthetic_demo
L002644,2025-10-31,Construction,201-1000,Bulk order,8.16,2,0,synthetic_demo
L010505,2025-10-31,Technology,51-200,Price quote,2.87,6,0,synthetic_demo
L004172,2025-10-31,Technology,1-50,Bulk order,14.78,5,0,synthetic_demo
L004671,2025-10-31,Manufacturing,1001+,Product enquiry,10.06,4,0,synthetic_demo
L009528,2025-10-31,Manufacturing,201-1000,Supplier request,8.04,3,0,synthetic_demo
L007405,2025-10-31,Healthcare,51-200,Price quote,16.02,0,0,synthetic_demo
L004770,2025-10-31,Technology,1-50,Bulk order,4.84,1,0,synthetic_demo
L011192,2025-10-31,Manufacturing,51-200,Supplier request,16.3,2,0,synthetic_demo
L009206,2025-10-31,Technology,51-200,Product enquiry,13.51,4,1,synthetic_demo
L010065,2025-10-31,Healthcare,201-1000,Product enquiry,13.86,6,1,synthetic_demo
L006137,2025-10-31,Construction,51-200,Supplier request,2.88,2,0,synthetic_demo
L007992,2025-10-31,Construction,1-50,Product enquiry,7.66,2,0,synthetic_demo
L002457,2025-10-31,Healthcare,1-50,Price quote,8.86,1,0,synthetic_demo
L000223,2025-10-31,Technology,201-1000,Price quote,18.57,1,0,synthetic_demo
L005027,2025-10-31,Retail,1001+,Price quote,2.35,1,0,synthetic_demo
L002320,2025-10-31,Construction,51-200,Product enquiry,10.72,2,0,synthetic_demo
L004008,2025-10-31,Manufacturing,1-50,Bulk order,4.96,1,0,synthetic_demo
L010828,2025-10-31,Healthcare,1-50,Supplier request,22.27,0,0,synthetic_demo
L000639,2025-10-31,Technology,51-200,Price quote,13.49,2,0,synthetic_demo
L003726,2025-10-31,Technology,1-50,Bulk order,10.34,3,0,synthetic_demo
L005690,2025-10-31,Construction,1-50,Price quote,12.36,4,1,synthetic_demo
L008092,2025-11-01,Manufacturing,201-1000,Price quote,33.26,1,0,synthetic_demo
L009356,2025-11-01,Retail,1-50,Price quote,9.88,5,0,synthetic_demo
L007668,2025-11-01,Retail,51-200,Price quote,14.0,3,0,synthetic_demo
L001256,2025-11-01,Construction,1-50,Product enquiry,16.77,0,0,synthetic_demo
L006935,2025-11-01,Healthcare,201-1000,Price quote,16.69,2,0,synthetic_demo
L005836,2025-11-01,Manufacturing,201-1000,Bulk order,22.89,4,0,synthetic_demo
L003932,2025-11-01,Healthcare,51-200,Product enquiry,9.1,4,1,synthetic_demo
L002160,2025-11-01,Manufacturing,1001+,Product enquiry,12.9,3,0,synthetic_demo
L005788,2025-11-01,Technology,1-50,Price quote,26.45,2,0,synthetic_demo
L003750,2025-11-01,Manufacturing,51-200,Price quote,11.29,5,1,synthetic_demo
L001519,2025-11-01,Manufacturing,51-200,Product enquiry,7.11,6,0,synthetic_demo
L010879,2025-11-01,Retail,1001+,Bulk order,9.24,1,0,synthetic_demo
L010482,2025-11-01,Manufacturing,51-200,Supplier request,4.58,2,0,synthetic_demo
L004132,2025-11-01,Healthcare,201-1000,Product enquiry,28.03,4,0,synthetic_demo
L006677,2025-11-01,Retail,201-1000,Price quote,0.83,4,0,synthetic_demo
L008141,2025-11-01,Retail,1-50,Bulk order,35.95,3,0,synthetic_demo
L011491,2025-11-01,Manufacturing,1001+,Supplier request,19.89,0,0,synthetic_demo
L002915,2025-11-01,Retail,1-50,Price quote,2.99,5,0,synthetic_demo
L004977,2025-11-01,Retail,1-50,Price quote,30.94,0,0,synthetic_demo
L001734,2025-11-01,Manufacturing,201-1000,Product enquiry,12.5,1,0,synthetic_demo
L001660,2025-11-01,Manufacturing,1-50,Price quote,12.36,0,0,synthetic_demo
L003407,2025-11-01,Healthcare,1-50,Bulk order,12.8,1,0,synthetic_demo
L001725,2025-11-01,Healthcare,201-1000,Price quote,2.37,1,0,synthetic_demo
L006076,2025-11-01,Healthcare,201-1000,Price quote,4.81,2,0,synthetic_demo
L011686,2025-11-01,Technology,1-50,Bulk order,19.78,4,0,synthetic_demo
L000662,2025-11-01,Construction,51-200,Supplier request,10.96,0,0,synthetic_demo
L000463,2025-11-01,Construction,1-50,Bulk order,9.6,2,0,synthetic_demo
L001136,2025-11-01,Retail,1001+,Bulk order,14.45,2,0,synthetic_demo
L003582,2025-11-01,Technology,1-50,Supplier request,6.78,1,0,synthetic_demo
L001849,2025-11-01,Retail,1001+,Price quote,4.49,2,0,synthetic_demo
L007944,2025-11-01,Healthcare,51-200,Product enquiry,3.56,2,0,synthetic_demo
L002012,2025-11-01,Retail,51-200,Bulk order,8.97,2,0,synthetic_demo
L005049,2025-11-01,Manufacturing,51-200,Price quote,6.83,0,0,synthetic_demo
L000383,2025-11-01,Technology,201-1000,Supplier request,1.93,2,1,synthetic_demo
L010244,2025-11-01,Retail,1-50,Price quote,2.1,4,0,synthetic_demo
L011924,2025-11-01,Technology,51-200,Price quote,18.34,2,0,synthetic_demo
L005524,2025-11-01,Technology,51-200,Bulk order,26.08,1,1,synthetic_demo
L001444,2025-11-01,Manufacturing,201-1000,Bulk order,14.93,2,0,synthetic_demo
L003618,2025-11-01,Manufacturing,1-50,Product enquiry,10.77,3,0,synthetic_demo
L000719,2025-11-02,Technology,51-200,Supplier request,2.43,3,1,synthetic_demo
L001304,2025-11-02,Manufacturing,1001+,Product enquiry,5.15,3,0,synthetic_demo
L005625,2025-11-02,Manufacturing,1001+,Bulk order,3.49,1,1,synthetic_demo
L010036,2025-11-02,Construction,51-200,Price quote,11.18,3,0,synthetic_demo
L001722,2025-11-02,Manufacturing,1-50,Price quote,4.41,1,0,synthetic_demo
L002675,2025-11-02,Healthcare,1001+,Price quote,15.53,2,0,synthetic_demo
L011987,2025-11-02,Manufacturing,201-1000,Bulk order,4.19,4,1,synthetic_demo
L001794,2025-11-02,Technology,201-1000,Product enquiry,3.11,6,0,synthetic_demo
L007300,2025-11-02,Healthcare,1001+,Product enquiry,18.57,1,0,synthetic_demo
L000492,2025-11-02,Healthcare,1-50,Product enquiry,24.3,1,0,synthetic_demo
L002773,2025-11-02,Construction,51-200,Product enquiry,20.34,1,0,synthetic_demo
L000012,2025-11-02,Construction,1-50,Bulk order,1.76,1,0,synthetic_demo
L000754,2025-11-02,Retail,1-50,Supplier request,31.02,5,1,synthetic_demo
L001875,2025-11-02,Construction,51-200,Bulk order,8.64,2,0,synthetic_demo
L007858,2025-11-02,Manufacturing,201-1000,Bulk order,20.7,1,0,synthetic_demo
L004689,2025-11-02,Construction,51-200,Product enquiry,14.95,3,0,synthetic_demo
L003322,2025-11-02,Retail,51-200,Supplier request,13.81,1,0,synthetic_demo
L000776,2025-11-02,Construction,1-50,Product enquiry,5.14,2,1,synthetic_demo
L009893,2025-11-02,Manufacturing,51-200,Price quote,6.41,1,0,synthetic_demo
L002177,2025-11-02,Retail,51-200,Price quote,5.85,1,1,synthetic_demo
L002784,2025-11-02,Retail,201-1000,Price quote,12.24,0,0,synthetic_demo
L010294,2025-11-02,Retail,51-200,Product enquiry,5.98,3,0,synthetic_demo
L011061,2025-11-02,Retail,51-200,Supplier request,21.94,1,0,synthetic_demo
L000071,2025-11-02,Manufacturing,201-1000,Supplier request,5.04,2,0,synthetic_demo
L000591,2025-11-02,Construction,201-1000,Bulk order,15.47,5,1,synthetic_demo
L011725,2025-11-02,Manufacturing,1001+,Product enquiry,19.64,2,0,synthetic_demo
L001529,2025-11-02,Manufacturing,51-200,Product enquiry,7.11,2,0,synthetic_demo
L008278,2025-11-02,Technology,1-50,Price quote,19.25,0,0,synthetic_demo
L009144,2025-11-02,Technology,51-200,Supplier request,19.62,1,0,synthetic_demo
L000051,2025-11-02,Manufacturing,51-200,Product enquiry,9.98,1,0,synthetic_demo
L003610,2025-11-02,Manufacturing,51-200,Product enquiry,6.91,2,0,synthetic_demo
L007041,2025-11-02,Technology,51-200,Bulk order,9.79,1,0,synthetic_demo
L003009,2025-11-02,Manufacturing,51-200,Supplier request,7.76,3,0,synthetic_demo
L009331,2025-11-02,Healthcare,201-1000,Bulk order,10.78,1,0,synthetic_demo
L001445,2025-11-02,Manufacturing,51-200,Supplier request,9.88,3,1,synthetic_demo
L000058,2025-11-02,Healthcare,1001+,Product enquiry,11.41,1,0,synthetic_demo
L011665,2025-11-02,Technology,1-50,Product enquiry,1.75,1,0,synthetic_demo
L004388,2025-11-02,Manufacturing,51-200,Bulk order,4.11,4,1,synthetic_demo
L007894,2025-11-02,Manufacturing,51-200,Bulk order,6.7,4,0,synthetic_demo
L002222,2025-11-02,Retail,51-200,Product enquiry,2.54,1,0,synthetic_demo
L006721,2025-11-02,Retail,1001+,Bulk order,7.51,4,1,synthetic_demo
L000002,2025-11-02,Retail,51-200,Bulk order,4.87,0,0,synthetic_demo
L000105,2025-11-02,Technology,51-200,Price quote,37.12,1,0,synthetic_demo
L000107,2025-11-02,Retail,201-1000,Product enquiry,7.14,1,1,synthetic_demo
L007705,2025-11-03,Retail,51-200,Bulk order,14.92,3,0,synthetic_demo
L007188,2025-11-03,Retail,201-1000,Supplier request,14.55,3,0,synthetic_demo
L003979,2025-11-03,Healthcare,1-50,Bulk order,4.25,2,0,synthetic_demo
L011321,2025-11-03,Retail,51-200,Bulk order,4.3,2,0,synthetic_demo
L003286,2025-11-03,Healthcare,1-50,Bulk order,17.29,2,0,synthetic_demo
L011912,2025-11-03,Construction,1001+,Price quote,10.71,2,0,synthetic_demo
L009687,2025-11-03,Construction,201-1000,Price quote,2.36,1,0,synthetic_demo
L006211,2025-11-03,Manufacturing,1-50,Supplier request,4.2,1,0,synthetic_demo
L007058,2025-11-03,Manufacturing,51-200,Price quote,13.7,2,0,synthetic_demo
L011896,2025-11-03,Manufacturing,51-200,Product enquiry,23.03,3,0,synthetic_demo
L004728,2025-11-03,Manufacturing,1-50,Bulk order,12.12,2,0,synthetic_demo
L001046,2025-11-03,Retail,201-1000,Price quote,7.66,3,1,synthetic_demo
L005744,2025-11-03,Construction,1001+,Price quote,5.6,4,0,synthetic_demo
L009396,2025-11-03,Technology,1-50,Product enquiry,3.05,0,0,synthetic_demo
L009810,2025-11-03,Technology,51-200,Product enquiry,14.72,3,0,synthetic_demo
L008302,2025-11-03,Retail,201-1000,Product enquiry,10.74,4,0,synthetic_demo
L008074,2025-11-03,Retail,51-200,Product enquiry,12.29,1,0,synthetic_demo
L003141,2025-11-03,Retail,51-200,Price quote,4.95,2,0,synthetic_demo
L007454,2025-11-03,Healthcare,1-50,Price quote,23.33,2,1,synthetic_demo
L006494,2025-11-03,Manufacturing,1001+,Price quote,30.77,0,0,synthetic_demo
L008720,2025-11-03,Manufacturing,1-50,Price quote,0.74,5,0,synthetic_demo
L008999,2025-11-03,Construction,201-1000,Product enquiry,1.64,2,0,synthetic_demo
L008596,2025-11-03,Technology,51-200,Price quote,8.87,2,0,synthetic_demo
L009880,2025-11-03,Retail,201-1000,Supplier request,31.86,4,0,synthetic_demo
L011417,2025-11-03,Technology,1-50,Product enquiry,2.91,1,1,synthetic_demo
L004246,2025-11-03,Manufacturing,51-200,Supplier request,3.56,2,0,synthetic_demo
L001071,2025-11-03,Construction,201-1000,Product enquiry,5.04,2,0,synthetic_demo
L002204,2025-11-04,Manufacturing,201-1000,Product enquiry,8.69,2,0,synthetic_demo
L004465,2025-11-04,Manufacturing,51-200,Bulk order,3.16,2,1,synthetic_demo
L006245,2025-11-04,Manufacturing,1-50,Price quote,4.32,1,0,synthetic_demo
L000545,2025-11-04,Manufacturing,51-200,Supplier request,19.75,0,0,synthetic_demo
L010325,2025-11-04,Manufacturing,201-1000,Supplier request,3.23,1,0,synthetic_demo
L009388,2025-11-04,Technology,201-1000,Price quote,12.53,1,0,synthetic_demo
L001531,2025-11-04,Retail,201-1000,Product enquiry,12.37,2,0,synthetic_demo
L010614,2025-11-04,Manufacturing,201-1000,Product enquiry,2.87,6,0,synthetic_demo
L000388,2025-11-04,Construction,51-200,Supplier request,3.23,1,1,synthetic_demo
L005702,2025-11-04,Manufacturing,1001+,Bulk order,5.09,0,1,synthetic_demo
L000835,2025-11-04,Technology,1-50,Product enquiry,13.72,4,0,synthetic_demo
L002007,2025-11-04,Retail,1001+,Price quote,5.79,3,0,synthetic_demo
L010491,2025-11-04,Manufacturing,201-1000,Product enquiry,20.27,2,0,synthetic_demo
L007045,2025-11-04,Construction,1-50,Price quote,2.84,3,0,synthetic_demo
L009265,2025-11-04,Manufacturing,51-200,Product enquiry,4.97,0,0,synthetic_demo
L007718,2025-11-04,Technology,1001+,Bulk order,9.0,3,1,synthetic_demo
L008848,2025-11-04,Healthcare,51-200,Product enquiry,1.13,3,0,synthetic_demo
L010012,2025-11-04,Healthcare,51-200,Bulk order,2.65,4,0,synthetic_demo
L003439,2025-11-04,Manufacturing,1001+,Bulk order,9.9,3,1,synthetic_demo
L001484,2025-11-04,Manufacturing,1-50,Product enquiry,5.37,3,0,synthetic_demo
L001616,2025-11-04,Manufacturing,1-50,Price quote,20.25,1,0,synthetic_demo
L011874,2025-11-04,Manufacturing,1-50,Product enquiry,9.52,1,0,synthetic_demo
L007614,2025-11-04,Retail,51-200,Bulk order,1.44,4,1,synthetic_demo
L004241,2025-11-04,Technology,51-200,Product enquiry,11.45,1,0,synthetic_demo
L000191,2025-11-04,Construction,201-1000,Price quote,13.21,1,0,synthetic_demo
L006844,2025-11-04,Retail,1-50,Product enquiry,26.76,3,0,synthetic_demo
L001300,2025-11-04,Retail,201-1000,Bulk order,1.5,2,0,synthetic_demo
L000524,2025-11-04,Healthcare,1-50,Price quote,7.08,3,0,synthetic_demo
L003296,2025-11-04,Construction,1-50,Supplier request,5.67,3,0,synthetic_demo
L005561,2025-11-04,Construction,1-50,Bulk order,6.73,1,0,synthetic_demo
L003332,2025-11-04,Retail,201-1000,Supplier request,5.11,1,0,synthetic_demo
L011227,2025-11-04,Retail,1-50,Bulk order,12.78,4,0,synthetic_demo
L007704,2025-11-04,Healthcare,1-50,Product enquiry,17.44,0,0,synthetic_demo
L002720,2025-11-04,Healthcare,51-200,Price quote,9.31,3,0,synthetic_demo
L004235,2025-11-04,Manufacturing,1001+,Price quote,6.8,3,1,synthetic_demo
L001381,2025-11-05,Retail,1-50,Price quote,8.27,1,0,synthetic_demo
L003682,2025-11-05,Manufacturing,51-200,Product enquiry,3.81,2,0,synthetic_demo
L008982,2025-11-05,Healthcare,201-1000,Product enquiry,24.17,3,0,synthetic_demo
L009301,2025-11-05,Technology,1-50,Price quote,5.78,2,0,synthetic_demo
L003664,2025-11-05,Technology,201-1000,Bulk order,12.44,2,0,synthetic_demo
L009243,2025-11-05,Manufacturing,1-50,Product enquiry,10.91,3,0,synthetic_demo
L007364,2025-11-05,Technology,1-50,Supplier request,19.84,3,0,synthetic_demo
L006222,2025-11-05,Manufacturing,201-1000,Price quote,16.62,3,0,synthetic_demo
L010503,2025-11-05,Manufacturing,1-50,Product enquiry,6.38,1,0,synthetic_demo
L002853,2025-11-05,Technology,201-1000,Bulk order,21.95,5,1,synthetic_demo
L010317,2025-11-05,Retail,201-1000,Price quote,2.2,1,0,synthetic_demo
L011850,2025-11-05,Manufacturing,1-50,Price quote,10.03,2,0,synthetic_demo
L006401,2025-11-05,Manufacturing,201-1000,Product enquiry,1.63,2,0,synthetic_demo
L006645,2025-11-05,Healthcare,51-200,Product enquiry,17.39,3,0,synthetic_demo
L006309,2025-11-05,Retail,51-200,Product enquiry,28.98,0,0,synthetic_demo
L011476,2025-11-05,Manufacturing,1-50,Bulk order,7.68,2,0,synthetic_demo
L003155,2025-11-05,Manufacturing,51-200,Bulk order,21.32,1,0,synthetic_demo
L007914,2025-11-05,Construction,201-1000,Supplier request,1.45,1,0,synthetic_demo
L011916,2025-11-05,Technology,1001+,Bulk order,0.97,1,0,synthetic_demo
L009888,2025-11-05,Technology,201-1000,Bulk order,1.52,4,1,synthetic_demo
L009431,2025-11-05,Healthcare,201-1000,Product enquiry,19.64,5,0,synthetic_demo
L001556,2025-11-05,Technology,1-50,Supplier request,8.21,3,0,synthetic_demo
L009745,2025-11-05,Technology,51-200,Bulk order,9.75,4,1,synthetic_demo
L004979,2025-11-05,Technology,1001+,Bulk order,41.2,4,1,synthetic_demo
L008883,2025-11-05,Healthcare,201-1000,Supplier request,25.24,5,0,synthetic_demo
L004988,2025-11-05,Manufacturing,51-200,Product enquiry,9.2,3,0,synthetic_demo
L002037,2025-11-05,Construction,1001+,Bulk order,8.31,3,0,synthetic_demo
L004277,2025-11-05,Retail,1-50,Supplier request,6.36,5,0,synthetic_demo
L004060,2025-11-05,Technology,51-200,Product enquiry,9.29,2,0,synthetic_demo
L011089,2025-11-05,Construction,201-1000,Supplier request,5.73,1,0,synthetic_demo
L009527,2025-11-05,Healthcare,51-200,Product enquiry,9.17,2,0,synthetic_demo
L004320,2025-11-05,Retail,51-200,Bulk order,4.94,1,0,synthetic_demo
L005459,2025-11-05,Manufacturing,201-1000,Bulk order,14.2,2,0,synthetic_demo
L011307,2025-11-05,Manufacturing,51-200,Product enquiry,32.98,0,0,synthetic_demo
L011216,2025-11-05,Manufacturing,201-1000,Product enquiry,16.41,2,0,synthetic_demo
L010961,2025-11-06,Manufacturing,51-200,Bulk order,4.15,3,0,synthetic_demo
L001919,2025-11-06,Healthcare,51-200,Price quote,18.84,0,0,synthetic_demo
L008839,2025-11-06,Manufacturing,1001+,Bulk order,1.26,2,1,synthetic_demo
L009196,2025-11-06,Manufacturing,51-200,Supplier request,2.77,0,0,synthetic_demo
L004622,2025-11-06,Construction,51-200,Product enquiry,12.37,0,0,synthetic_demo
L000760,2025-11-06,Retail,51-200,Supplier request,4.12,1,0,synthetic_demo
L003876,2025-11-06,Retail,201-1000,Supplier request,6.81,7,0,synthetic_demo
L009975,2025-11-06,Healthcare,201-1000,Price quote,4.88,6,1,synthetic_demo
L006617,2025-11-06,Retail,1-50,Price quote,4.57,3,0,synthetic_demo
L008705,2025-11-06,Retail,201-1000,Supplier request,13.5,4,0,synthetic_demo
L011593,2025-11-06,Construction,1-50,Bulk order,6.04,3,0,synthetic_demo
L000238,2025-11-06,Technology,1-50,Price quote,8.25,6,0,synthetic_demo
L008489,2025-11-06,Technology,51-200,Product enquiry,19.95,2,0,synthetic_demo
L008311,2025-11-06,Construction,1-50,Price quote,11.19,2,0,synthetic_demo
L004625,2025-11-06,Manufacturing,1-50,Bulk order,17.35,2,0,synthetic_demo
L011656,2025-11-06,Healthcare,1-50,Price quote,12.97,3,0,synthetic_demo
L009835,2025-11-06,Technology,51-200,Product enquiry,6.39,2,0,synthetic_demo
L010623,2025-11-06,Construction,1-50,Bulk order,7.49,0,0,synthetic_demo
L005681,2025-11-06,Construction,1001+,Product enquiry,34.81,3,1,synthetic_demo
L009434,2025-11-06,Retail,1-50,Bulk order,14.81,1,0,synthetic_demo
L011401,2025-11-06,Technology,51-200,Supplier request,9.89,2,0,synthetic_demo
L002858,2025-11-06,Retail,1-50,Product enquiry,15.6,5,0,synthetic_demo
L003251,2025-11-06,Construction,201-1000,Bulk order,17.46,4,1,synthetic_demo
L009700,2025-11-06,Manufacturing,51-200,Supplier request,10.85,1,0,synthetic_demo
L011206,2025-11-06,Manufacturing,51-200,Product enquiry,11.62,1,0,synthetic_demo
L010587,2025-11-06,Healthcare,201-1000,Supplier request,2.93,4,0,synthetic_demo
L003163,2025-11-06,Manufacturing,201-1000,Product enquiry,4.51,3,1,synthetic_demo
L011305,2025-11-06,Technology,1-50,Product enquiry,4.61,2,0,synthetic_demo
L006894,2025-11-06,Manufacturing,1-50,Product enquiry,11.4,3,1,synthetic_demo
L011303,2025-11-06,Construction,1-50,Product enquiry,11.19,0,0,synthetic_demo
L004690,2025-11-06,Technology,201-1000,Supplier request,7.36,1,0,synthetic_demo
L009210,2025-11-06,Technology,1-50,Bulk order,5.03,3,1,synthetic_demo
L005577,2025-11-06,Construction,201-1000,Price quote,13.16,3,0,synthetic_demo
L001368,2025-11-06,Manufacturing,51-200,Price quote,6.44,3,0,synthetic_demo
L008816,2025-11-06,Retail,1001+,Supplier request,10.73,3,1,synthetic_demo
L005217,2025-11-06,Retail,51-200,Price quote,18.59,1,0,synthetic_demo
L009574,2025-11-07,Technology,1-50,Supplier request,3.9,4,0,synthetic_demo
L011464,2025-11-07,Retail,201-1000,Supplier request,1.87,3,1,synthetic_demo
L002488,2025-11-07,Technology,201-1000,Supplier request,4.49,0,0,synthetic_demo
L006977,2025-11-07,Technology,1-50,Product enquiry,2.78,3,0,synthetic_demo
L008137,2025-11-07,Healthcare,1-50,Supplier request,11.96,4,0,synthetic_demo
L011587,2025-11-07,Technology,1-50,Product enquiry,4.03,5,0,synthetic_demo
L002924,2025-11-07,Technology,1-50,Price quote,16.42,2,0,synthetic_demo
L010643,2025-11-07,Technology,51-200,Product enquiry,3.63,1,0,synthetic_demo
L010951,2025-11-07,Retail,201-1000,Supplier request,16.25,2,0,synthetic_demo
L001726,2025-11-07,Manufacturing,1001+,Product enquiry,6.31,1,1,synthetic_demo
L011229,2025-11-07,Technology,1001+,Price quote,19.42,6,1,synthetic_demo
L000802,2025-11-07,Retail,201-1000,Bulk order,1.5,2,1,synthetic_demo
L004579,2025-11-07,Retail,51-200,Bulk order,18.76,4,0,synthetic_demo
L003196,2025-11-07,Retail,201-1000,Price quote,5.62,4,0,synthetic_demo
L010274,2025-11-07,Retail,1-50,Price quote,15.26,4,1,synthetic_demo
L006821,2025-11-07,Technology,1-50,Price quote,4.89,2,0,synthetic_demo
L008752,2025-11-07,Retail,1001+,Price quote,7.93,0,0,synthetic_demo
L003763,2025-11-07,Manufacturing,51-200,Price quote,1.78,4,1,synthetic_demo
L002775,2025-11-07,Technology,201-1000,Bulk order,10.2,1,0,synthetic_demo
L007432,2025-11-07,Healthcare,1001+,Supplier request,10.87,5,1,synthetic_demo
L001637,2025-11-07,Retail,1-50,Bulk order,17.67,4,0,synthetic_demo
L010043,2025-11-07,Healthcare,1-50,Supplier request,12.88,5,1,synthetic_demo
L010557,2025-11-07,Retail,201-1000,Price quote,27.29,2,0,synthetic_demo
L010547,2025-11-07,Healthcare,1-50,Price quote,14.49,2,0,synthetic_demo
L007694,2025-11-07,Manufacturing,51-200,Product enquiry,2.66,3,0,synthetic_demo
L002420,2025-11-07,Construction,1-50,Product enquiry,3.96,3,0,synthetic_demo
L010964,2025-11-07,Technology,1-50,Product enquiry,30.29,1,0,synthetic_demo
L002628,2025-11-07,Retail,51-200,Product enquiry,18.04,2,0,synthetic_demo
L003576,2025-11-07,Retail,51-200,Price quote,3.24,6,1,synthetic_demo
L008135,2025-11-07,Manufacturing,201-1000,Bulk order,22.13,1,0,synthetic_demo
L000167,2025-11-07,Technology,51-200,Price quote,25.69,3,0,synthetic_demo
L006150,2025-11-07,Technology,201-1000,Supplier request,7.92,1,0,synthetic_demo
L002657,2025-11-07,Retail,1001+,Price quote,10.19,3,1,synthetic_demo
L009932,2025-11-07,Technology,51-200,Bulk order,30.38,1,0,synthetic_demo
L000473,2025-11-07,Manufacturing,1-50,Bulk order,33.76,1,0,synthetic_demo
L008230,2025-11-07,Technology,51-200,Product enquiry,22.51,3,0,synthetic_demo
L011774,2025-11-07,Healthcare,1-50,Price quote,20.15,1,0,synthetic_demo
L004992,2025-11-07,Construction,51-200,Product enquiry,5.66,3,0,synthetic_demo
L007546,2025-11-08,Retail,1001+,Product enquiry,11.7,3,0,synthetic_demo
L011604,2025-11-08,Construction,1-50,Product enquiry,16.91,1,0,synthetic_demo
L008051,2025-11-08,Retail,1-50,Price quote,13.82,2,0,synthetic_demo
L001501,2025-11-08,Technology,201-1000,Price quote,1.94,0,0,synthetic_demo
L004695,2025-11-08,Retail,201-1000,Price quote,10.66,2,0,synthetic_demo
L004666,2025-11-08,Retail,1-50,Supplier request,10.76,0,0,synthetic_demo
L000166,2025-11-08,Retail,1-50,Product enquiry,33.86,5,0,synthetic_demo
L007327,2025-11-08,Construction,1001+,Price quote,6.25,1,0,synthetic_demo
L007464,2025-11-08,Construction,1-50,Product enquiry,4.2,5,0,synthetic_demo
L007615,2025-11-08,Retail,51-200,Product enquiry,12.69,4,0,synthetic_demo
L004683,2025-11-08,Technology,51-200,Product enquiry,13.91,4,0,synthetic_demo
L005077,2025-11-08,Retail,1-50,Product enquiry,23.0,1,0,synthetic_demo
L003956,2025-11-08,Healthcare,1001+,Price quote,14.29,3,0,synthetic_demo
L010371,2025-11-08,Manufacturing,1-50,Supplier request,11.47,2,0,synthetic_demo
L007281,2025-11-08,Technology,51-200,Price quote,3.68,1,0,synthetic_demo
L008359,2025-11-08,Construction,1-50,Product enquiry,2.95,3,0,synthetic_demo
L008469,2025-11-08,Healthcare,1001+,Product enquiry,10.12,2,0,synthetic_demo
L008417,2025-11-08,Construction,201-1000,Product enquiry,12.33,2,0,synthetic_demo
L010617,2025-11-08,Retail,51-200,Product enquiry,6.15,2,0,synthetic_demo
L002991,2025-11-08,Technology,1001+,Bulk order,6.37,3,0,synthetic_demo
L005490,2025-11-08,Technology,201-1000,Product enquiry,22.06,0,0,synthetic_demo
L007792,2025-11-08,Healthcare,201-1000,Bulk order,14.5,4,0,synthetic_demo
L010658,2025-11-09,Technology,51-200,Price quote,6.49,1,0,synthetic_demo
L007205,2025-11-09,Healthcare,51-200,Bulk order,2.67,3,0,synthetic_demo
L009904,2025-11-09,Healthcare,1001+,Product enquiry,20.93,0,0,synthetic_demo
L001451,2025-11-09,Technology,51-200,Product enquiry,29.47,2,0,synthetic_demo
L000569,2025-11-09,Retail,1001+,Product enquiry,22.36,2,0,synthetic_demo
L002393,2025-11-09,Retail,51-200,Price quote,7.72,2,0,synthetic_demo
L009890,2025-11-09,Construction,1001+,Product enquiry,0.99,2,0,synthetic_demo
L011760,2025-11-09,Healthcare,201-1000,Bulk order,4.69,4,1,synthetic_demo
L011809,2025-11-09,Manufacturing,1-50,Bulk order,6.75,3,1,synthetic_demo
L011885,2025-11-09,Retail,201-1000,Supplier request,12.88,3,0,synthetic_demo
L006519,2025-11-09,Manufacturing,201-1000,Product enquiry,21.05,2,0,synthetic_demo
L003395,2025-11-09,Technology,1-50,Bulk order,6.73,4,0,synthetic_demo
L004231,2025-11-09,Construction,1-50,Bulk order,0.29,0,0,synthetic_demo
L010558,2025-11-09,Manufacturing,1001+,Product enquiry,12.29,2,0,synthetic_demo
L008213,2025-11-09,Technology,1-50,Supplier request,8.04,3,1,synthetic_demo
L003919,2025-11-09,Technology,1-50,Supplier request,4.73,4,0,synthetic_demo
L003494,2025-11-09,Healthcare,51-200,Bulk order,2.95,2,0,synthetic_demo
L001146,2025-11-09,Retail,1-50,Bulk order,8.74,1,0,synthetic_demo
L006540,2025-11-09,Technology,1-50,Price quote,16.45,5,1,synthetic_demo
L000358,2025-11-09,Technology,1-50,Supplier request,17.58,3,0,synthetic_demo
L008411,2025-11-09,Technology,1-50,Price quote,17.41,6,0,synthetic_demo
L006518,2025-11-09,Technology,1001+,Price quote,3.15,3,1,synthetic_demo
L002779,2025-11-09,Manufacturing,1001+,Product enquiry,1.88,4,1,synthetic_demo
L008410,2025-11-09,Technology,51-200,Bulk order,12.59,1,0,synthetic_demo
L007627,2025-11-09,Construction,201-1000,Price quote,32.25,0,0,synthetic_demo
L009405,2025-11-09,Technology,1-50,Product enquiry,12.88,0,0,synthetic_demo
L001828,2025-11-09,Retail,201-1000,Price quote,4.31,3,0,synthetic_demo
L008039,2025-11-09,Manufacturing,1-50,Supplier request,7.06,3,0,synthetic_demo
L008038,2025-11-09,Healthcare,51-200,Product enquiry,14.98,0,0,synthetic_demo
L009353,2025-11-09,Retail,51-200,Product enquiry,15.42,4,0,synthetic_demo
L000903,2025-11-09,Manufacturing,201-1000,Product enquiry,7.56,3,1,synthetic_demo
L003406,2025-11-09,Technology,1001+,Supplier request,7.68,2,1,synthetic_demo
L004662,2025-11-09,Construction,1001+,Price quote,6.37,2,0,synthetic_demo
L000684,2025-11-09,Retail,1-50,Price quote,5.0,2,0,synthetic_demo
L001028,2025-11-09,Retail,51-200,Price quote,30.03,1,0,synthetic_demo
L007980,2025-11-10,Retail,51-200,Product enquiry,0.85,2,0,synthetic_demo
L008380,2025-11-10,Retail,51-200,Product enquiry,3.77,2,0,synthetic_demo
L010268,2025-11-10,Retail,1-50,Supplier request,32.24,1,0,synthetic_demo
L011111,2025-11-10,Retail,51-200,Supplier request,7.96,6,0,synthetic_demo
L010391,2025-11-10,Technology,1-50,Supplier request,3.35,2,0,synthetic_demo
L005585,2025-11-10,Technology,1-50,Price quote,17.44,0,0,synthetic_demo
L010465,2025-11-10,Manufacturing,1-50,Supplier request,14.15,3,0,synthetic_demo
L005033,2025-11-10,Manufacturing,51-200,Price quote,3.37,1,0,synthetic_demo
L010795,2025-11-10,Manufacturing,1-50,Product enquiry,4.42,1,0,synthetic_demo
L003464,2025-11-10,Retail,1-50,Price quote,10.03,1,0,synthetic_demo
L011248,2025-11-10,Healthcare,201-1000,Price quote,12.38,1,0,synthetic_demo
L010233,2025-11-10,Retail,201-1000,Price quote,10.58,1,0,synthetic_demo
L004171,2025-11-10,Construction,201-1000,Bulk order,10.33,2,0,synthetic_demo
L005518,2025-11-10,Manufacturing,1-50,Product enquiry,7.19,2,0,synthetic_demo
L006652,2025-11-10,Construction,201-1000,Price quote,31.15,0,0,synthetic_demo
L009740,2025-11-10,Technology,1001+,Bulk order,10.84,2,0,synthetic_demo
L009446,2025-11-10,Retail,201-1000,Product enquiry,4.51,3,0,synthetic_demo
L009438,2025-11-10,Technology,1-50,Product enquiry,13.59,2,0,synthetic_demo
L007007,2025-11-10,Technology,1001+,Price quote,8.93,2,0,synthetic_demo
L000675,2025-11-10,Healthcare,51-200,Product enquiry,8.05,5,0,synthetic_demo
L001237,2025-11-10,Manufacturing,1-50,Price quote,9.2,4,1,synthetic_demo
L003488,2025-11-10,Technology,51-200,Supplier request,17.62,2,0,synthetic_demo
L008916,2025-11-10,Manufacturing,51-200,Supplier request,4.9,4,0,synthetic_demo
L005259,2025-11-10,Retail,51-200,Price quote,4.9,2,0,synthetic_demo
L006942,2025-11-10,Healthcare,1-50,Bulk order,20.84,1,0,synthetic_demo
L011878,2025-11-10,Manufacturing,201-1000,Bulk order,2.73,1,0,synthetic_demo
L001610,2025-11-10,Retail,1-50,Bulk order,13.89,0,0,synthetic_demo
L005768,2025-11-10,Healthcare,51-200,Price quote,7.59,3,0,synthetic_demo
L002112,2025-11-10,Healthcare,51-200,Supplier request,0.37,1,0,synthetic_demo
L002205,2025-11-10,Retail,1001+,Price quote,10.97,3,0,synthetic_demo
L008236,2025-11-11,Manufacturing,51-200,Supplier request,20.41,2,0,synthetic_demo
L006907,2025-11-11,Technology,1-50,Product enquiry,3.31,3,0,synthetic_demo
L005632,2025-11-11,Manufacturing,201-1000,Bulk order,16.14,1,0,synthetic_demo
L011595,2025-11-11,Retail,201-1000,Bulk order,7.01,1,0,synthetic_demo
L000377,2025-11-11,Construction,1-50,Product enquiry,19.55,2,0,synthetic_demo
L004829,2025-11-11,Technology,201-1000,Bulk order,8.49,1,0,synthetic_demo
L003516,2025-11-11,Technology,1-50,Product enquiry,4.73,2,0,synthetic_demo
L007027,2025-11-11,Healthcare,1-50,Price quote,2.68,4,0,synthetic_demo
L000983,2025-11-11,Technology,201-1000,Supplier request,5.29,2,0,synthetic_demo
L001413,2025-11-11,Technology,201-1000,Price quote,14.1,4,0,synthetic_demo
L007249,2025-11-11,Technology,201-1000,Supplier request,5.28,3,0,synthetic_demo
L007291,2025-11-11,Retail,1-50,Bulk order,18.08,2,0,synthetic_demo
L011077,2025-11-11,Manufacturing,201-1000,Product enquiry,12.95,4,0,synthetic_demo
L010414,2025-11-11,Healthcare,201-1000,Price quote,5.81,3,1,synthetic_demo
L000315,2025-11-11,Retail,201-1000,Supplier request,20.45,3,0,synthetic_demo
L008372,2025-11-11,Healthcare,1-50,Bulk order,2.67,1,0,synthetic_demo
L000570,2025-11-11,Healthcare,51-200,Price quote,5.65,4,0,synthetic_demo
L005172,2025-11-11,Healthcare,201-1000,Product enquiry,1.51,2,0,synthetic_demo
L011947,2025-11-11,Manufacturing,1-50,Product enquiry,19.99,2,0,synthetic_demo
L002085,2025-11-11,Technology,201-1000,Price quote,24.36,2,0,synthetic_demo
L010937,2025-11-11,Technology,51-200,Price quote,16.41,4,1,synthetic_demo
L005937,2025-11-11,Manufacturing,1-50,Bulk order,16.43,3,0,synthetic_demo
L008217,2025-11-11,Construction,1001+,Price quote,7.5,1,0,synthetic_demo
L002481,2025-11-11,Healthcare,201-1000,Bulk order,21.3,0,0,synthetic_demo
L000942,2025-11-11,Technology,51-200,Bulk order,14.16,4,0,synthetic_demo
L010303,2025-11-11,Healthcare,1-50,Price quote,5.38,4,0,synthetic_demo
L004049,2025-11-11,Retail,1001+,Bulk order,9.72,2,1,synthetic_demo
L010850,2025-11-11,Healthcare,51-200,Supplier request,5.81,1,0,synthetic_demo
L000743,2025-11-11,Construction,1-50,Price quote,11.08,2,0,synthetic_demo
L002009,2025-11-11,Manufacturing,1001+,Bulk order,14.12,1,0,synthetic_demo
L001106,2025-11-11,Technology,201-1000,Supplier request,8.91,4,0,synthetic_demo
L011750,2025-11-11,Technology,201-1000,Supplier request,1.25,4,0,synthetic_demo
L010027,2025-11-11,Construction,51-200,Product enquiry,16.16,3,0,synthetic_demo
L003589,2025-11-11,Technology,1-50,Supplier request,8.58,1,0,synthetic_demo
L002019,2025-11-11,Healthcare,51-200,Bulk order,6.68,2,0,synthetic_demo
L002468,2025-11-12,Healthcare,1-50,Bulk order,7.86,1,0,synthetic_demo
L009357,2025-11-12,Construction,1001+,Price quote,10.36,2,1,synthetic_demo
L005201,2025-11-12,Manufacturing,1001+,Bulk order,33.0,4,1,synthetic_demo
L005106,2025-11-12,Retail,51-200,Supplier request,21.63,1,0,synthetic_demo
L001684,2025-11-12,Retail,201-1000,Bulk order,7.69,2,1,synthetic_demo
L004834,2025-11-12,Technology,201-1000,Product enquiry,21.49,1,0,synthetic_demo
L011722,2025-11-12,Healthcare,1001+,Bulk order,20.99,3,1,synthetic_demo
L008084,2025-11-12,Healthcare,1-50,Price quote,0.96,2,1,synthetic_demo
L007331,2025-11-12,Manufacturing,201-1000,Bulk order,12.34,2,1,synthetic_demo
L001678,2025-11-12,Retail,51-200,Supplier request,14.01,0,0,synthetic_demo
L008861,2025-11-12,Manufacturing,51-200,Price quote,5.19,3,0,synthetic_demo
L008088,2025-11-12,Manufacturing,1-50,Bulk order,8.58,1,0,synthetic_demo
L002133,2025-11-12,Construction,201-1000,Price quote,22.63,3,1,synthetic_demo
L002366,2025-11-12,Technology,201-1000,Bulk order,10.11,3,0,synthetic_demo
L000976,2025-11-12,Healthcare,1-50,Price quote,3.04,4,0,synthetic_demo
L002253,2025-11-12,Retail,201-1000,Product enquiry,12.46,0,0,synthetic_demo
L011620,2025-11-12,Manufacturing,201-1000,Bulk order,21.12,2,0,synthetic_demo
L007087,2025-11-12,Technology,51-200,Bulk order,5.02,2,0,synthetic_demo
L004453,2025-11-12,Technology,1-50,Product enquiry,14.21,3,0,synthetic_demo
L000286,2025-11-12,Retail,1-50,Bulk order,1.59,4,1,synthetic_demo
L009320,2025-11-12,Manufacturing,1001+,Bulk order,12.19,3,1,synthetic_demo
L008378,2025-11-12,Technology,201-1000,Bulk order,4.52,0,0,synthetic_demo
L005264,2025-11-12,Construction,51-200,Supplier request,11.49,5,0,synthetic_demo
L010649,2025-11-12,Manufacturing,1-50,Price quote,12.88,1,0,synthetic_demo
L000370,2025-11-12,Construction,1-50,Supplier request,6.5,3,0,synthetic_demo
L001932,2025-11-12,Healthcare,51-200,Product enquiry,3.1,5,0,synthetic_demo
L002780,2025-11-12,Manufacturing,1-50,Product enquiry,14.12,3,0,synthetic_demo
L001051,2025-11-12,Technology,1-50,Bulk order,10.18,0,0,synthetic_demo
L002163,2025-11-12,Retail,201-1000,Product enquiry,7.2,2,0,synthetic_demo
L000018,2025-11-12,Manufacturing,1001+,Product enquiry,10.7,2,1,synthetic_demo
L009842,2025-11-12,Manufacturing,1001+,Supplier request,10.34,6,1,synthetic_demo
L010449,2025-11-13,Manufacturing,1-50,Supplier request,24.76,4,0,synthetic_demo
L009048,2025-11-13,Retail,51-200,Price quote,16.1,3,0,synthetic_demo
L004488,2025-11-13,Manufacturing,1001+,Price quote,6.61,4,1,synthetic_demo
L010150,2025-11-13,Technology,201-1000,Price quote,5.09,2,0,synthetic_demo
L001588,2025-11-13,Healthcare,201-1000,Price quote,6.22,1,0,synthetic_demo
L005779,2025-11-13,Technology,1-50,Bulk order,15.63,7,0,synthetic_demo
L003348,2025-11-13,Healthcare,51-200,Bulk order,5.04,4,0,synthetic_demo
L002547,2025-11-13,Construction,51-200,Bulk order,21.3,2,0,synthetic_demo
L009631,2025-11-13,Technology,1-50,Price quote,5.95,4,1,synthetic_demo
L002157,2025-11-13,Manufacturing,201-1000,Supplier request,20.42,1,0,synthetic_demo
L008655,2025-11-13,Retail,51-200,Bulk order,13.66,3,0,synthetic_demo
L001313,2025-11-13,Healthcare,1-50,Bulk order,2.19,3,0,synthetic_demo
L007339,2025-11-13,Manufacturing,201-1000,Supplier request,6.39,3,0,synthetic_demo
L005539,2025-11-13,Retail,51-200,Product enquiry,12.69,0,0,synthetic_demo
L000707,2025-11-13,Technology,1-50,Product enquiry,16.47,3,0,synthetic_demo
L005766,2025-11-13,Retail,51-200,Supplier request,20.32,5,0,synthetic_demo
L003998,2025-11-13,Retail,51-200,Product enquiry,1.69,1,0,synthetic_demo
L000277,2025-11-13,Retail,1001+,Price quote,2.03,1,1,synthetic_demo
L004311,2025-11-13,Healthcare,201-1000,Bulk order,24.45,4,0,synthetic_demo
L006050,2025-11-13,Healthcare,51-200,Price quote,4.05,2,0,synthetic_demo
L004952,2025-11-13,Technology,201-1000,Bulk order,12.22,3,0,synthetic_demo
L009075,2025-11-13,Technology,1-50,Price quote,12.18,2,0,synthetic_demo
L008333,2025-11-13,Manufacturing,51-200,Supplier request,11.86,2,0,synthetic_demo
L006812,2025-11-13,Retail,201-1000,Supplier request,9.13,0,0,synthetic_demo
L000696,2025-11-13,Healthcare,201-1000,Product enquiry,28.33,0,0,synthetic_demo
L008831,2025-11-13,Manufacturing,51-200,Supplier request,6.33,3,1,synthetic_demo
L000192,2025-11-13,Manufacturing,1-50,Product enquiry,7.84,3,0,synthetic_demo
L002567,2025-11-13,Manufacturing,201-1000,Product enquiry,19.66,4,1,synthetic_demo
L010358,2025-11-13,Technology,51-200,Price quote,2.57,0,0,synthetic_demo
L002993,2025-11-13,Retail,1-50,Supplier request,7.63,2,0,synthetic_demo
L010647,2025-11-13,Healthcare,201-1000,Bulk order,19.84,0,0,synthetic_demo
L002973,2025-11-13,Manufacturing,51-200,Price quote,10.13,6,1,synthetic_demo
L011526,2025-11-13,Technology,51-200,Bulk order,14.49,4,0,synthetic_demo
L005947,2025-11-13,Manufacturing,51-200,Price quote,3.63,2,0,synthetic_demo
L003139,2025-11-13,Technology,201-1000,Product enquiry,4.42,1,0,synthetic_demo
L008803,2025-11-14,Manufacturing,1001+,Bulk order,9.87,1,1,synthetic_demo
L006708,2025-11-14,Healthcare,1-50,Price quote,9.03,1,1,synthetic_demo
L004950,2025-11-14,Technology,1-50,Price quote,2.98,2,0,synthetic_demo
L002355,2025-11-14,Retail,1001+,Bulk order,10.67,1,0,synthetic_demo
L010420,2025-11-14,Technology,1-50,Supplier request,11.34,1,0,synthetic_demo
L008721,2025-11-14,Technology,1-50,Product enquiry,8.29,3,0,synthetic_demo
L000426,2025-11-14,Technology,1-50,Supplier request,18.11,4,0,synthetic_demo
L000234,2025-11-14,Healthcare,1-50,Supplier request,3.24,3,0,synthetic_demo
L001900,2025-11-14,Manufacturing,51-200,Bulk order,6.64,5,1,synthetic_demo
L010285,2025-11-14,Manufacturing,51-200,Supplier request,8.65,3,0,synthetic_demo
L010014,2025-11-14,Manufacturing,1-50,Product enquiry,6.52,4,0,synthetic_demo
L003047,2025-11-14,Retail,1-50,Bulk order,9.29,1,0,synthetic_demo
L010462,2025-11-14,Technology,201-1000,Price quote,13.12,3,0,synthetic_demo
L008506,2025-11-14,Retail,201-1000,Price quote,11.44,0,0,synthetic_demo
L007993,2025-11-14,Manufacturing,201-1000,Supplier request,13.98,0,0,synthetic_demo
L007078,2025-11-14,Construction,201-1000,Price quote,6.37,2,0,synthetic_demo
L001094,2025-11-14,Manufacturing,201-1000,Product enquiry,8.83,4,1,synthetic_demo
L006904,2025-11-14,Retail,201-1000,Price quote,4.72,4,0,synthetic_demo
L011264,2025-11-14,Retail,51-200,Bulk order,20.59,4,1,synthetic_demo
L009079,2025-11-14,Manufacturing,201-1000,Bulk order,20.4,1,0,synthetic_demo
L005062,2025-11-14,Manufacturing,1-50,Product enquiry,7.12,1,0,synthetic_demo
L006142,2025-11-14,Manufacturing,51-200,Price quote,5.21,0,1,synthetic_demo
L008433,2025-11-14,Construction,201-1000,Supplier request,16.37,1,0,synthetic_demo
L007735,2025-11-14,Technology,201-1000,Product enquiry,11.08,3,1,synthetic_demo
L007621,2025-11-14,Retail,201-1000,Product enquiry,6.53,2,0,synthetic_demo
L002461,2025-11-14,Construction,201-1000,Bulk order,11.89,1,0,synthetic_demo
L004098,2025-11-14,Healthcare,1-50,Bulk order,5.84,2,0,synthetic_demo
L004191,2025-11-14,Manufacturing,1-50,Price quote,14.92,2,0,synthetic_demo
L008364,2025-11-14,Retail,1-50,Price quote,9.24,4,0,synthetic_demo
L000691,2025-11-14,Retail,51-200,Price quote,6.35,2,0,synthetic_demo
L005604,2025-11-14,Construction,1-50,Supplier request,14.2,2,1,synthetic_demo
L003895,2025-11-14,Construction,201-1000,Supplier request,6.14,2,0,synthetic_demo
L002700,2025-11-14,Construction,51-200,Price quote,9.05,3,1,synthetic_demo
L004605,2025-11-15,Technology,201-1000,Product enquiry,12.69,3,0,synthetic_demo
L003719,2025-11-15,Construction,51-200,Product enquiry,1.64,2,0,synthetic_demo
L004341,2025-11-15,Manufacturing,51-200,Supplier request,41.54,5,0,synthetic_demo
L003400,2025-11-15,Healthcare,1-50,Price quote,5.77,4,0,synthetic_demo
L011107,2025-11-15,Technology,1-50,Supplier request,12.13,0,0,synthetic_demo
L000485,2025-11-15,Manufacturing,51-200,Bulk order,21.86,4,0,synthetic_demo
L006819,2025-11-15,Manufacturing,51-200,Bulk order,8.32,1,0,synthetic_demo
L003095,2025-11-15,Retail,51-200,Bulk order,18.7,0,0,synthetic_demo
L001250,2025-11-15,Construction,1-50,Price quote,11.83,3,0,synthetic_demo
L009841,2025-11-15,Healthcare,201-1000,Price quote,10.16,3,0,synthetic_demo
L001455,2025-11-15,Retail,1-50,Product enquiry,2.26,3,0,synthetic_demo
L008001,2025-11-15,Healthcare,201-1000,Product enquiry,16.24,4,0,synthetic_demo
L009263,2025-11-15,Technology,1-50,Product enquiry,11.87,4,0,synthetic_demo
L000453,2025-11-15,Technology,201-1000,Product enquiry,5.62,0,0,synthetic_demo
L002156,2025-11-15,Construction,201-1000,Supplier request,4.21,3,0,synthetic_demo
L010531,2025-11-15,Technology,201-1000,Supplier request,8.78,1,0,synthetic_demo
L003135,2025-11-15,Technology,51-200,Supplier request,9.05,2,0,synthetic_demo
L001945,2025-11-15,Technology,1-50,Supplier request,7.04,2,1,synthetic_demo
L011989,2025-11-15,Construction,51-200,Bulk order,6.58,3,0,synthetic_demo
L006862,2025-11-15,Construction,1-50,Bulk order,6.09,3,1,synthetic_demo
L006473,2025-11-15,Construction,201-1000,Supplier request,21.82,1,0,synthetic_demo
L009709,2025-11-15,Technology,1-50,Product enquiry,3.65,3,0,synthetic_demo
L008395,2025-11-15,Manufacturing,1001+,Price quote,10.24,1,0,synthetic_demo
L006964,2025-11-15,Retail,1-50,Supplier request,4.73,0,0,synthetic_demo
L007359,2025-11-15,Retail,201-1000,Product enquiry,15.64,1,0,synthetic_demo
L007633,2025-11-15,Construction,51-200,Product enquiry,13.07,0,0,synthetic_demo
L002799,2025-11-15,Technology,201-1000,Product enquiry,11.22,0,0,synthetic_demo
L003369,2025-11-15,Manufacturing,1-50,Supplier request,5.29,5,1,synthetic_demo
L002199,2025-11-15,Manufacturing,1001+,Price quote,1.02,1,1,synthetic_demo
L004454,2025-11-15,Technology,51-200,Product enquiry,16.55,2,0,synthetic_demo
L000493,2025-11-15,Technology,51-200,Bulk order,7.55,3,1,synthetic_demo
L004828,2025-11-15,Retail,1-50,Price quote,14.98,1,0,synthetic_demo
L002632,2025-11-15,Healthcare,1-50,Product enquiry,1.86,1,0,synthetic_demo
L006574,2025-11-15,Healthcare,201-1000,Bulk order,5.08,3,1,synthetic_demo
L007500,2025-11-15,Manufacturing,1001+,Supplier request,3.13,1,0,synthetic_demo
L009304,2025-11-16,Healthcare,1001+,Price quote,3.93,1,0,synthetic_demo
L002353,2025-11-16,Manufacturing,51-200,Product enquiry,3.61,4,0,synthetic_demo
L002274,2025-11-16,Technology,1001+,Price quote,5.92,3,0,synthetic_demo
L011882,2025-11-16,Technology,1-50,Product enquiry,9.87,2,1,synthetic_demo
L004339,2025-11-16,Healthcare,51-200,Product enquiry,2.53,3,1,synthetic_demo
L008301,2025-11-16,Technology,1001+,Product enquiry,18.47,2,0,synthetic_demo
L002879,2025-11-16,Healthcare,1-50,Bulk order,4.12,3,1,synthetic_demo
L011423,2025-11-16,Technology,201-1000,Bulk order,18.77,4,1,synthetic_demo
L007626,2025-11-16,Manufacturing,1-50,Supplier request,16.58,6,0,synthetic_demo
L006978,2025-11-16,Manufacturing,201-1000,Product enquiry,0.87,1,0,synthetic_demo
L008565,2025-11-16,Retail,201-1000,Price quote,3.22,3,0,synthetic_demo
L004604,2025-11-16,Technology,1-50,Product enquiry,9.35,2,0,synthetic_demo
L009925,2025-11-16,Manufacturing,51-200,Bulk order,1.24,3,1,synthetic_demo
L002687,2025-11-16,Manufacturing,1-50,Supplier request,8.93,3,0,synthetic_demo
L008621,2025-11-16,Construction,51-200,Bulk order,5.38,1,0,synthetic_demo
L011369,2025-11-16,Healthcare,1001+,Bulk order,16.77,1,0,synthetic_demo
L000702,2025-11-16,Retail,201-1000,Bulk order,11.25,3,1,synthetic_demo
L005098,2025-11-16,Healthcare,51-200,Bulk order,31.75,1,0,synthetic_demo
L011468,2025-11-16,Retail,1001+,Bulk order,15.15,1,0,synthetic_demo
L007051,2025-11-16,Construction,51-200,Product enquiry,16.69,3,0,synthetic_demo
L000842,2025-11-16,Technology,51-200,Product enquiry,8.14,2,0,synthetic_demo
L006768,2025-11-16,Retail,1001+,Price quote,4.64,1,0,synthetic_demo
L008902,2025-11-16,Construction,51-200,Supplier request,13.48,2,0,synthetic_demo
L001182,2025-11-16,Manufacturing,1001+,Product enquiry,6.2,0,0,synthetic_demo
L005401,2025-11-16,Technology,201-1000,Product enquiry,3.77,4,1,synthetic_demo
L006242,2025-11-16,Manufacturing,1-50,Product enquiry,1.78,2,0,synthetic_demo
L011235,2025-11-16,Technology,201-1000,Product enquiry,17.06,3,0,synthetic_demo
L004516,2025-11-16,Retail,51-200,Supplier request,4.25,2,0,synthetic_demo
L006091,2025-11-16,Manufacturing,201-1000,Supplier request,10.45,6,1,synthetic_demo
L007069,2025-11-17,Retail,1001+,Product enquiry,5.13,2,1,synthetic_demo
L003129,2025-11-17,Technology,1-50,Price quote,8.07,2,0,synthetic_demo
L000275,2025-11-17,Technology,201-1000,Bulk order,11.79,4,0,synthetic_demo
L002215,2025-11-17,Construction,51-200,Supplier request,23.67,3,0,synthetic_demo
L010574,2025-11-17,Retail,51-200,Bulk order,10.0,2,0,synthetic_demo
L001958,2025-11-17,Manufacturing,51-200,Supplier request,15.04,0,0,synthetic_demo
L009152,2025-11-17,Retail,1001+,Price quote,17.69,2,1,synthetic_demo
L003621,2025-11-17,Healthcare,1001+,Bulk order,5.95,2,1,synthetic_demo
L009377,2025-11-17,Construction,1001+,Bulk order,3.43,0,1,synthetic_demo
L007003,2025-11-17,Healthcare,1001+,Price quote,29.15,1,0,synthetic_demo
L010347,2025-11-17,Healthcare,201-1000,Supplier request,5.95,2,1,synthetic_demo
L005360,2025-11-17,Technology,1001+,Price quote,4.82,6,0,synthetic_demo
L007479,2025-11-17,Retail,1-50,Price quote,16.14,3,0,synthetic_demo
L006589,2025-11-17,Construction,1-50,Product enquiry,23.0,2,0,synthetic_demo
L005340,2025-11-17,Retail,1-50,Product enquiry,7.88,4,0,synthetic_demo
L006733,2025-11-17,Construction,1001+,Product enquiry,3.37,3,1,synthetic_demo
L007652,2025-11-17,Manufacturing,1-50,Price quote,19.57,7,1,synthetic_demo
L001713,2025-11-17,Construction,1001+,Bulk order,4.24,1,0,synthetic_demo
L007189,2025-11-17,Manufacturing,201-1000,Supplier request,10.24,2,1,synthetic_demo
L007810,2025-11-17,Manufacturing,51-200,Price quote,16.41,4,0,synthetic_demo
L001464,2025-11-17,Retail,1-50,Price quote,3.07,4,0,synthetic_demo
L011460,2025-11-17,Manufacturing,1001+,Price quote,10.05,1,0,synthetic_demo
L005582,2025-11-17,Retail,1001+,Supplier request,2.71,3,0,synthetic_demo
L006145,2025-11-17,Healthcare,201-1000,Price quote,1.3,0,0,synthetic_demo
L009249,2025-11-17,Healthcare,1-50,Product enquiry,10.04,3,0,synthetic_demo
L002045,2025-11-17,Construction,201-1000,Bulk order,5.19,2,0,synthetic_demo
L009812,2025-11-18,Retail,1-50,Supplier request,2.28,3,0,synthetic_demo
L008093,2025-11-18,Manufacturing,51-200,Price quote,6.62,2,0,synthetic_demo
L005083,2025-11-18,Retail,51-200,Product enquiry,3.35,2,0,synthetic_demo
L005122,2025-11-18,Retail,1-50,Price quote,6.5,1,0,synthetic_demo
L006445,2025-11-18,Manufacturing,201-1000,Price quote,4.47,2,0,synthetic_demo
L004578,2025-11-18,Manufacturing,1-50,Supplier request,7.43,3,0,synthetic_demo
L004257,2025-11-18,Manufacturing,51-200,Price quote,20.34,4,0,synthetic_demo
L009049,2025-11-18,Construction,1-50,Bulk order,12.02,3,0,synthetic_demo
L006549,2025-11-18,Technology,51-200,Price quote,8.03,4,0,synthetic_demo
L001127,2025-11-18,Healthcare,201-1000,Product enquiry,12.12,1,0,synthetic_demo
L009494,2025-11-18,Healthcare,1001+,Supplier request,6.51,5,0,synthetic_demo
L006958,2025-11-18,Healthcare,1-50,Bulk order,19.91,2,0,synthetic_demo
L009326,2025-11-18,Healthcare,201-1000,Product enquiry,5.84,2,0,synthetic_demo
L011840,2025-11-18,Manufacturing,1-50,Product enquiry,10.8,1,0,synthetic_demo
L002765,2025-11-18,Manufacturing,1-50,Product enquiry,3.41,1,0,synthetic_demo
L002275,2025-11-18,Construction,51-200,Price quote,3.95,0,0,synthetic_demo
L003436,2025-11-18,Healthcare,51-200,Price quote,11.16,3,0,synthetic_demo
L006796,2025-11-18,Healthcare,1001+,Supplier request,16.69,4,0,synthetic_demo
L010917,2025-11-18,Retail,1001+,Product enquiry,8.02,3,0,synthetic_demo
L007855,2025-11-18,Manufacturing,1-50,Product enquiry,4.88,3,0,synthetic_demo
L011119,2025-11-18,Retail,51-200,Price quote,12.91,0,0,synthetic_demo
L011267,2025-11-18,Healthcare,51-200,Product enquiry,6.19,0,0,synthetic_demo
L002554,2025-11-18,Construction,201-1000,Bulk order,8.21,1,0,synthetic_demo
L004855,2025-11-18,Manufacturing,201-1000,Bulk order,10.78,3,0,synthetic_demo
L001486,2025-11-18,Manufacturing,1001+,Product enquiry,17.56,3,0,synthetic_demo
L011282,2025-11-18,Healthcare,51-200,Product enquiry,4.75,1,0,synthetic_demo
L010949,2025-11-18,Retail,51-200,Product enquiry,12.41,3,0,synthetic_demo
L006706,2025-11-18,Healthcare,51-200,Price quote,11.94,1,1,synthetic_demo
L008049,2025-11-18,Healthcare,1-50,Product enquiry,17.96,2,0,synthetic_demo
L006983,2025-11-18,Retail,1-50,Supplier request,6.0,1,0,synthetic_demo
L004000,2025-11-18,Manufacturing,51-200,Product enquiry,12.25,2,0,synthetic_demo
L006668,2025-11-18,Retail,1001+,Product enquiry,8.91,0,0,synthetic_demo
L007864,2025-11-18,Healthcare,1001+,Bulk order,5.0,1,0,synthetic_demo
L002115,2025-11-18,Manufacturing,51-200,Product enquiry,1.19,1,0,synthetic_demo
L006143,2025-11-19,Manufacturing,1001+,Bulk order,31.32,4,0,synthetic_demo
L006387,2025-11-19,Retail,1001+,Price quote,4.14,1,0,synthetic_demo
L009600,2025-11-19,Healthcare,1001+,Bulk order,12.47,4,1,synthetic_demo
L009462,2025-11-19,Manufacturing,201-1000,Product enquiry,7.7,1,0,synthetic_demo
L008915,2025-11-19,Retail,51-200,Price quote,5.84,5,0,synthetic_demo
L005121,2025-11-19,Healthcare,51-200,Product enquiry,3.03,3,0,synthetic_demo
L010230,2025-11-19,Retail,1001+,Price quote,10.47,3,0,synthetic_demo
L006431,2025-11-19,Retail,201-1000,Supplier request,2.75,1,0,synthetic_demo
L000224,2025-11-19,Construction,201-1000,Price quote,21.85,6,1,synthetic_demo
L010180,2025-11-19,Technology,51-200,Price quote,12.49,0,0,synthetic_demo
L011270,2025-11-19,Manufacturing,1001+,Product enquiry,9.45,4,1,synthetic_demo
L003792,2025-11-19,Retail,1001+,Bulk order,19.17,2,1,synthetic_demo
L008763,2025-11-19,Manufacturing,1-50,Bulk order,5.52,4,0,synthetic_demo
L009914,2025-11-19,Manufacturing,1001+,Price quote,8.96,3,1,synthetic_demo
L000577,2025-11-19,Construction,51-200,Bulk order,1.92,4,0,synthetic_demo
L001727,2025-11-19,Retail,51-200,Product enquiry,3.81,2,0,synthetic_demo
L003624,2025-11-19,Technology,201-1000,Bulk order,14.01,2,0,synthetic_demo
L001836,2025-11-19,Manufacturing,201-1000,Supplier request,10.59,4,1,synthetic_demo
L009790,2025-11-19,Construction,1001+,Price quote,2.02,6,1,synthetic_demo
L004609,2025-11-19,Manufacturing,1-50,Bulk order,20.63,5,1,synthetic_demo
L000170,2025-11-19,Construction,51-200,Bulk order,17.0,2,0,synthetic_demo
L000129,2025-11-19,Manufacturing,1-50,Product enquiry,11.12,3,0,synthetic_demo
L005964,2025-11-19,Retail,1001+,Product enquiry,11.15,1,0,synthetic_demo
L000357,2025-11-19,Technology,1001+,Price quote,4.43,1,1,synthetic_demo
L003137,2025-11-19,Technology,1-50,Product enquiry,25.16,3,0,synthetic_demo
L001661,2025-11-19,Manufacturing,51-200,Product enquiry,21.35,0,0,synthetic_demo
L007661,2025-11-19,Retail,51-200,Product enquiry,7.14,1,0,synthetic_demo
L005374,2025-11-19,Healthcare,51-200,Supplier request,5.3,5,1,synthetic_demo
L004859,2025-11-19,Manufacturing,1-50,Supplier request,13.46,2,0,synthetic_demo
L006787,2025-11-19,Retail,201-1000,Product enquiry,13.92,4,0,synthetic_demo
L007052,2025-11-19,Manufacturing,1-50,Supplier request,7.73,2,0,synthetic_demo
L006625,2025-11-19,Manufacturing,51-200,Price quote,11.56,1,0,synthetic_demo
L006656,2025-11-19,Retail,51-200,Price quote,15.8,3,0,synthetic_demo
L004423,2025-11-19,Healthcare,51-200,Product enquiry,8.87,2,0,synthetic_demo
L004796,2025-11-20,Manufacturing,51-200,Product enquiry,8.06,5,0,synthetic_demo
L010139,2025-11-20,Retail,201-1000,Bulk order,3.41,4,0,synthetic_demo
L011542,2025-11-20,Manufacturing,1-50,Supplier request,12.59,1,0,synthetic_demo
L001263,2025-11-20,Retail,1-50,Supplier request,18.11,3,0,synthetic_demo
L003005,2025-11-20,Manufacturing,51-200,Product enquiry,10.43,0,0,synthetic_demo
L011118,2025-11-20,Retail,1-50,Product enquiry,4.71,3,1,synthetic_demo
L003654,2025-11-20,Manufacturing,51-200,Supplier request,2.36,3,0,synthetic_demo
L007445,2025-11-20,Manufacturing,1-50,Product enquiry,5.78,0,0,synthetic_demo
L003425,2025-11-20,Manufacturing,51-200,Product enquiry,6.17,1,0,synthetic_demo
L009804,2025-11-20,Technology,1-50,Bulk order,0.73,2,0,synthetic_demo
L004026,2025-11-20,Construction,1001+,Supplier request,12.66,2,1,synthetic_demo
L010770,2025-11-20,Technology,201-1000,Supplier request,12.67,1,0,synthetic_demo
L007344,2025-11-20,Manufacturing,201-1000,Product enquiry,7.02,0,0,synthetic_demo
L000079,2025-11-20,Healthcare,1-50,Bulk order,9.86,1,0,synthetic_demo
L010930,2025-11-20,Retail,51-200,Bulk order,9.04,1,0,synthetic_demo
L003646,2025-11-20,Technology,1-50,Supplier request,11.28,2,0,synthetic_demo
L003279,2025-11-20,Retail,201-1000,Product enquiry,6.13,5,0,synthetic_demo
L010824,2025-11-20,Retail,1001+,Supplier request,24.82,4,0,synthetic_demo
L006181,2025-11-20,Manufacturing,51-200,Product enquiry,2.32,0,0,synthetic_demo
L007110,2025-11-20,Manufacturing,1-50,Product enquiry,9.16,3,0,synthetic_demo
L004801,2025-11-20,Retail,51-200,Bulk order,8.07,4,0,synthetic_demo
L008445,2025-11-20,Construction,1-50,Product enquiry,13.35,4,0,synthetic_demo
L006905,2025-11-20,Retail,51-200,Bulk order,9.69,0,0,synthetic_demo
L005829,2025-11-20,Healthcare,51-200,Price quote,1.65,3,0,synthetic_demo
L011866,2025-11-20,Healthcare,201-1000,Bulk order,20.86,1,1,synthetic_demo
L007866,2025-11-20,Retail,51-200,Product enquiry,6.74,1,0,synthetic_demo
L006385,2025-11-20,Manufacturing,51-200,Price quote,6.22,2,0,synthetic_demo
L007937,2025-11-20,Manufacturing,51-200,Supplier request,17.75,0,0,synthetic_demo
L011295,2025-11-20,Retail,1-50,Price quote,6.6,1,0,synthetic_demo
L004841,2025-11-21,Construction,51-200,Price quote,16.3,0,0,synthetic_demo
L003696,2025-11-21,Retail,201-1000,Price quote,7.73,1,0,synthetic_demo
L007046,2025-11-21,Construction,201-1000,Product enquiry,32.75,1,0,synthetic_demo
L010977,2025-11-21,Retail,1-50,Bulk order,13.44,3,0,synthetic_demo
L000022,2025-11-21,Retail,51-200,Product enquiry,10.43,2,0,synthetic_demo
L010038,2025-11-21,Healthcare,1001+,Product enquiry,2.43,1,1,synthetic_demo
L000987,2025-11-21,Retail,1001+,Supplier request,13.51,2,1,synthetic_demo
L002533,2025-11-21,Technology,51-200,Bulk order,11.91,2,0,synthetic_demo
L002375,2025-11-21,Retail,1-50,Price quote,4.19,3,0,synthetic_demo
L010833,2025-11-21,Retail,1-50,Product enquiry,6.34,0,0,synthetic_demo
L002397,2025-11-21,Manufacturing,201-1000,Price quote,14.48,2,0,synthetic_demo
L007376,2025-11-21,Manufacturing,51-200,Price quote,10.31,8,1,synthetic_demo
L009658,2025-11-21,Manufacturing,51-200,Product enquiry,3.39,3,0,synthetic_demo
L009557,2025-11-21,Retail,1-50,Price quote,6.8,1,0,synthetic_demo
L003832,2025-11-21,Healthcare,51-200,Supplier request,6.19,2,0,synthetic_demo
L006756,2025-11-21,Manufacturing,201-1000,Product enquiry,6.48,6,1,synthetic_demo
L008332,2025-11-21,Healthcare,1-50,Supplier request,20.13,2,0,synthetic_demo
L007659,2025-11-21,Manufacturing,51-200,Product enquiry,24.6,0,0,synthetic_demo
L011407,2025-11-21,Technology,201-1000,Price quote,1.65,4,1,synthetic_demo
L007637,2025-11-21,Healthcare,201-1000,Product enquiry,17.42,2,0,synthetic_demo
L003852,2025-11-21,Retail,1-50,Price quote,5.48,1,0,synthetic_demo
L002855,2025-11-21,Technology,201-1000,Product enquiry,14.65,7,0,synthetic_demo
L010576,2025-11-21,Technology,201-1000,Supplier request,7.22,2,1,synthetic_demo
L010520,2025-11-21,Construction,51-200,Product enquiry,17.94,2,0,synthetic_demo
L008680,2025-11-21,Technology,51-200,Product enquiry,16.78,3,0,synthetic_demo
L007163,2025-11-21,Healthcare,1-50,Price quote,10.35,4,0,synthetic_demo
L009947,2025-11-21,Technology,1001+,Supplier request,20.22,4,1,synthetic_demo
L003145,2025-11-21,Technology,51-200,Price quote,10.79,1,0,synthetic_demo
L005696,2025-11-21,Retail,1001+,Bulk order,8.03,5,0,synthetic_demo
L006442,2025-11-21,Construction,1-50,Bulk order,20.6,4,0,synthetic_demo
L011535,2025-11-21,Manufacturing,1001+,Bulk order,15.93,2,0,synthetic_demo
L005790,2025-11-21,Retail,1-50,Bulk order,3.68,2,0,synthetic_demo
L005381,2025-11-22,Manufacturing,1001+,Supplier request,12.66,0,1,synthetic_demo
L003466,2025-11-22,Technology,1-50,Bulk order,17.57,2,0,synthetic_demo
L005243,2025-11-22,Retail,1-50,Product enquiry,2.41,1,0,synthetic_demo
L011135,2025-11-22,Technology,51-200,Bulk order,1.07,1,1,synthetic_demo
L003205,2025-11-22,Construction,1-50,Price quote,11.85,2,0,synthetic_demo
L009160,2025-11-22,Retail,1-50,Product enquiry,7.89,2,0,synthetic_demo
L011312,2025-11-22,Healthcare,201-1000,Bulk order,15.28,2,0,synthetic_demo
L000329,2025-11-22,Healthcare,1-50,Bulk order,26.87,2,0,synthetic_demo
L011632,2025-11-22,Healthcare,201-1000,Price quote,5.55,0,0,synthetic_demo
L010221,2025-11-22,Technology,1-50,Price quote,4.35,0,0,synthetic_demo
L009202,2025-11-22,Construction,1-50,Bulk order,9.53,3,0,synthetic_demo
L009832,2025-11-22,Manufacturing,1001+,Bulk order,17.07,2,1,synthetic_demo
L003551,2025-11-22,Construction,201-1000,Product enquiry,4.84,0,0,synthetic_demo
L010069,2025-11-22,Manufacturing,1-50,Supplier request,15.5,3,0,synthetic_demo
L002597,2025-11-22,Manufacturing,1-50,Supplier request,4.4,1,0,synthetic_demo
L008790,2025-11-22,Technology,51-200,Price quote,9.08,2,0,synthetic_demo
L005009,2025-11-22,Technology,201-1000,Supplier request,3.26,2,0,synthetic_demo
L000422,2025-11-22,Manufacturing,1-50,Price quote,10.32,3,1,synthetic_demo
L000549,2025-11-22,Technology,1-50,Price quote,7.8,1,0,synthetic_demo
L005828,2025-11-22,Manufacturing,51-200,Price quote,2.33,1,0,synthetic_demo
L009815,2025-11-22,Construction,51-200,Price quote,24.67,4,0,synthetic_demo
L008075,2025-11-22,Construction,1-50,Bulk order,7.26,0,0,synthetic_demo
L011482,2025-11-22,Healthcare,1001+,Price quote,19.52,4,0,synthetic_demo
L001115,2025-11-22,Construction,1-50,Product enquiry,21.02,2,0,synthetic_demo
L004767,2025-11-22,Technology,1-50,Product enquiry,10.68,4,0,synthetic_demo
L009108,2025-11-22,Retail,51-200,Bulk order,7.71,2,0,synthetic_demo
L007533,2025-11-22,Retail,51-200,Bulk order,3.35,3,0,synthetic_demo
L004185,2025-11-22,Construction,1-50,Bulk order,8.06,4,1,synthetic_demo
L010810,2025-11-22,Construction,51-200,Product enquiry,6.11,3,0,synthetic_demo
L008066,2025-11-22,Manufacturing,201-1000,Product enquiry,6.51,1,1,synthetic_demo
L002939,2025-11-22,Manufacturing,201-1000,Supplier request,20.19,1,1,synthetic_demo
L007216,2025-11-23,Manufacturing,1001+,Price quote,31.97,4,0,synthetic_demo
L000638,2025-11-23,Technology,201-1000,Bulk order,15.33,5,1,synthetic_demo
L007581,2025-11-23,Manufacturing,1-50,Product enquiry,31.22,2,0,synthetic_demo
L001797,2025-11-23,Healthcare,1-50,Bulk order,15.03,4,1,synthetic_demo
L009769,2025-11-23,Technology,1001+,Product enquiry,22.43,3,0,synthetic_demo
L000519,2025-11-23,Manufacturing,1-50,Price quote,24.59,5,0,synthetic_demo
L001815,2025-11-23,Technology,51-200,Bulk order,11.96,2,0,synthetic_demo
L004359,2025-11-23,Retail,51-200,Supplier request,9.33,1,0,synthetic_demo
L004869,2025-11-23,Retail,1-50,Product enquiry,8.61,2,0,synthetic_demo
L004727,2025-11-23,Technology,1001+,Product enquiry,2.6,2,0,synthetic_demo
L004349,2025-11-23,Healthcare,1001+,Bulk order,7.76,0,0,synthetic_demo
L008704,2025-11-23,Retail,51-200,Supplier request,6.6,2,0,synthetic_demo
L003676,2025-11-23,Construction,1-50,Bulk order,6.29,0,0,synthetic_demo
L001438,2025-11-23,Healthcare,51-200,Bulk order,3.87,1,0,synthetic_demo
L003657,2025-11-23,Manufacturing,1-50,Bulk order,15.59,1,0,synthetic_demo
L002055,2025-11-23,Retail,51-200,Bulk order,6.47,1,0,synthetic_demo
L005945,2025-11-23,Manufacturing,201-1000,Supplier request,4.93,2,0,synthetic_demo
L000498,2025-11-23,Healthcare,51-200,Product enquiry,13.9,3,0,synthetic_demo
L005727,2025-11-23,Technology,1-50,Product enquiry,6.43,6,1,synthetic_demo
L008492,2025-11-23,Construction,51-200,Product enquiry,7.2,1,0,synthetic_demo
L009860,2025-11-23,Healthcare,1001+,Bulk order,8.5,6,1,synthetic_demo
L009707,2025-11-23,Technology,201-1000,Bulk order,2.66,2,0,synthetic_demo
L004089,2025-11-23,Manufacturing,201-1000,Bulk order,13.64,0,0,synthetic_demo
L008577,2025-11-23,Manufacturing,51-200,Product enquiry,7.62,3,0,synthetic_demo
L006949,2025-11-23,Technology,51-200,Price quote,8.9,1,0,synthetic_demo
L010194,2025-11-23,Retail,1-50,Price quote,3.88,2,0,synthetic_demo
L009241,2025-11-23,Retail,1-50,Price quote,4.01,3,0,synthetic_demo
L010310,2025-11-23,Manufacturing,201-1000,Product enquiry,9.79,1,0,synthetic_demo
L011615,2025-11-23,Construction,201-1000,Price quote,20.1,4,0,synthetic_demo
L009560,2025-11-23,Technology,51-200,Price quote,15.44,2,1,synthetic_demo
L006927,2025-11-23,Manufacturing,1001+,Price quote,6.59,5,1,synthetic_demo
L002032,2025-11-23,Healthcare,201-1000,Product enquiry,14.23,1,1,synthetic_demo
L005142,2025-11-23,Healthcare,1-50,Price quote,30.97,3,0,synthetic_demo
L006939,2025-11-23,Manufacturing,1-50,Bulk order,3.62,2,0,synthetic_demo
L008663,2025-11-24,Construction,51-200,Price quote,6.21,4,0,synthetic_demo
L008710,2025-11-24,Retail,201-1000,Product enquiry,16.88,0,0,synthetic_demo
L001141,2025-11-24,Retail,201-1000,Bulk order,32.8,1,0,synthetic_demo
L001050,2025-11-24,Manufacturing,1-50,Supplier request,1.46,3,0,synthetic_demo
L006020,2025-11-24,Construction,51-200,Bulk order,8.18,0,0,synthetic_demo
L003220,2025-11-24,Retail,51-200,Supplier request,6.85,4,0,synthetic_demo
L010111,2025-11-24,Retail,51-200,Product enquiry,18.75,1,0,synthetic_demo
L005330,2025-11-24,Retail,1-50,Product enquiry,4.14,2,0,synthetic_demo
L011165,2025-11-24,Technology,51-200,Price quote,6.35,3,0,synthetic_demo
L008434,2025-11-24,Healthcare,1001+,Bulk order,7.29,2,1,synthetic_demo
L006033,2025-11-24,Manufacturing,1-50,Supplier request,27.22,0,0,synthetic_demo
L010894,2025-11-24,Retail,201-1000,Bulk order,3.31,2,0,synthetic_demo
L003351,2025-11-24,Manufacturing,1-50,Supplier request,7.09,3,1,synthetic_demo
L010938,2025-11-24,Healthcare,1-50,Product enquiry,3.32,2,0,synthetic_demo
L008106,2025-11-24,Manufacturing,51-200,Supplier request,2.13,1,0,synthetic_demo
L000317,2025-11-24,Retail,201-1000,Price quote,22.31,2,1,synthetic_demo
L004879,2025-11-24,Retail,51-200,Price quote,7.61,4,0,synthetic_demo
L005246,2025-11-24,Technology,51-200,Product enquiry,33.45,2,0,synthetic_demo
L003794,2025-11-24,Manufacturing,1-50,Supplier request,7.12,2,0,synthetic_demo
L011445,2025-11-24,Retail,1-50,Bulk order,11.24,2,0,synthetic_demo
L001478,2025-11-24,Construction,201-1000,Product enquiry,3.73,3,1,synthetic_demo
L009433,2025-11-24,Healthcare,1-50,Supplier request,23.58,2,0,synthetic_demo
L006946,2025-11-24,Technology,201-1000,Product enquiry,6.79,5,1,synthetic_demo
L004831,2025-11-24,Healthcare,1-50,Price quote,6.24,3,1,synthetic_demo
L011388,2025-11-24,Technology,51-200,Bulk order,8.21,4,0,synthetic_demo
L009957,2025-11-24,Technology,51-200,Bulk order,9.07,2,0,synthetic_demo
L010413,2025-11-24,Manufacturing,201-1000,Price quote,13.93,5,1,synthetic_demo
L003275,2025-11-24,Technology,201-1000,Price quote,7.92,1,0,synthetic_demo
L009112,2025-11-24,Retail,51-200,Price quote,14.67,2,0,synthetic_demo
L009548,2025-11-24,Technology,51-200,Bulk order,4.8,3,0,synthetic_demo
L002359,2025-11-24,Construction,1-50,Supplier request,16.02,2,1,synthetic_demo
L005130,2025-11-24,Construction,1-50,Product enquiry,5.51,1,0,synthetic_demo
L002513,2025-11-24,Manufacturing,201-1000,Bulk order,14.76,5,1,synthetic_demo
L002796,2025-11-24,Healthcare,201-1000,Price quote,9.72,0,0,synthetic_demo
L001825,2025-11-24,Technology,1-50,Product enquiry,15.01,1,0,synthetic_demo
L004498,2025-11-24,Healthcare,201-1000,Price quote,14.42,6,0,synthetic_demo
L010834,2025-11-24,Technology,51-200,Product enquiry,4.77,5,0,synthetic_demo
L000480,2025-11-24,Retail,51-200,Bulk order,8.78,3,0,synthetic_demo
L001275,2025-11-25,Manufacturing,51-200,Product enquiry,17.21,1,0,synthetic_demo
L002532,2025-11-25,Healthcare,1-50,Bulk order,29.15,2,0,synthetic_demo
L011112,2025-11-25,Healthcare,51-200,Bulk order,15.89,2,0,synthetic_demo
L010621,2025-11-25,Retail,51-200,Supplier request,26.77,1,0,synthetic_demo
L003185,2025-11-25,Manufacturing,1001+,Product enquiry,6.75,4,0,synthetic_demo
L005133,2025-11-25,Manufacturing,1001+,Bulk order,8.21,4,1,synthetic_demo
L011711,2025-11-25,Healthcare,201-1000,Price quote,4.46,4,1,synthetic_demo
L006871,2025-11-25,Technology,51-200,Bulk order,1.6,2,1,synthetic_demo
L005010,2025-11-25,Retail,1-50,Bulk order,3.13,1,0,synthetic_demo
L004219,2025-11-25,Construction,201-1000,Bulk order,11.57,1,0,synthetic_demo
L000231,2025-11-25,Manufacturing,51-200,Product enquiry,3.81,0,0,synthetic_demo
L004210,2025-11-25,Manufacturing,1-50,Price quote,12.46,1,0,synthetic_demo
L006128,2025-11-25,Manufacturing,1-50,Price quote,10.77,0,0,synthetic_demo
L005548,2025-11-25,Healthcare,201-1000,Supplier request,1.33,2,0,synthetic_demo
L007473,2025-11-25,Retail,51-200,Product enquiry,9.26,2,0,synthetic_demo
L006698,2025-11-25,Manufacturing,201-1000,Price quote,13.78,1,0,synthetic_demo
L005139,2025-11-25,Manufacturing,51-200,Bulk order,5.29,2,1,synthetic_demo
L006276,2025-11-25,Technology,1-50,Bulk order,2.31,2,1,synthetic_demo
L000483,2025-11-25,Healthcare,1-50,Product enquiry,3.31,2,0,synthetic_demo
L004655,2025-11-25,Retail,1-50,Price quote,16.08,1,0,synthetic_demo
L008927,2025-11-25,Technology,51-200,Product enquiry,4.77,4,0,synthetic_demo
L003430,2025-11-25,Technology,201-1000,Supplier request,10.93,1,0,synthetic_demo
L005631,2025-11-25,Retail,51-200,Product enquiry,8.89,2,0,synthetic_demo
L009030,2025-11-25,Manufacturing,201-1000,Price quote,18.11,3,0,synthetic_demo
L010674,2025-11-25,Technology,201-1000,Supplier request,28.67,4,0,synthetic_demo
L009402,2025-11-25,Technology,51-200,Supplier request,11.6,4,0,synthetic_demo
L004744,2025-11-25,Retail,51-200,Product enquiry,1.77,2,0,synthetic_demo
L001931,2025-11-25,Healthcare,201-1000,Product enquiry,11.64,1,0,synthetic_demo
L003276,2025-11-25,Technology,1001+,Product enquiry,3.51,4,1,synthetic_demo
L007899,2025-11-25,Construction,1-50,Price quote,12.21,2,0,synthetic_demo
L003468,2025-11-25,Retail,1-50,Product enquiry,9.74,1,0,synthetic_demo
L005111,2025-11-25,Manufacturing,51-200,Price quote,8.62,2,1,synthetic_demo
L005040,2025-11-25,Technology,201-1000,Bulk order,9.29,0,0,synthetic_demo
L005051,2025-11-25,Manufacturing,51-200,Product enquiry,10.26,1,0,synthetic_demo
L001497,2025-11-25,Construction,1-50,Product enquiry,2.64,1,0,synthetic_demo
L010993,2025-11-25,Healthcare,201-1000,Product enquiry,17.47,3,0,synthetic_demo
L002986,2025-11-25,Manufacturing,201-1000,Product enquiry,12.15,1,1,synthetic_demo
L005853,2025-11-26,Manufacturing,1-50,Product enquiry,10.94,0,0,synthetic_demo
L010720,2025-11-26,Healthcare,51-200,Product enquiry,15.66,4,0,synthetic_demo
L010041,2025-11-26,Manufacturing,51-200,Product enquiry,7.74,3,0,synthetic_demo
L007665,2025-11-26,Manufacturing,1-50,Product enquiry,4.25,2,0,synthetic_demo
L002168,2025-11-26,Retail,201-1000,Bulk order,4.57,3,0,synthetic_demo
L000884,2025-11-26,Retail,201-1000,Price quote,9.85,1,0,synthetic_demo
L003198,2025-11-26,Manufacturing,1-50,Supplier request,11.87,1,0,synthetic_demo
L003799,2025-11-26,Retail,1-50,Supplier request,4.75,4,0,synthetic_demo
L004754,2025-11-26,Retail,201-1000,Bulk order,13.81,0,1,synthetic_demo
L004288,2025-11-26,Manufacturing,51-200,Bulk order,13.76,4,1,synthetic_demo
L010859,2025-11-26,Technology,201-1000,Bulk order,4.72,3,1,synthetic_demo
L007061,2025-11-26,Manufacturing,51-200,Supplier request,3.93,3,1,synthetic_demo
L001882,2025-11-26,Healthcare,1-50,Bulk order,22.64,1,0,synthetic_demo
L002436,2025-11-26,Construction,201-1000,Bulk order,13.99,0,0,synthetic_demo
L009177,2025-11-26,Retail,1-50,Supplier request,14.88,1,0,synthetic_demo
L001631,2025-11-26,Retail,1-50,Product enquiry,7.62,1,0,synthetic_demo
L003699,2025-11-26,Manufacturing,51-200,Price quote,7.92,2,0,synthetic_demo
L008702,2025-11-26,Healthcare,1001+,Bulk order,7.96,1,0,synthetic_demo
L011695,2025-11-26,Retail,201-1000,Bulk order,4.68,0,0,synthetic_demo
L006547,2025-11-26,Manufacturing,1-50,Bulk order,13.3,3,0,synthetic_demo
L007198,2025-11-26,Construction,51-200,Bulk order,5.68,4,1,synthetic_demo
L011450,2025-11-26,Healthcare,51-200,Supplier request,5.0,0,0,synthetic_demo
L008614,2025-11-26,Manufacturing,1-50,Product enquiry,3.48,0,0,synthetic_demo
L010527,2025-11-26,Construction,201-1000,Price quote,17.75,1,0,synthetic_demo
L002860,2025-11-26,Retail,51-200,Supplier request,7.57,5,0,synthetic_demo
L004328,2025-11-26,Technology,201-1000,Price quote,5.58,2,0,synthetic_demo
L001746,2025-11-26,Healthcare,1001+,Price quote,7.38,1,1,synthetic_demo
L009821,2025-11-26,Technology,1-50,Supplier request,5.68,1,0,synthetic_demo
L003250,2025-11-26,Retail,1-50,Supplier request,8.06,3,0,synthetic_demo
L004458,2025-11-26,Healthcare,1001+,Product enquiry,4.75,1,0,synthetic_demo
L009084,2025-11-26,Manufacturing,1001+,Bulk order,12.27,2,1,synthetic_demo
L000280,2025-11-27,Construction,201-1000,Product enquiry,28.97,1,0,synthetic_demo
L010892,2025-11-27,Manufacturing,1-50,Supplier request,6.87,0,0,synthetic_demo
L009990,2025-11-27,Retail,1-50,Bulk order,3.59,1,0,synthetic_demo
L005935,2025-11-27,Manufacturing,1-50,Product enquiry,16.51,0,0,synthetic_demo
L006285,2025-11-27,Technology,201-1000,Product enquiry,3.78,0,0,synthetic_demo
L009175,2025-11-27,Construction,1-50,Bulk order,10.25,0,0,synthetic_demo
L002782,2025-11-27,Manufacturing,201-1000,Bulk order,12.1,2,0,synthetic_demo
L000244,2025-11-27,Healthcare,201-1000,Product enquiry,24.31,2,0,synthetic_demo
L002417,2025-11-27,Manufacturing,201-1000,Bulk order,4.08,2,0,synthetic_demo
L007529,2025-11-27,Retail,201-1000,Product enquiry,6.77,2,1,synthetic_demo
L001077,2025-11-27,Healthcare,51-200,Bulk order,3.47,3,0,synthetic_demo
L002711,2025-11-27,Construction,1-50,Product enquiry,13.55,6,1,synthetic_demo
L004852,2025-11-27,Technology,51-200,Price quote,17.44,3,0,synthetic_demo
L008091,2025-11-27,Retail,201-1000,Price quote,22.52,3,0,synthetic_demo
L009116,2025-11-27,Technology,1-50,Supplier request,9.29,6,1,synthetic_demo
L004507,2025-11-27,Retail,1-50,Product enquiry,8.16,0,0,synthetic_demo
L011098,2025-11-27,Technology,1-50,Price quote,21.28,3,0,synthetic_demo
L005101,2025-11-27,Healthcare,1-50,Price quote,15.01,1,0,synthetic_demo
L004668,2025-11-27,Retail,201-1000,Supplier request,10.74,1,0,synthetic_demo
L001153,2025-11-27,Manufacturing,51-200,Bulk order,11.4,1,1,synthetic_demo
L001689,2025-11-27,Healthcare,51-200,Bulk order,11.8,1,0,synthetic_demo
L006551,2025-11-27,Construction,201-1000,Bulk order,8.76,2,0,synthetic_demo
L006153,2025-11-27,Retail,1-50,Product enquiry,6.0,1,0,synthetic_demo
L010452,2025-11-27,Construction,51-200,Bulk order,12.12,3,0,synthetic_demo
L000604,2025-11-27,Technology,1-50,Bulk order,4.6,0,0,synthetic_demo
L007557,2025-11-27,Retail,1-50,Supplier request,13.51,1,0,synthetic_demo
L001940,2025-11-27,Manufacturing,1001+,Bulk order,8.91,4,1,synthetic_demo
L001205,2025-11-27,Manufacturing,51-200,Price quote,25.24,3,0,synthetic_demo
L003044,2025-11-27,Retail,51-200,Bulk order,4.83,2,0,synthetic_demo
L003490,2025-11-27,Healthcare,1001+,Price quote,6.2,2,0,synthetic_demo
L009717,2025-11-28,Manufacturing,1-50,Price quote,10.25,2,0,synthetic_demo
L009783,2025-11-28,Technology,51-200,Product enquiry,7.72,3,0,synthetic_demo
L011640,2025-11-28,Construction,201-1000,Product enquiry,21.32,1,0,synthetic_demo
L011164,2025-11-28,Construction,201-1000,Product enquiry,14.74,0,0,synthetic_demo
L000088,2025-11-28,Retail,1-50,Price quote,11.22,2,0,synthetic_demo
L005231,2025-11-28,Technology,1-50,Supplier request,15.62,2,0,synthetic_demo
L003673,2025-11-28,Retail,201-1000,Bulk order,6.76,5,1,synthetic_demo
L008201,2025-11-28,Manufacturing,1-50,Price quote,4.97,1,0,synthetic_demo
L002016,2025-11-28,Healthcare,51-200,Supplier request,28.97,0,0,synthetic_demo
L001827,2025-11-28,Healthcare,51-200,Product enquiry,1.04,0,0,synthetic_demo
L009795,2025-11-28,Manufacturing,51-200,Product enquiry,10.6,6,1,synthetic_demo
L009097,2025-11-28,Retail,1001+,Bulk order,11.34,1,0,synthetic_demo
L009244,2025-11-28,Manufacturing,51-200,Bulk order,15.95,1,0,synthetic_demo
L005167,2025-11-28,Retail,1-50,Product enquiry,10.31,1,0,synthetic_demo
L005339,2025-11-28,Technology,201-1000,Product enquiry,6.29,2,0,synthetic_demo
L006472,2025-11-28,Healthcare,201-1000,Price quote,4.6,2,0,synthetic_demo
L003357,2025-11-28,Healthcare,1-50,Price quote,17.55,0,0,synthetic_demo
L000669,2025-11-28,Retail,51-200,Bulk order,3.51,3,0,synthetic_demo
L010821,2025-11-28,Construction,51-200,Product enquiry,10.4,2,0,synthetic_demo
L000629,2025-11-28,Healthcare,1-50,Supplier request,18.64,1,0,synthetic_demo
L007518,2025-11-28,Technology,1-50,Bulk order,20.1,5,0,synthetic_demo
L005213,2025-11-28,Construction,51-200,Bulk order,4.69,1,0,synthetic_demo
L010356,2025-11-28,Technology,51-200,Bulk order,10.92,1,0,synthetic_demo
L008004,2025-11-28,Manufacturing,1-50,Price quote,13.83,2,0,synthetic_demo
L004991,2025-11-28,Manufacturing,51-200,Bulk order,12.54,3,0,synthetic_demo
L004540,2025-11-28,Retail,1-50,Product enquiry,17.12,5,0,synthetic_demo
L002886,2025-11-28,Manufacturing,201-1000,Price quote,14.4,1,0,synthetic_demo
L005982,2025-11-28,Healthcare,51-200,Bulk order,22.83,0,0,synthetic_demo
L006641,2025-11-28,Manufacturing,1-50,Price quote,10.75,1,0,synthetic_demo
L010384,2025-11-29,Technology,201-1000,Product enquiry,11.35,1,0,synthetic_demo
L003981,2025-11-29,Manufacturing,1-50,Product enquiry,2.89,2,0,synthetic_demo
L001495,2025-11-29,Retail,51-200,Product enquiry,8.1,1,0,synthetic_demo
L011854,2025-11-29,Construction,51-200,Price quote,13.21,0,1,synthetic_demo
L001668,2025-11-29,Manufacturing,1001+,Supplier request,6.8,1,0,synthetic_demo
L006099,2025-11-29,Healthcare,201-1000,Product enquiry,13.04,1,0,synthetic_demo
L005874,2025-11-29,Manufacturing,51-200,Product enquiry,11.89,3,1,synthetic_demo
L011458,2025-11-29,Manufacturing,201-1000,Product enquiry,26.72,1,0,synthetic_demo
L004266,2025-11-29,Healthcare,1-50,Supplier request,2.02,6,1,synthetic_demo
L008726,2025-11-29,Construction,201-1000,Bulk order,4.61,3,0,synthetic_demo
L011968,2025-11-29,Retail,51-200,Bulk order,14.43,3,0,synthetic_demo
L009231,2025-11-29,Manufacturing,1-50,Product enquiry,3.61,1,0,synthetic_demo
L008981,2025-11-29,Healthcare,1001+,Product enquiry,8.03,2,0,synthetic_demo
L007097,2025-11-29,Retail,51-200,Product enquiry,9.81,5,0,synthetic_demo
L002560,2025-11-29,Manufacturing,51-200,Supplier request,11.07,2,0,synthetic_demo
L007399,2025-11-29,Construction,201-1000,Price quote,8.81,2,0,synthetic_demo
L010257,2025-11-29,Construction,201-1000,Product enquiry,4.4,3,0,synthetic_demo
L002577,2025-11-29,Technology,201-1000,Bulk order,2.36,3,1,synthetic_demo
L010185,2025-11-29,Manufacturing,1001+,Bulk order,4.71,3,0,synthetic_demo
L011115,2025-11-29,Technology,1-50,Product enquiry,1.74,2,0,synthetic_demo
L003522,2025-11-29,Construction,201-1000,Bulk order,4.65,1,1,synthetic_demo
L006990,2025-11-29,Manufacturing,1-50,Price quote,8.63,2,0,synthetic_demo
L005379,2025-11-29,Manufacturing,201-1000,Price quote,12.26,2,0,synthetic_demo
L007378,2025-11-29,Construction,1001+,Supplier request,9.89,3,0,synthetic_demo
L003644,2025-11-29,Manufacturing,1-50,Price quote,14.32,2,0,synthetic_demo
L010116,2025-11-29,Retail,1-50,Product enquiry,18.83,5,0,synthetic_demo
L002612,2025-11-29,Technology,51-200,Price quote,17.03,1,0,synthetic_demo
L008355,2025-11-29,Healthcare,1-50,Product enquiry,5.73,2,0,synthetic_demo
L006774,2025-11-29,Construction,51-200,Price quote,14.56,1,0,synthetic_demo
L002836,2025-11-29,Healthcare,51-200,Product enquiry,7.75,0,0,synthetic_demo
L006152,2025-11-29,Technology,1-50,Product enquiry,6.04,3,0,synthetic_demo
L010627,2025-11-29,Manufacturing,51-200,Price quote,6.25,3,1,synthetic_demo
L000681,2025-11-30,Manufacturing,1001+,Supplier request,25.0,2,0,synthetic_demo
L002530,2025-11-30,Healthcare,1-50,Product enquiry,7.71,3,0,synthetic_demo
L008583,2025-11-30,Healthcare,1-50,Price quote,4.88,1,0,synthetic_demo
L006699,2025-11-30,Technology,51-200,Bulk order,10.61,6,1,synthetic_demo
L002697,2025-11-30,Technology,1-50,Product enquiry,4.52,5,0,synthetic_demo
L000977,2025-11-30,Retail,201-1000,Supplier request,14.54,3,0,synthetic_demo
L008708,2025-11-30,Manufacturing,1-50,Bulk order,23.45,2,0,synthetic_demo
L010600,2025-11-30,Construction,201-1000,Product enquiry,5.33,2,0,synthetic_demo
L003994,2025-11-30,Retail,51-200,Price quote,14.06,1,0,synthetic_demo
L007183,2025-11-30,Technology,1-50,Price quote,5.3,1,0,synthetic_demo
L005476,2025-11-30,Manufacturing,201-1000,Bulk order,17.24,2,0,synthetic_demo
L005967,2025-11-30,Technology,1001+,Bulk order,5.17,4,0,synthetic_demo
L001166,2025-11-30,Construction,201-1000,Bulk order,14.88,5,1,synthetic_demo
L009582,2025-11-30,Manufacturing,201-1000,Product enquiry,11.33,2,0,synthetic_demo
L008013,2025-11-30,Technology,51-200,Product enquiry,7.74,1,0,synthetic_demo
L004807,2025-11-30,Retail,201-1000,Product enquiry,6.18,3,0,synthetic_demo
L008780,2025-11-30,Manufacturing,201-1000,Price quote,2.2,2,1,synthetic_demo
L005493,2025-11-30,Manufacturing,201-1000,Supplier request,10.3,3,0,synthetic_demo
L000141,2025-11-30,Retail,51-200,Price quote,5.11,0,1,synthetic_demo
L006801,2025-11-30,Retail,1-50,Price quote,3.43,0,0,synthetic_demo
L001856,2025-11-30,Construction,51-200,Product enquiry,5.01,1,0,synthetic_demo
L009001,2025-11-30,Construction,51-200,Product enquiry,4.11,1,0,synthetic_demo
L001779,2025-11-30,Retail,1-50,Price quote,13.86,4,1,synthetic_demo
L009168,2025-11-30,Manufacturing,201-1000,Supplier request,16.56,5,0,synthetic_demo
L006477,2025-11-30,Technology,1001+,Bulk order,6.47,5,1,synthetic_demo
L004243,2025-11-30,Retail,201-1000,Product enquiry,4.78,2,0,synthetic_demo
L002456,2025-11-30,Healthcare,1-50,Product enquiry,13.63,4,0,synthetic_demo
L001298,2025-11-30,Manufacturing,1-50,Product enquiry,10.6,3,1,synthetic_demo
L008724,2025-11-30,Technology,1-50,Supplier request,5.46,1,0,synthetic_demo
L003446,2025-12-01,Retail,51-200,Price quote,4.15,2,0,synthetic_demo
L005759,2025-12-01,Manufacturing,1-50,Price quote,18.9,5,0,synthetic_demo
L005643,2025-12-01,Technology,51-200,Bulk order,5.35,1,0,synthetic_demo
L005318,2025-12-01,Construction,1-50,Bulk order,14.53,2,0,synthetic_demo
L004788,2025-12-01,Technology,1-50,Bulk order,4.03,1,0,synthetic_demo
L010501,2025-12-01,Retail,51-200,Supplier request,9.52,4,0,synthetic_demo
L000432,2025-12-01,Technology,201-1000,Product enquiry,20.5,3,0,synthetic_demo
L004723,2025-12-01,Manufacturing,51-200,Bulk order,14.19,3,0,synthetic_demo
L003971,2025-12-01,Construction,1-50,Product enquiry,13.48,2,0,synthetic_demo
L003235,2025-12-01,Manufacturing,1-50,Bulk order,19.36,6,0,synthetic_demo
L005692,2025-12-01,Manufacturing,1-50,Product enquiry,7.57,2,1,synthetic_demo
L006178,2025-12-01,Retail,51-200,Bulk order,9.45,5,0,synthetic_demo
L011888,2025-12-01,Manufacturing,51-200,Product enquiry,1.31,2,0,synthetic_demo
L009319,2025-12-01,Technology,201-1000,Bulk order,14.14,1,0,synthetic_demo
L009885,2025-12-01,Manufacturing,51-200,Bulk order,8.57,1,0,synthetic_demo
L010388,2025-12-01,Healthcare,201-1000,Product enquiry,11.48,2,0,synthetic_demo
L006030,2025-12-01,Manufacturing,201-1000,Price quote,14.53,5,0,synthetic_demo
L008192,2025-12-01,Construction,201-1000,Price quote,3.47,2,0,synthetic_demo
L004154,2025-12-01,Retail,51-200,Product enquiry,21.32,2,0,synthetic_demo
L008812,2025-12-01,Construction,1001+,Bulk order,13.08,1,0,synthetic_demo
L011332,2025-12-01,Construction,1001+,Price quote,5.61,0,0,synthetic_demo
L011044,2025-12-01,Retail,201-1000,Product enquiry,1.15,0,0,synthetic_demo
L007754,2025-12-01,Technology,1001+,Supplier request,8.01,2,1,synthetic_demo
L006393,2025-12-01,Retail,1-50,Product enquiry,3.2,2,0,synthetic_demo
L002911,2025-12-01,Technology,1-50,Supplier request,22.98,4,0,synthetic_demo
L007235,2025-12-01,Healthcare,1001+,Bulk order,4.55,2,0,synthetic_demo
L008774,2025-12-01,Technology,1001+,Bulk order,5.01,3,1,synthetic_demo
L011120,2025-12-01,Technology,1-50,Product enquiry,13.7,2,0,synthetic_demo
L007587,2025-12-01,Manufacturing,1-50,Price quote,24.32,3,0,synthetic_demo
L001062,2025-12-02,Healthcare,1001+,Price quote,13.02,6,1,synthetic_demo
L005770,2025-12-02,Technology,51-200,Bulk order,13.12,3,1,synthetic_demo
L005958,2025-12-02,Manufacturing,1001+,Supplier request,13.22,1,1,synthetic_demo
L007304,2025-12-02,Retail,1001+,Bulk order,8.13,2,0,synthetic_demo
L001467,2025-12-02,Retail,1-50,Price quote,0.55,2,0,synthetic_demo
L007968,2025-12-02,Technology,1-50,Supplier request,13.08,1,0,synthetic_demo
L010940,2025-12-02,Construction,1-50,Supplier request,14.17,6,1,synthetic_demo
L005287,2025-12-02,Technology,51-200,Price quote,21.95,2,0,synthetic_demo
L010727,2025-12-02,Technology,1-50,Bulk order,6.97,3,1,synthetic_demo
L002169,2025-12-02,Retail,51-200,Price quote,7.06,1,0,synthetic_demo
L010405,2025-12-02,Manufacturing,51-200,Price quote,5.74,3,0,synthetic_demo
L007424,2025-12-02,Healthcare,1001+,Supplier request,13.29,2,0,synthetic_demo
L005928,2025-12-02,Technology,1001+,Price quote,7.0,3,1,synthetic_demo
L000187,2025-12-02,Retail,1-50,Price quote,8.12,4,0,synthetic_demo
L000353,2025-12-02,Healthcare,51-200,Supplier request,19.49,2,0,synthetic_demo
L009339,2025-12-02,Healthcare,201-1000,Bulk order,14.47,3,0,synthetic_demo
L007109,2025-12-02,Retail,201-1000,Product enquiry,2.9,4,0,synthetic_demo
L002338,2025-12-02,Retail,201-1000,Bulk order,18.55,3,0,synthetic_demo
L006875,2025-12-02,Manufacturing,1-50,Supplier request,12.09,5,1,synthetic_demo
L002311,2025-12-02,Construction,1-50,Bulk order,10.32,0,1,synthetic_demo
L006272,2025-12-02,Manufacturing,1001+,Price quote,11.33,6,0,synthetic_demo
L003914,2025-12-02,Retail,201-1000,Price quote,8.74,4,0,synthetic_demo
L008101,2025-12-02,Manufacturing,1-50,Product enquiry,5.02,1,0,synthetic_demo
L011039,2025-12-02,Healthcare,1-50,Product enquiry,9.53,1,0,synthetic_demo
L011871,2025-12-02,Manufacturing,51-200,Price quote,12.24,1,0,synthetic_demo
L011639,2025-12-02,Construction,51-200,Product enquiry,10.12,0,0,synthetic_demo
L010454,2025-12-02,Manufacturing,51-200,Product enquiry,7.47,5,0,synthetic_demo
L004795,2025-12-02,Retail,201-1000,Bulk order,7.73,1,0,synthetic_demo
L011311,2025-12-02,Retail,1-50,Bulk order,9.36,4,1,synthetic_demo
L001026,2025-12-02,Retail,1-50,Supplier request,10.33,3,0,synthetic_demo
L008872,2025-12-02,Construction,1-50,Bulk order,4.94,2,0,synthetic_demo
L006644,2025-12-02,Retail,1-50,Price quote,13.04,1,0,synthetic_demo
L005200,2025-12-03,Healthcare,1001+,Price quote,7.6,4,0,synthetic_demo
L011400,2025-12-03,Construction,51-200,Bulk order,8.68,0,0,synthetic_demo
L005314,2025-12-03,Healthcare,1001+,Product enquiry,10.65,4,1,synthetic_demo
L002609,2025-12-03,Technology,201-1000,Bulk order,22.55,6,0,synthetic_demo
L002962,2025-12-03,Construction,1-50,Bulk order,4.26,2,0,synthetic_demo
L005455,2025-12-03,Construction,1-50,Bulk order,17.02,2,1,synthetic_demo
L004871,2025-12-03,Retail,1001+,Price quote,10.4,1,1,synthetic_demo
L001522,2025-12-03,Healthcare,201-1000,Price quote,20.54,0,0,synthetic_demo
L003542,2025-12-03,Healthcare,51-200,Product enquiry,3.23,3,0,synthetic_demo
L000272,2025-12-03,Manufacturing,1-50,Product enquiry,1.92,1,0,synthetic_demo
L003132,2025-12-03,Construction,1-50,Product enquiry,27.97,2,0,synthetic_demo
L008998,2025-12-03,Retail,201-1000,Product enquiry,18.85,3,0,synthetic_demo
L003795,2025-12-03,Healthcare,51-200,Product enquiry,15.89,0,0,synthetic_demo
L000035,2025-12-03,Retail,51-200,Bulk order,10.63,2,1,synthetic_demo
L010045,2025-12-03,Retail,201-1000,Supplier request,7.44,4,0,synthetic_demo
L008959,2025-12-03,Manufacturing,51-200,Bulk order,1.72,3,1,synthetic_demo
L006018,2025-12-03,Technology,51-200,Product enquiry,8.45,3,0,synthetic_demo
L006629,2025-12-03,Manufacturing,1-50,Bulk order,17.76,2,0,synthetic_demo
L001354,2025-12-03,Retail,201-1000,Bulk order,15.95,0,0,synthetic_demo
L004854,2025-12-03,Manufacturing,201-1000,Price quote,9.71,2,0,synthetic_demo
L003913,2025-12-03,Construction,1-50,Price quote,5.12,5,1,synthetic_demo
L005680,2025-12-03,Retail,51-200,Supplier request,12.77,2,0,synthetic_demo
L004522,2025-12-03,Retail,1-50,Bulk order,8.43,2,0,synthetic_demo
L005422,2025-12-03,Retail,201-1000,Bulk order,4.21,2,0,synthetic_demo
L007060,2025-12-03,Retail,51-200,Price quote,10.76,0,0,synthetic_demo
L006537,2025-12-03,Manufacturing,51-200,Product enquiry,7.13,3,0,synthetic_demo
L006550,2025-12-03,Retail,201-1000,Bulk order,7.56,1,0,synthetic_demo
L009787,2025-12-03,Manufacturing,1-50,Supplier request,10.89,4,0,synthetic_demo
L011983,2025-12-03,Retail,51-200,Price quote,8.04,1,0,synthetic_demo
L004761,2025-12-03,Healthcare,1001+,Supplier request,23.97,6,0,synthetic_demo
L006115,2025-12-03,Retail,1-50,Bulk order,15.81,2,0,synthetic_demo
L002752,2025-12-03,Technology,1-50,Price quote,17.8,0,0,synthetic_demo
L005715,2025-12-03,Manufacturing,201-1000,Supplier request,6.69,2,0,synthetic_demo
L005041,2025-12-03,Manufacturing,51-200,Price quote,23.13,3,1,synthetic_demo
L000316,2025-12-03,Retail,51-200,Price quote,16.43,1,0,synthetic_demo
L005603,2025-12-03,Construction,1-50,Product enquiry,2.49,2,0,synthetic_demo
L001178,2025-12-03,Retail,51-200,Product enquiry,12.11,4,0,synthetic_demo
L004196,2025-12-03,Healthcare,51-200,Product enquiry,16.43,2,0,synthetic_demo
L000243,2025-12-03,Manufacturing,51-200,Product enquiry,14.55,3,0,synthetic_demo
L004336,2025-12-03,Manufacturing,51-200,Bulk order,9.25,3,0,synthetic_demo
L004698,2025-12-04,Retail,1-50,Price quote,7.64,3,0,synthetic_demo
L011550,2025-12-04,Technology,51-200,Product enquiry,4.6,3,0,synthetic_demo
L004264,2025-12-04,Technology,1-50,Price quote,15.56,2,0,synthetic_demo
L000571,2025-12-04,Retail,201-1000,Supplier request,1.49,4,0,synthetic_demo
L011808,2025-12-04,Healthcare,51-200,Bulk order,3.34,1,0,synthetic_demo
L008545,2025-12-04,Retail,1-50,Supplier request,6.83,2,0,synthetic_demo
L007785,2025-12-04,Retail,1-50,Price quote,7.73,0,0,synthetic_demo
L003776,2025-12-04,Healthcare,201-1000,Price quote,10.16,4,1,synthetic_demo
L008064,2025-12-04,Technology,1-50,Product enquiry,13.95,0,0,synthetic_demo
L001254,2025-12-04,Healthcare,1-50,Bulk order,8.67,4,1,synthetic_demo
L011872,2025-12-04,Healthcare,201-1000,Supplier request,13.82,3,0,synthetic_demo
L002142,2025-12-04,Retail,1-50,Product enquiry,5.13,1,0,synthetic_demo
L005751,2025-12-04,Manufacturing,51-200,Price quote,7.82,5,0,synthetic_demo
L005392,2025-12-04,Retail,51-200,Price quote,7.05,2,0,synthetic_demo
L006533,2025-12-04,Technology,1-50,Price quote,26.13,4,0,synthetic_demo
L001053,2025-12-04,Retail,1-50,Bulk order,4.88,2,0,synthetic_demo
L000395,2025-12-04,Manufacturing,1-50,Bulk order,17.37,2,0,synthetic_demo
L000585,2025-12-04,Construction,201-1000,Bulk order,23.34,3,1,synthetic_demo
L010928,2025-12-04,Construction,201-1000,Price quote,13.17,0,0,synthetic_demo
L004436,2025-12-04,Healthcare,201-1000,Supplier request,12.2,1,0,synthetic_demo
L003717,2025-12-04,Technology,1-50,Price quote,8.51,2,0,synthetic_demo
L009901,2025-12-04,Manufacturing,1-50,Product enquiry,19.57,2,0,synthetic_demo
L007939,2025-12-04,Manufacturing,51-200,Price quote,0.18,4,0,synthetic_demo
L008027,2025-12-04,Retail,51-200,Product enquiry,3.32,7,1,synthetic_demo
L009145,2025-12-04,Manufacturing,201-1000,Price quote,13.66,4,0,synthetic_demo
L007102,2025-12-04,Manufacturing,51-200,Product enquiry,14.45,3,0,synthetic_demo
L001442,2025-12-04,Manufacturing,1-50,Product enquiry,4.91,3,0,synthetic_demo
L010735,2025-12-04,Manufacturing,1001+,Price quote,28.27,2,1,synthetic_demo
L005382,2025-12-05,Technology,51-200,Price quote,16.16,0,0,synthetic_demo
L006012,2025-12-05,Technology,201-1000,Bulk order,12.5,2,0,synthetic_demo
L001292,2025-12-05,Technology,51-200,Price quote,2.46,2,0,synthetic_demo
L004939,2025-12-05,Healthcare,201-1000,Product enquiry,12.68,1,0,synthetic_demo
L006199,2025-12-05,Retail,201-1000,Bulk order,22.9,2,0,synthetic_demo
L007702,2025-12-05,Healthcare,201-1000,Supplier request,14.6,1,0,synthetic_demo
L006265,2025-12-05,Retail,51-200,Bulk order,3.86,3,0,synthetic_demo
L011563,2025-12-05,Retail,51-200,Price quote,10.3,2,0,synthetic_demo
L008938,2025-12-05,Manufacturing,1001+,Bulk order,10.06,4,1,synthetic_demo
L000856,2025-12-05,Retail,201-1000,Price quote,18.2,2,0,synthetic_demo
L006828,2025-12-05,Construction,51-200,Price quote,13.04,2,0,synthetic_demo
L008460,2025-12-05,Healthcare,201-1000,Bulk order,10.31,1,0,synthetic_demo
L011630,2025-12-05,Technology,1-50,Price quote,28.48,1,0,synthetic_demo
L001708,2025-12-05,Retail,51-200,Product enquiry,11.73,1,0,synthetic_demo
L010476,2025-12-05,Manufacturing,51-200,Bulk order,20.59,4,1,synthetic_demo
L002572,2025-12-05,Healthcare,51-200,Product enquiry,6.33,3,1,synthetic_demo
L007215,2025-12-05,Technology,51-200,Supplier request,5.96,1,0,synthetic_demo
L005507,2025-12-05,Manufacturing,201-1000,Bulk order,13.56,2,0,synthetic_demo
L011494,2025-12-05,Manufacturing,1001+,Price quote,12.84,1,0,synthetic_demo
L011313,2025-12-05,Healthcare,1-50,Product enquiry,8.9,4,0,synthetic_demo
L001447,2025-12-05,Construction,1001+,Price quote,12.57,1,1,synthetic_demo
L008977,2025-12-05,Manufacturing,1-50,Price quote,19.49,3,0,synthetic_demo
L002380,2025-12-05,Technology,51-200,Price quote,0.89,3,0,synthetic_demo
L010133,2025-12-05,Retail,51-200,Bulk order,2.81,0,0,synthetic_demo
L005598,2025-12-05,Retail,1001+,Price quote,8.25,0,0,synthetic_demo
L005088,2025-12-05,Retail,1-50,Product enquiry,16.63,1,0,synthetic_demo
L003933,2025-12-05,Healthcare,1-50,Product enquiry,7.29,3,0,synthetic_demo
L005807,2025-12-05,Technology,1-50,Product enquiry,6.96,1,0,synthetic_demo
L005296,2025-12-05,Healthcare,1001+,Product enquiry,4.33,7,1,synthetic_demo
L000658,2025-12-05,Retail,201-1000,Price quote,4.98,4,0,synthetic_demo
L007663,2025-12-05,Technology,51-200,Product enquiry,4.76,2,0,synthetic_demo
L006297,2025-12-05,Technology,1-50,Bulk order,5.96,4,0,synthetic_demo
L000183,2025-12-05,Healthcare,1001+,Product enquiry,46.23,5,1,synthetic_demo
L003153,2025-12-05,Retail,201-1000,Bulk order,6.31,3,0,synthetic_demo
L006338,2025-12-05,Retail,201-1000,Price quote,13.67,1,0,synthetic_demo
L005617,2025-12-05,Retail,1001+,Product enquiry,21.55,1,0,synthetic_demo
L002028,2025-12-05,Retail,201-1000,Product enquiry,24.94,1,0,synthetic_demo
L004113,2025-12-05,Technology,201-1000,Product enquiry,20.01,3,0,synthetic_demo
L011459,2025-12-06,Construction,1-50,Bulk order,2.71,1,1,synthetic_demo
L009501,2025-12-06,Technology,1-50,Bulk order,9.21,1,0,synthetic_demo
L010357,2025-12-06,Retail,201-1000,Product enquiry,6.63,3,0,synthetic_demo
L001755,2025-12-06,Retail,1-50,Supplier request,32.27,4,0,synthetic_demo
L010783,2025-12-06,Manufacturing,1001+,Price quote,9.67,1,0,synthetic_demo
L010677,2025-12-06,Retail,51-200,Price quote,1.58,0,0,synthetic_demo
L011503,2025-12-06,Retail,1-50,Product enquiry,13.71,2,0,synthetic_demo
L008472,2025-12-06,Technology,1001+,Bulk order,2.14,2,1,synthetic_demo
L007794,2025-12-06,Retail,1-50,Bulk order,3.67,1,0,synthetic_demo
L010467,2025-12-06,Retail,201-1000,Product enquiry,11.2,1,0,synthetic_demo
L004170,2025-12-06,Retail,1001+,Product enquiry,10.78,1,0,synthetic_demo
L000543,2025-12-06,Technology,1-50,Bulk order,14.52,4,1,synthetic_demo
L003244,2025-12-06,Retail,1001+,Product enquiry,15.39,2,0,synthetic_demo
L000251,2025-12-06,Technology,1-50,Bulk order,5.7,6,0,synthetic_demo
L006019,2025-12-06,Technology,201-1000,Bulk order,11.99,3,0,synthetic_demo
L005529,2025-12-06,Construction,51-200,Price quote,28.71,2,1,synthetic_demo
L000812,2025-12-06,Manufacturing,201-1000,Product enquiry,3.07,2,0,synthetic_demo
L006960,2025-12-06,Construction,51-200,Supplier request,1.83,1,0,synthetic_demo
L007478,2025-12-06,Retail,51-200,Price quote,13.08,1,0,synthetic_demo
L000471,2025-12-06,Retail,201-1000,Product enquiry,18.25,1,0,synthetic_demo
L001876,2025-12-06,Technology,1-50,Product enquiry,14.08,1,0,synthetic_demo
L007209,2025-12-06,Manufacturing,51-200,Product enquiry,5.32,3,0,synthetic_demo
L002845,2025-12-06,Manufacturing,1-50,Bulk order,33.09,6,0,synthetic_demo
L007654,2025-12-06,Manufacturing,1001+,Product enquiry,14.1,4,1,synthetic_demo
L005762,2025-12-06,Construction,51-200,Product enquiry,5.16,1,0,synthetic_demo
L008006,2025-12-06,Technology,51-200,Product enquiry,13.75,5,0,synthetic_demo
L009816,2025-12-06,Manufacturing,1001+,Supplier request,1.56,4,0,synthetic_demo
L011287,2025-12-06,Construction,1-50,Product enquiry,20.37,3,0,synthetic_demo
L003716,2025-12-06,Technology,51-200,Supplier request,2.2,3,0,synthetic_demo
L006752,2025-12-06,Retail,201-1000,Bulk order,23.04,1,0,synthetic_demo
L004449,2025-12-06,Healthcare,1-50,Supplier request,6.09,0,0,synthetic_demo
L008232,2025-12-07,Manufacturing,201-1000,Product enquiry,4.28,2,0,synthetic_demo
L009606,2025-12-07,Construction,201-1000,Bulk order,7.11,1,0,synthetic_demo
L003302,2025-12-07,Retail,1-50,Supplier request,7.63,1,0,synthetic_demo
L002442,2025-12-07,Manufacturing,201-1000,Supplier request,11.49,3,0,synthetic_demo
L000860,2025-12-07,Healthcare,51-200,Product enquiry,7.38,3,0,synthetic_demo
L009119,2025-12-07,Healthcare,1-50,Product enquiry,7.32,2,0,synthetic_demo
L004115,2025-12-07,Technology,1-50,Product enquiry,7.36,4,0,synthetic_demo
L011659,2025-12-07,Manufacturing,51-200,Price quote,4.34,3,0,synthetic_demo
L005986,2025-12-07,Retail,51-200,Product enquiry,19.17,2,1,synthetic_demo
L003962,2025-12-07,Manufacturing,51-200,Price quote,6.24,5,0,synthetic_demo
L002509,2025-12-07,Healthcare,201-1000,Supplier request,22.94,2,0,synthetic_demo
L006772,2025-12-07,Healthcare,51-200,Price quote,1.56,3,1,synthetic_demo
L001075,2025-12-07,Construction,1-50,Bulk order,20.0,0,0,synthetic_demo
L008800,2025-12-07,Retail,51-200,Bulk order,7.62,5,1,synthetic_demo
L010119,2025-12-07,Retail,201-1000,Product enquiry,24.69,2,0,synthetic_demo
L002230,2025-12-07,Technology,51-200,Price quote,14.99,1,0,synthetic_demo
L002507,2025-12-07,Construction,201-1000,Supplier request,24.33,1,0,synthetic_demo
L000102,2025-12-07,Technology,51-200,Bulk order,15.21,2,0,synthetic_demo
L008952,2025-12-07,Healthcare,1001+,Bulk order,15.19,4,1,synthetic_demo
L005141,2025-12-07,Healthcare,1001+,Price quote,9.0,2,0,synthetic_demo
L001859,2025-12-07,Manufacturing,51-200,Product enquiry,16.55,5,0,synthetic_demo
L002008,2025-12-07,Manufacturing,1001+,Product enquiry,9.93,0,0,synthetic_demo
L008035,2025-12-07,Manufacturing,201-1000,Supplier request,3.92,2,0,synthetic_demo
L008386,2025-12-07,Retail,1001+,Product enquiry,15.21,2,0,synthetic_demo
L011907,2025-12-07,Healthcare,201-1000,Bulk order,15.99,6,0,synthetic_demo
L007930,2025-12-07,Technology,1001+,Price quote,6.2,3,1,synthetic_demo
L001379,2025-12-07,Healthcare,201-1000,Bulk order,3.85,2,0,synthetic_demo
L006825,2025-12-07,Healthcare,1-50,Product enquiry,8.47,1,0,synthetic_demo
L005662,2025-12-07,Manufacturing,1-50,Supplier request,11.5,0,0,synthetic_demo
L011706,2025-12-07,Retail,201-1000,Product enquiry,14.71,4,0,synthetic_demo
L005886,2025-12-07,Manufacturing,51-200,Price quote,21.85,4,1,synthetic_demo
L007935,2025-12-07,Healthcare,201-1000,Bulk order,8.52,3,0,synthetic_demo
L001042,2025-12-07,Technology,51-200,Product enquiry,14.03,1,0,synthetic_demo
L005281,2025-12-08,Construction,1-50,Product enquiry,3.16,0,0,synthetic_demo
L006576,2025-12-08,Healthcare,51-200,Price quote,1.07,3,1,synthetic_demo
L006321,2025-12-08,Manufacturing,1001+,Bulk order,6.17,1,0,synthetic_demo
L002629,2025-12-08,Retail,201-1000,Product enquiry,9.62,1,0,synthetic_demo
L009566,2025-12-08,Healthcare,51-200,Price quote,10.22,3,0,synthetic_demo
L010760,2025-12-08,Construction,51-200,Bulk order,11.43,1,0,synthetic_demo
L001327,2025-12-08,Retail,1001+,Product enquiry,14.35,2,1,synthetic_demo
L010417,2025-12-08,Retail,1001+,Product enquiry,7.16,3,0,synthetic_demo
L007173,2025-12-08,Technology,1-50,Product enquiry,13.9,1,1,synthetic_demo
L005706,2025-12-08,Retail,51-200,Supplier request,6.39,5,0,synthetic_demo
L007272,2025-12-08,Construction,1-50,Supplier request,6.68,2,0,synthetic_demo
L003661,2025-12-08,Manufacturing,1001+,Price quote,23.03,3,1,synthetic_demo
L008272,2025-12-08,Manufacturing,201-1000,Supplier request,25.04,5,0,synthetic_demo
L006580,2025-12-08,Construction,51-200,Bulk order,5.56,4,1,synthetic_demo
L011646,2025-12-08,Manufacturing,51-200,Bulk order,10.21,0,0,synthetic_demo
L003886,2025-12-08,Manufacturing,51-200,Supplier request,15.23,4,1,synthetic_demo
L007322,2025-12-08,Manufacturing,51-200,Price quote,4.36,2,1,synthetic_demo
L002611,2025-12-08,Construction,1-50,Product enquiry,15.9,1,0,synthetic_demo
L007865,2025-12-08,Technology,201-1000,Product enquiry,10.78,1,0,synthetic_demo
L010640,2025-12-08,Retail,201-1000,Price quote,10.26,3,0,synthetic_demo
L010175,2025-12-08,Manufacturing,1-50,Price quote,7.94,2,0,synthetic_demo
L008190,2025-12-08,Technology,51-200,Product enquiry,10.87,2,0,synthetic_demo
L002968,2025-12-08,Retail,51-200,Product enquiry,10.21,4,0,synthetic_demo
L011132,2025-12-08,Retail,201-1000,Price quote,10.97,2,0,synthetic_demo
L002235,2025-12-08,Technology,1-50,Product enquiry,13.79,2,0,synthetic_demo
L001821,2025-12-08,Construction,1001+,Supplier request,17.04,2,1,synthetic_demo
L007353,2025-12-08,Construction,201-1000,Bulk order,6.75,1,0,synthetic_demo
L008925,2025-12-08,Retail,201-1000,Price quote,6.6,3,1,synthetic_demo
L005803,2025-12-08,Technology,51-200,Bulk order,4.11,4,0,synthetic_demo
L007468,2025-12-08,Manufacturing,1001+,Price quote,7.96,1,0,synthetic_demo
L009949,2025-12-08,Healthcare,51-200,Product enquiry,10.49,1,0,synthetic_demo
L006545,2025-12-08,Manufacturing,201-1000,Bulk order,18.0,4,0,synthetic_demo
L009768,2025-12-08,Technology,51-200,Supplier request,12.17,4,0,synthetic_demo
L000355,2025-12-08,Retail,1-50,Price quote,7.39,0,0,synthetic_demo
L007390,2025-12-08,Manufacturing,51-200,Supplier request,15.16,4,0,synthetic_demo
L000450,2025-12-08,Healthcare,51-200,Price quote,4.04,2,0,synthetic_demo
L008251,2025-12-08,Retail,51-200,Product enquiry,13.71,0,0,synthetic_demo
L004018,2025-12-08,Retail,201-1000,Product enquiry,9.39,2,0,synthetic_demo
L011331,2025-12-08,Healthcare,1-50,Product enquiry,28.08,2,0,synthetic_demo
L001090,2025-12-08,Retail,201-1000,Product enquiry,4.79,2,0,synthetic_demo
L000532,2025-12-08,Technology,51-200,Bulk order,8.36,1,0,synthetic_demo
L000253,2025-12-09,Retail,201-1000,Bulk order,6.24,3,0,synthetic_demo
L011509,2025-12-09,Construction,51-200,Price quote,13.21,3,0,synthetic_demo
L006718,2025-12-09,Technology,1-50,Price quote,1.72,2,0,synthetic_demo
L003641,2025-12-09,Retail,1-50,Bulk order,15.62,1,0,synthetic_demo
L000803,2025-12-09,Construction,1-50,Supplier request,7.05,2,1,synthetic_demo
L004385,2025-12-09,Technology,51-200,Product enquiry,6.9,0,0,synthetic_demo
L000982,2025-12-09,Technology,1-50,Bulk order,1.33,2,0,synthetic_demo
L000194,2025-12-09,Technology,51-200,Price quote,9.8,2,0,synthetic_demo
L007372,2025-12-09,Technology,1001+,Supplier request,17.95,5,1,synthetic_demo
L003321,2025-12-09,Manufacturing,201-1000,Price quote,9.58,4,0,synthetic_demo
L010921,2025-12-09,Healthcare,1001+,Product enquiry,26.57,0,0,synthetic_demo
L008678,2025-12-09,Technology,201-1000,Product enquiry,13.55,1,0,synthetic_demo
L009547,2025-12-09,Technology,1001+,Supplier request,5.81,6,0,synthetic_demo
L008525,2025-12-09,Manufacturing,51-200,Product enquiry,18.08,4,1,synthetic_demo
L003849,2025-12-09,Manufacturing,1001+,Price quote,13.78,3,0,synthetic_demo
L004508,2025-12-09,Manufacturing,1-50,Bulk order,17.65,8,0,synthetic_demo
L010541,2025-12-09,Construction,1-50,Product enquiry,5.06,3,1,synthetic_demo
L004656,2025-12-09,Construction,201-1000,Product enquiry,3.5,2,0,synthetic_demo
L006465,2025-12-09,Healthcare,201-1000,Bulk order,14.65,2,1,synthetic_demo
L010648,2025-12-09,Technology,1-50,Bulk order,11.12,0,0,synthetic_demo
L000158,2025-12-09,Technology,201-1000,Product enquiry,8.44,4,0,synthetic_demo
L005545,2025-12-09,Healthcare,201-1000,Price quote,2.19,3,0,synthetic_demo
L002932,2025-12-09,Manufacturing,1-50,Price quote,16.36,3,1,synthetic_demo
L002631,2025-12-09,Manufacturing,1-50,Product enquiry,20.05,5,0,synthetic_demo
L006850,2025-12-09,Construction,1-50,Supplier request,1.56,3,1,synthetic_demo
L009103,2025-12-09,Retail,1-50,Product enquiry,9.56,0,0,synthetic_demo
L003909,2025-12-09,Healthcare,51-200,Bulk order,5.58,2,0,synthetic_demo
L011153,2025-12-10,Manufacturing,51-200,Price quote,5.21,4,1,synthetic_demo
L005143,2025-12-10,Retail,51-200,Supplier request,8.67,1,0,synthetic_demo
L002812,2025-12-10,Construction,1-50,Supplier request,7.97,1,0,synthetic_demo
L011821,2025-12-10,Technology,51-200,Bulk order,4.09,2,1,synthetic_demo
L007843,2025-12-10,Manufacturing,1001+,Supplier request,6.35,3,1,synthetic_demo
L000458,2025-12-10,Retail,51-200,Supplier request,11.04,3,0,synthetic_demo
L008473,2025-12-10,Retail,51-200,Price quote,6.45,2,0,synthetic_demo
L000906,2025-12-10,Technology,1001+,Price quote,4.74,3,0,synthetic_demo
L000081,2025-12-10,Technology,1001+,Supplier request,9.5,4,1,synthetic_demo
L007517,2025-12-10,Construction,1-50,Bulk order,4.42,4,1,synthetic_demo
L008675,2025-12-10,Manufacturing,51-200,Product enquiry,16.71,2,0,synthetic_demo
L011124,2025-12-10,Manufacturing,201-1000,Product enquiry,2.19,0,0,synthetic_demo
L002575,2025-12-10,Healthcare,51-200,Bulk order,15.42,1,0,synthetic_demo
L007691,2025-12-10,Manufacturing,201-1000,Product enquiry,17.24,2,0,synthetic_demo
L005887,2025-12-10,Manufacturing,201-1000,Product enquiry,6.21,3,0,synthetic_demo
L000888,2025-12-10,Manufacturing,1-50,Price quote,0.62,1,0,synthetic_demo
L007758,2025-12-10,Manufacturing,1-50,Bulk order,18.73,4,0,synthetic_demo
L011477,2025-12-10,Manufacturing,1-50,Product enquiry,4.27,4,0,synthetic_demo
L011570,2025-12-10,Healthcare,1-50,Price quote,3.77,0,0,synthetic_demo
L002013,2025-12-10,Manufacturing,201-1000,Price quote,23.27,3,0,synthetic_demo
L007224,2025-12-10,Manufacturing,51-200,Product enquiry,8.59,3,0,synthetic_demo
L003121,2025-12-10,Manufacturing,1-50,Bulk order,10.19,8,1,synthetic_demo
L004402,2025-12-10,Technology,1-50,Product enquiry,2.22,1,0,synthetic_demo
L008527,2025-12-10,Technology,201-1000,Product enquiry,25.88,2,0,synthetic_demo
L001160,2025-12-10,Technology,1-50,Price quote,7.68,2,0,synthetic_demo
L007726,2025-12-10,Retail,51-200,Bulk order,20.9,2,0,synthetic_demo
L008591,2025-12-10,Healthcare,51-200,Bulk order,3.09,2,1,synthetic_demo
L002805,2025-12-10,Manufacturing,51-200,Bulk order,21.13,4,0,synthetic_demo
L002470,2025-12-11,Retail,1001+,Supplier request,3.19,1,0,synthetic_demo
L011558,2025-12-11,Construction,51-200,Price quote,12.12,2,0,synthetic_demo
L004717,2025-12-11,Retail,51-200,Product enquiry,6.48,0,0,synthetic_demo
L006865,2025-12-11,Healthcare,201-1000,Product enquiry,25.54,2,0,synthetic_demo
L002361,2025-12-11,Technology,1-50,Bulk order,18.54,4,1,synthetic_demo
L001172,2025-12-11,Technology,1-50,Bulk order,16.28,3,0,synthetic_demo
L003697,2025-12-11,Retail,1001+,Product enquiry,16.98,0,0,synthetic_demo
L005703,2025-12-11,Manufacturing,1-50,Bulk order,7.89,3,0,synthetic_demo
L002949,2025-12-11,Construction,201-1000,Product enquiry,4.77,2,0,synthetic_demo
L000791,2025-12-11,Manufacturing,201-1000,Price quote,21.1,1,0,synthetic_demo
L006994,2025-12-11,Healthcare,201-1000,Bulk order,8.35,7,1,synthetic_demo
L008109,2025-12-11,Healthcare,201-1000,Supplier request,14.36,2,0,synthetic_demo
L007817,2025-12-11,Healthcare,1-50,Product enquiry,6.98,4,0,synthetic_demo
L001415,2025-12-11,Manufacturing,1-50,Price quote,24.06,2,0,synthetic_demo
L003459,2025-12-11,Manufacturing,51-200,Supplier request,12.91,2,0,synthetic_demo
L011395,2025-12-11,Construction,1-50,Price quote,14.89,3,0,synthetic_demo
L001249,2025-12-11,Construction,1001+,Product enquiry,5.71,2,0,synthetic_demo
L003626,2025-12-11,Healthcare,51-200,Price quote,18.91,3,0,synthetic_demo
L009981,2025-12-11,Retail,51-200,Product enquiry,8.44,3,0,synthetic_demo
L009915,2025-12-11,Retail,1-50,Bulk order,5.49,0,0,synthetic_demo
L003739,2025-12-11,Technology,1-50,Price quote,6.94,0,0,synthetic_demo
L011396,2025-12-11,Technology,51-200,Bulk order,10.35,0,0,synthetic_demo
L009398,2025-12-11,Construction,51-200,Price quote,9.59,4,0,synthetic_demo
L006308,2025-12-11,Technology,1-50,Price quote,8.29,3,0,synthetic_demo
L010131,2025-12-11,Construction,1001+,Product enquiry,5.44,3,0,synthetic_demo
L004708,2025-12-11,Retail,51-200,Bulk order,5.11,2,0,synthetic_demo
L002671,2025-12-11,Healthcare,51-200,Supplier request,1.89,1,0,synthetic_demo
L010112,2025-12-11,Retail,201-1000,Supplier request,9.26,0,0,synthetic_demo
L002406,2025-12-11,Manufacturing,1001+,Price quote,2.62,5,1,synthetic_demo
L007448,2025-12-11,Retail,1-50,Product enquiry,1.57,2,0,synthetic_demo
L003161,2025-12-11,Construction,1-50,Product enquiry,3.58,2,0,synthetic_demo
L004763,2025-12-11,Construction,51-200,Price quote,4.85,2,0,synthetic_demo
L011770,2025-12-11,Manufacturing,1001+,Bulk order,1.58,2,0,synthetic_demo
L010308,2025-12-11,Manufacturing,1001+,Product enquiry,18.72,2,0,synthetic_demo
L008423,2025-12-12,Technology,201-1000,Price quote,4.67,3,0,synthetic_demo
L000491,2025-12-12,Technology,1-50,Supplier request,32.01,3,0,synthetic_demo
L011908,2025-12-12,Technology,201-1000,Price quote,6.55,2,0,synthetic_demo
L003686,2025-12-12,Manufacturing,1-50,Price quote,13.61,2,0,synthetic_demo
L005317,2025-12-12,Manufacturing,201-1000,Supplier request,18.51,5,0,synthetic_demo
L008699,2025-12-12,Manufacturing,1001+,Price quote,2.14,1,1,synthetic_demo
L008435,2025-12-12,Technology,51-200,Price quote,17.93,2,0,synthetic_demo
L002340,2025-12-12,Manufacturing,51-200,Bulk order,12.17,2,0,synthetic_demo
L011242,2025-12-12,Manufacturing,51-200,Bulk order,20.13,1,0,synthetic_demo
L006794,2025-12-12,Healthcare,1001+,Product enquiry,13.37,5,0,synthetic_demo
L006890,2025-12-12,Healthcare,201-1000,Price quote,17.06,1,0,synthetic_demo
L008593,2025-12-12,Construction,51-200,Supplier request,18.78,1,0,synthetic_demo
L000193,2025-12-12,Manufacturing,1-50,Bulk order,17.28,4,0,synthetic_demo
L000713,2025-12-12,Technology,201-1000,Bulk order,3.3,1,0,synthetic_demo
L004934,2025-12-12,Manufacturing,51-200,Supplier request,8.58,0,0,synthetic_demo
L003526,2025-12-12,Retail,201-1000,Price quote,11.07,1,0,synthetic_demo
L003310,2025-12-12,Manufacturing,1-50,Product enquiry,11.91,1,0,synthetic_demo
L011830,2025-12-12,Manufacturing,1-50,Bulk order,11.31,1,0,synthetic_demo
L002992,2025-12-12,Technology,1-50,Bulk order,4.92,1,1,synthetic_demo
L009626,2025-12-12,Technology,51-200,Bulk order,9.82,3,0,synthetic_demo
L005704,2025-12-12,Technology,1-50,Supplier request,6.17,3,0,synthetic_demo
L002574,2025-12-12,Technology,1-50,Bulk order,5.27,1,0,synthetic_demo
L007910,2025-12-12,Retail,51-200,Bulk order,8.33,3,0,synthetic_demo
L006985,2025-12-12,Retail,201-1000,Supplier request,2.87,3,0,synthetic_demo
L010084,2025-12-12,Construction,51-200,Product enquiry,27.52,0,0,synthetic_demo
L007749,2025-12-13,Retail,1-50,Supplier request,7.76,2,0,synthetic_demo
L001857,2025-12-13,Manufacturing,1001+,Bulk order,3.6,1,1,synthetic_demo
L005846,2025-12-13,Construction,51-200,Price quote,4.58,6,1,synthetic_demo
L011031,2025-12-13,Retail,1001+,Product enquiry,8.68,1,0,synthetic_demo
L008609,2025-12-13,Manufacturing,1-50,Bulk order,10.17,1,0,synthetic_demo
L008387,2025-12-13,Construction,1001+,Bulk order,5.85,1,0,synthetic_demo
L002328,2025-12-13,Manufacturing,1-50,Bulk order,13.32,4,1,synthetic_demo
L011819,2025-12-13,Manufacturing,51-200,Price quote,17.67,3,0,synthetic_demo
L011510,2025-12-13,Retail,201-1000,Bulk order,27.87,2,0,synthetic_demo
L010068,2025-12-13,Construction,1001+,Supplier request,3.78,5,1,synthetic_demo
L009877,2025-12-13,Technology,201-1000,Bulk order,8.2,1,0,synthetic_demo
L006064,2025-12-13,Retail,51-200,Bulk order,10.66,1,1,synthetic_demo
L005503,2025-12-13,Manufacturing,1-50,Supplier request,11.8,1,0,synthetic_demo
L003970,2025-12-13,Manufacturing,51-200,Product enquiry,11.77,2,0,synthetic_demo
L008121,2025-12-13,Retail,201-1000,Product enquiry,12.29,1,0,synthetic_demo
L002508,2025-12-13,Construction,1-50,Bulk order,24.96,3,0,synthetic_demo
L011881,2025-12-13,Healthcare,51-200,Supplier request,3.56,0,0,synthetic_demo
L005635,2025-12-13,Manufacturing,1001+,Bulk order,18.36,1,0,synthetic_demo
L000419,2025-12-13,Manufacturing,201-1000,Supplier request,8.0,5,0,synthetic_demo
L003528,2025-12-13,Manufacturing,201-1000,Price quote,15.91,1,0,synthetic_demo
L009632,2025-12-13,Construction,1-50,Product enquiry,7.75,1,0,synthetic_demo
L003177,2025-12-13,Construction,1-50,Product enquiry,2.71,2,0,synthetic_demo
L000044,2025-12-13,Retail,1-50,Product enquiry,6.53,3,0,synthetic_demo
L000555,2025-12-13,Manufacturing,1001+,Price quote,1.58,2,0,synthetic_demo
L000595,2025-12-13,Manufacturing,201-1000,Price quote,7.59,0,0,synthetic_demo
L010877,2025-12-13,Manufacturing,1-50,Bulk order,28.56,1,0,synthetic_demo
L009094,2025-12-13,Manufacturing,201-1000,Price quote,12.9,4,0,synthetic_demo
L006318,2025-12-13,Technology,1001+,Bulk order,1.53,4,0,synthetic_demo
L005332,2025-12-13,Technology,51-200,Supplier request,10.94,1,0,synthetic_demo
L001006,2025-12-14,Retail,51-200,Bulk order,4.79,5,0,synthetic_demo
L006337,2025-12-14,Retail,51-200,Price quote,21.61,4,0,synthetic_demo
L008716,2025-12-14,Manufacturing,1-50,Bulk order,1.62,3,1,synthetic_demo
L011171,2025-12-14,Manufacturing,51-200,Bulk order,6.59,4,0,synthetic_demo
L005748,2025-12-14,Construction,201-1000,Product enquiry,17.17,1,0,synthetic_demo
L000694,2025-12-14,Retail,1-50,Product enquiry,11.89,2,0,synthetic_demo
L003249,2025-12-14,Construction,51-200,Product enquiry,5.33,1,0,synthetic_demo
L005562,2025-12-14,Retail,201-1000,Supplier request,18.02,2,1,synthetic_demo
L010733,2025-12-14,Technology,1-50,Bulk order,3.09,0,0,synthetic_demo
L000203,2025-12-14,Healthcare,201-1000,Bulk order,17.52,2,0,synthetic_demo
L009941,2025-12-14,Construction,51-200,Bulk order,18.0,4,1,synthetic_demo
L010659,2025-12-14,Retail,51-200,Product enquiry,9.91,2,0,synthetic_demo
L008707,2025-12-14,Manufacturing,201-1000,Product enquiry,33.87,1,0,synthetic_demo
L000666,2025-12-14,Technology,51-200,Product enquiry,2.64,1,0,synthetic_demo
L010046,2025-12-14,Retail,1-50,Product enquiry,30.38,0,0,synthetic_demo
L005311,2025-12-14,Retail,201-1000,Price quote,2.56,2,0,synthetic_demo
L001297,2025-12-14,Manufacturing,51-200,Product enquiry,2.7,1,0,synthetic_demo
L008152,2025-12-14,Healthcare,51-200,Supplier request,21.23,2,0,synthetic_demo
L007195,2025-12-14,Technology,1001+,Bulk order,5.14,1,1,synthetic_demo
L004482,2025-12-14,Healthcare,201-1000,Price quote,22.51,4,0,synthetic_demo
L007958,2025-12-14,Manufacturing,1-50,Bulk order,6.03,2,0,synthetic_demo
L007505,2025-12-14,Healthcare,1001+,Product enquiry,7.62,1,0,synthetic_demo
L005488,2025-12-14,Manufacturing,1-50,Price quote,23.21,4,0,synthetic_demo
L003328,2025-12-14,Technology,1-50,Supplier request,3.11,2,0,synthetic_demo
L008731,2025-12-14,Manufacturing,201-1000,Price quote,16.51,1,1,synthetic_demo
L004907,2025-12-14,Construction,51-200,Product enquiry,13.15,1,0,synthetic_demo
L002450,2025-12-14,Healthcare,201-1000,Price quote,19.83,1,0,synthetic_demo
L010968,2025-12-14,Construction,51-200,Supplier request,6.71,1,0,synthetic_demo
L011886,2025-12-14,Retail,51-200,Product enquiry,2.9,4,0,synthetic_demo
L010473,2025-12-14,Technology,51-200,Product enquiry,3.88,3,0,synthetic_demo
L009157,2025-12-14,Retail,1-50,Bulk order,2.91,1,0,synthetic_demo
L011455,2025-12-14,Technology,1-50,Product enquiry,7.21,1,0,synthetic_demo
L011668,2025-12-14,Construction,201-1000,Supplier request,40.52,0,0,synthetic_demo
L011495,2025-12-14,Technology,1-50,Product enquiry,33.11,3,0,synthetic_demo
L008582,2025-12-14,Retail,51-200,Bulk order,6.0,1,1,synthetic_demo
L006562,2025-12-14,Retail,201-1000,Supplier request,16.55,1,1,synthetic_demo
L003467,2025-12-14,Healthcare,1001+,Product enquiry,18.41,1,0,synthetic_demo
L006515,2025-12-14,Manufacturing,51-200,Supplier request,10.18,1,0,synthetic_demo
L006096,2025-12-14,Retail,1-50,Price quote,17.88,2,0,synthetic_demo
L002788,2025-12-15,Healthcare,1001+,Bulk order,7.06,2,0,synthetic_demo
L005817,2025-12-15,Retail,201-1000,Price quote,18.66,0,0,synthetic_demo
L008728,2025-12-15,Retail,51-200,Product enquiry,24.08,5,0,synthetic_demo
L008020,2025-12-15,Healthcare,51-200,Price quote,5.18,0,0,synthetic_demo
L005236,2025-12-15,Healthcare,1-50,Product enquiry,6.34,3,0,synthetic_demo
L005509,2025-12-15,Technology,201-1000,Supplier request,12.6,6,1,synthetic_demo
L006808,2025-12-15,Construction,1-50,Price quote,7.43,4,0,synthetic_demo
L000714,2025-12-15,Construction,51-200,Price quote,4.1,4,0,synthetic_demo
L005448,2025-12-15,Retail,1-50,Price quote,2.93,5,0,synthetic_demo
L006210,2025-12-15,Technology,1-50,Price quote,16.24,2,0,synthetic_demo
L009055,2025-12-15,Technology,1-50,Price quote,5.05,6,1,synthetic_demo
L010969,2025-12-15,Healthcare,1-50,Product enquiry,8.83,6,0,synthetic_demo
L010619,2025-12-15,Construction,1-50,Product enquiry,5.31,0,0,synthetic_demo
L008065,2025-12-15,Construction,51-200,Bulk order,10.81,2,0,synthetic_demo
L002882,2025-12-15,Manufacturing,201-1000,Product enquiry,10.71,1,0,synthetic_demo
L011028,2025-12-15,Technology,201-1000,Price quote,9.52,2,0,synthetic_demo
L007314,2025-12-15,Healthcare,201-1000,Supplier request,4.58,3,0,synthetic_demo
L004822,2025-12-15,Retail,1001+,Bulk order,4.21,4,1,synthetic_demo
L005720,2025-12-15,Manufacturing,51-200,Supplier request,19.44,0,0,synthetic_demo
L001010,2025-12-15,Retail,51-200,Supplier request,9.93,2,0,synthetic_demo
L007660,2025-12-15,Healthcare,1-50,Product enquiry,5.38,3,0,synthetic_demo
L011891,2025-12-15,Retail,51-200,Price quote,38.4,2,0,synthetic_demo
L000992,2025-12-15,Technology,51-200,Price quote,17.85,0,0,synthetic_demo
L000227,2025-12-15,Manufacturing,1-50,Bulk order,7.7,1,0,synthetic_demo
L004747,2025-12-15,Retail,1-50,Price quote,16.82,5,0,synthetic_demo
L001886,2025-12-15,Retail,51-200,Product enquiry,10.38,1,0,synthetic_demo
L008452,2025-12-15,Manufacturing,51-200,Supplier request,8.62,1,0,synthetic_demo
L010281,2025-12-16,Technology,201-1000,Price quote,14.77,0,0,synthetic_demo
L010123,2025-12-16,Manufacturing,201-1000,Bulk order,15.11,1,0,synthetic_demo
L009690,2025-12-16,Manufacturing,51-200,Price quote,7.33,1,0,synthetic_demo
L005752,2025-12-16,Retail,51-200,Product enquiry,7.26,3,0,synthetic_demo
L011168,2025-12-16,Construction,201-1000,Supplier request,4.37,3,1,synthetic_demo
L011416,2025-12-16,Technology,1-50,Bulk order,11.77,1,0,synthetic_demo
L010035,2025-12-16,Construction,51-200,Bulk order,1.22,2,1,synthetic_demo
L002640,2025-12-16,Manufacturing,1001+,Bulk order,8.73,3,0,synthetic_demo
L002573,2025-12-16,Technology,1-50,Product enquiry,24.09,2,0,synthetic_demo
L009419,2025-12-16,Healthcare,51-200,Product enquiry,8.97,2,0,synthetic_demo
L006364,2025-12-16,Manufacturing,51-200,Supplier request,5.36,2,0,synthetic_demo
L001970,2025-12-16,Healthcare,201-1000,Price quote,24.89,1,0,synthetic_demo
L004435,2025-12-16,Healthcare,1-50,Product enquiry,7.17,3,0,synthetic_demo
L005700,2025-12-16,Manufacturing,51-200,Product enquiry,17.11,4,0,synthetic_demo
L008048,2025-12-16,Construction,1-50,Product enquiry,12.2,1,0,synthetic_demo
L001175,2025-12-16,Healthcare,1-50,Product enquiry,18.71,0,0,synthetic_demo
L005981,2025-12-16,Healthcare,1001+,Bulk order,9.34,0,1,synthetic_demo
L005983,2025-12-16,Technology,1001+,Product enquiry,5.7,4,0,synthetic_demo
L007316,2025-12-16,Manufacturing,1-50,Product enquiry,24.42,1,0,synthetic_demo
L002083,2025-12-16,Technology,51-200,Bulk order,14.82,2,0,synthetic_demo
L007158,2025-12-16,Construction,201-1000,Bulk order,2.44,6,1,synthetic_demo
L004585,2025-12-16,Technology,1001+,Price quote,9.36,3,0,synthetic_demo
L004902,2025-12-16,Retail,1-50,Supplier request,5.39,2,0,synthetic_demo
L002997,2025-12-16,Technology,51-200,Supplier request,12.06,2,0,synthetic_demo
L010081,2025-12-16,Healthcare,201-1000,Product enquiry,7.59,1,0,synthetic_demo
L002298,2025-12-16,Manufacturing,51-200,Bulk order,4.92,5,0,synthetic_demo
L003217,2025-12-16,Retail,51-200,Supplier request,8.57,3,0,synthetic_demo
L008416,2025-12-16,Technology,201-1000,Supplier request,5.95,3,0,synthetic_demo
L008221,2025-12-16,Retail,1-50,Price quote,1.8,3,0,synthetic_demo
L001833,2025-12-16,Retail,51-200,Product enquiry,9.68,1,0,synthetic_demo
L002917,2025-12-17,Manufacturing,201-1000,Product enquiry,13.89,2,0,synthetic_demo
L008358,2025-12-17,Manufacturing,1001+,Bulk order,5.15,1,0,synthetic_demo
L003304,2025-12-17,Construction,1-50,Bulk order,14.31,5,1,synthetic_demo
L000230,2025-12-17,Manufacturing,51-200,Supplier request,17.41,2,1,synthetic_demo
L000722,2025-12-17,Retail,1-50,Product enquiry,6.26,3,0,synthetic_demo
L008988,2025-12-17,Construction,1-50,Supplier request,9.12,1,0,synthetic_demo
L011801,2025-12-17,Technology,201-1000,Product enquiry,2.42,0,0,synthetic_demo
L006024,2025-12-17,Construction,201-1000,Price quote,20.13,1,0,synthetic_demo
L011928,2025-12-17,Technology,1001+,Supplier request,4.58,6,1,synthetic_demo
L009066,2025-12-17,Healthcare,201-1000,Product enquiry,17.2,3,0,synthetic_demo
L009262,2025-12-17,Manufacturing,51-200,Price quote,2.9,0,0,synthetic_demo
L005437,2025-12-17,Technology,51-200,Bulk order,17.24,3,0,synthetic_demo
L008198,2025-12-17,Manufacturing,1-50,Supplier request,8.06,3,0,synthetic_demo
L002526,2025-12-17,Manufacturing,201-1000,Product enquiry,10.18,4,1,synthetic_demo
L003511,2025-12-17,Construction,1-50,Price quote,2.47,2,0,synthetic_demo
L005991,2025-12-17,Manufacturing,1-50,Bulk order,17.82,2,0,synthetic_demo
L011998,2025-12-17,Retail,201-1000,Product enquiry,1.6,1,0,synthetic_demo
L007512,2025-12-17,Healthcare,51-200,Product enquiry,11.92,2,0,synthetic_demo
L003623,2025-12-17,Retail,51-200,Supplier request,0.42,6,1,synthetic_demo
L011836,2025-12-17,Construction,51-200,Bulk order,3.21,3,0,synthetic_demo
L011220,2025-12-17,Technology,51-200,Product enquiry,10.59,3,0,synthetic_demo
L009015,2025-12-17,Construction,1001+,Product enquiry,2.59,1,0,synthetic_demo
L005054,2025-12-17,Manufacturing,1-50,Price quote,33.82,5,0,synthetic_demo
L007264,2025-12-17,Manufacturing,51-200,Product enquiry,6.2,1,0,synthetic_demo
L003986,2025-12-17,Manufacturing,1-50,Price quote,4.23,1,0,synthetic_demo
L011014,2025-12-17,Retail,201-1000,Supplier request,4.29,4,1,synthetic_demo
L009021,2025-12-17,Retail,201-1000,Supplier request,10.56,2,0,synthetic_demo
L009950,2025-12-17,Healthcare,201-1000,Price quote,15.05,4,0,synthetic_demo
L002843,2025-12-17,Retail,51-200,Price quote,13.12,6,0,synthetic_demo
L002299,2025-12-17,Manufacturing,1-50,Product enquiry,7.78,2,1,synthetic_demo
L002985,2025-12-17,Manufacturing,201-1000,Price quote,14.96,5,0,synthetic_demo
L010864,2025-12-17,Manufacturing,1-50,Product enquiry,5.05,1,0,synthetic_demo
L004972,2025-12-17,Manufacturing,1001+,Price quote,12.13,1,0,synthetic_demo
L007105,2025-12-18,Retail,1-50,Price quote,6.65,4,0,synthetic_demo
L005666,2025-12-18,Technology,1-50,Price quote,5.05,3,1,synthetic_demo
L006725,2025-12-18,Retail,1-50,Supplier request,8.4,1,0,synthetic_demo
L000174,2025-12-18,Construction,51-200,Product enquiry,6.47,5,1,synthetic_demo
L002902,2025-12-18,Construction,51-200,Bulk order,26.44,4,0,synthetic_demo
L001362,2025-12-18,Retail,1-50,Bulk order,22.36,5,1,synthetic_demo
L004206,2025-12-18,Technology,51-200,Bulk order,36.3,0,0,synthetic_demo
L000339,2025-12-18,Manufacturing,201-1000,Price quote,21.29,4,1,synthetic_demo
L003170,2025-12-18,Healthcare,201-1000,Bulk order,9.01,3,0,synthetic_demo
L002504,2025-12-18,Technology,1001+,Product enquiry,6.86,2,1,synthetic_demo
L010431,2025-12-18,Manufacturing,51-200,Price quote,5.61,1,0,synthetic_demo
L007039,2025-12-18,Construction,51-200,Product enquiry,12.4,2,0,synthetic_demo
L002452,2025-12-18,Technology,1001+,Price quote,26.25,1,0,synthetic_demo
L005784,2025-12-18,Construction,1001+,Product enquiry,14.14,1,0,synthetic_demo
L006271,2025-12-18,Retail,1-50,Product enquiry,16.13,2,0,synthetic_demo
L006507,2025-12-18,Construction,201-1000,Product enquiry,4.12,3,0,synthetic_demo
L002822,2025-12-18,Technology,51-200,Supplier request,12.76,3,0,synthetic_demo
L010209,2025-12-18,Manufacturing,1-50,Bulk order,23.43,1,0,synthetic_demo
L000929,2025-12-18,Healthcare,1-50,Product enquiry,6.62,2,0,synthetic_demo
L004353,2025-12-18,Technology,1-50,Bulk order,2.23,0,0,synthetic_demo
L001715,2025-12-18,Retail,201-1000,Supplier request,11.26,2,0,synthetic_demo
L007181,2025-12-18,Manufacturing,51-200,Supplier request,5.26,2,0,synthetic_demo
L010597,2025-12-18,Manufacturing,1-50,Price quote,2.85,5,0,synthetic_demo
L010202,2025-12-18,Technology,1001+,Price quote,14.37,2,0,synthetic_demo
L011537,2025-12-18,Healthcare,1-50,Price quote,13.07,0,0,synthetic_demo
L000699,2025-12-18,Technology,201-1000,Product enquiry,9.94,0,0,synthetic_demo
L002365,2025-12-18,Technology,1-50,Supplier request,5.25,1,0,synthetic_demo
L006940,2025-12-18,Retail,1001+,Product enquiry,13.13,2,0,synthetic_demo
L001462,2025-12-18,Healthcare,51-200,Price quote,21.14,1,0,synthetic_demo
L004917,2025-12-18,Technology,1-50,Product enquiry,5.56,0,0,synthetic_demo
L011628,2025-12-18,Construction,1-50,Product enquiry,5.58,4,1,synthetic_demo
L005558,2025-12-18,Retail,1001+,Bulk order,4.21,3,0,synthetic_demo
L001322,2025-12-18,Retail,1-50,Price quote,6.31,3,0,synthetic_demo
L010858,2025-12-18,Technology,201-1000,Product enquiry,19.29,1,0,synthetic_demo
L011963,2025-12-18,Technology,201-1000,Product enquiry,11.14,2,0,synthetic_demo
L004553,2025-12-18,Manufacturing,201-1000,Price quote,1.92,4,1,synthetic_demo
L002524,2025-12-18,Healthcare,201-1000,Price quote,3.82,2,1,synthetic_demo
L008209,2025-12-18,Healthcare,1-50,Product enquiry,13.31,1,0,synthetic_demo
L002553,2025-12-18,Healthcare,51-200,Price quote,21.95,3,0,synthetic_demo
L003600,2025-12-18,Retail,201-1000,Price quote,17.96,1,0,synthetic_demo
L009561,2025-12-18,Technology,1-50,Price quote,22.87,3,0,synthetic_demo
L010906,2025-12-18,Manufacturing,51-200,Price quote,9.26,3,1,synthetic_demo
L005399,2025-12-18,Technology,201-1000,Price quote,12.0,0,0,synthetic_demo
L000804,2025-12-18,Healthcare,1-50,Bulk order,17.94,2,1,synthetic_demo
L000771,2025-12-18,Manufacturing,51-200,Price quote,1.72,1,0,synthetic_demo
L011376,2025-12-19,Manufacturing,51-200,Bulk order,9.74,1,0,synthetic_demo
L004472,2025-12-19,Retail,201-1000,Supplier request,5.83,4,0,synthetic_demo
L006428,2025-12-19,Retail,1001+,Bulk order,11.03,4,0,synthetic_demo
L005645,2025-12-19,Healthcare,1-50,Supplier request,17.58,1,0,synthetic_demo
L007576,2025-12-19,Construction,1-50,Price quote,4.31,1,0,synthetic_demo
L003869,2025-12-19,Healthcare,51-200,Price quote,12.39,2,0,synthetic_demo
L003429,2025-12-19,Construction,1-50,Price quote,0.81,0,0,synthetic_demo
L007070,2025-12-19,Technology,51-200,Bulk order,14.4,2,0,synthetic_demo
L005035,2025-12-19,Healthcare,51-200,Supplier request,10.03,2,0,synthetic_demo
L002151,2025-12-19,Technology,1-50,Product enquiry,1.34,4,1,synthetic_demo
L007790,2025-12-19,Manufacturing,51-200,Product enquiry,7.34,2,0,synthetic_demo
L006212,2025-12-19,Technology,201-1000,Bulk order,8.47,0,0,synthetic_demo
L003976,2025-12-19,Manufacturing,201-1000,Supplier request,21.25,2,1,synthetic_demo
L008100,2025-12-19,Construction,51-200,Supplier request,10.9,2,0,synthetic_demo
L006520,2025-12-19,Retail,51-200,Bulk order,13.76,0,0,synthetic_demo
L008833,2025-12-19,Manufacturing,1-50,Bulk order,30.4,2,0,synthetic_demo
L011730,2025-12-19,Manufacturing,1-50,Price quote,6.32,3,0,synthetic_demo
L003054,2025-12-19,Technology,51-200,Price quote,10.22,5,0,synthetic_demo
L000690,2025-12-19,Healthcare,201-1000,Supplier request,17.53,0,0,synthetic_demo
L008717,2025-12-19,Manufacturing,51-200,Price quote,8.81,3,0,synthetic_demo
L000720,2025-12-19,Construction,1-50,Product enquiry,4.17,3,0,synthetic_demo
L009223,2025-12-19,Retail,1-50,Product enquiry,22.06,1,0,synthetic_demo
L000858,2025-12-19,Construction,1-50,Bulk order,12.14,1,0,synthetic_demo
L004054,2025-12-19,Retail,201-1000,Supplier request,8.77,0,0,synthetic_demo
L007330,2025-12-19,Retail,1001+,Bulk order,20.92,1,0,synthetic_demo
L010402,2025-12-19,Manufacturing,51-200,Product enquiry,10.08,3,0,synthetic_demo
L007384,2025-12-19,Manufacturing,201-1000,Supplier request,6.49,1,0,synthetic_demo
L000165,2025-12-19,Healthcare,1-50,Supplier request,8.96,3,0,synthetic_demo
L004142,2025-12-19,Healthcare,51-200,Bulk order,16.26,1,0,synthetic_demo
L002026,2025-12-19,Retail,51-200,Supplier request,9.53,1,0,synthetic_demo
L010534,2025-12-19,Technology,1-50,Price quote,10.75,3,0,synthetic_demo
L001565,2025-12-19,Technology,201-1000,Bulk order,12.87,1,0,synthetic_demo
L008144,2025-12-19,Retail,201-1000,Supplier request,3.87,1,0,synthetic_demo
L008880,2025-12-19,Healthcare,1-50,Price quote,11.8,1,1,synthetic_demo
L000892,2025-12-19,Construction,201-1000,Price quote,9.64,1,0,synthetic_demo
L008147,2025-12-19,Manufacturing,201-1000,Price quote,7.75,2,1,synthetic_demo
L001800,2025-12-19,Healthcare,51-200,Bulk order,15.8,0,0,synthetic_demo
L007827,2025-12-19,Technology,1001+,Product enquiry,15.42,6,0,synthetic_demo
L009484,2025-12-20,Healthcare,1-50,Price quote,9.59,3,0,synthetic_demo
L010351,2025-12-20,Manufacturing,1-50,Supplier request,11.11,1,0,synthetic_demo
L004420,2025-12-20,Healthcare,1-50,Bulk order,8.93,2,1,synthetic_demo
L000301,2025-12-20,Technology,1-50,Supplier request,20.78,5,0,synthetic_demo
L005530,2025-12-20,Technology,51-200,Supplier request,10.78,2,0,synthetic_demo
L003820,2025-12-20,Technology,201-1000,Bulk order,10.08,4,1,synthetic_demo
L011752,2025-12-20,Manufacturing,1-50,Bulk order,12.11,0,0,synthetic_demo
L004240,2025-12-20,Technology,1001+,Supplier request,4.13,0,1,synthetic_demo
L010874,2025-12-20,Manufacturing,201-1000,Bulk order,6.39,1,0,synthetic_demo
L008290,2025-12-20,Manufacturing,51-200,Price quote,1.71,2,0,synthetic_demo
L003146,2025-12-20,Healthcare,1-50,Bulk order,14.46,1,0,synthetic_demo
L004138,2025-12-20,Construction,1-50,Product enquiry,6.9,2,0,synthetic_demo
L003064,2025-12-20,Construction,1-50,Price quote,1.56,0,0,synthetic_demo
L009016,2025-12-20,Technology,51-200,Price quote,12.05,2,0,synthetic_demo
L006073,2025-12-20,Manufacturing,51-200,Product enquiry,6.59,2,0,synthetic_demo
L004165,2025-12-20,Healthcare,1-50,Supplier request,11.8,3,0,synthetic_demo
L006608,2025-12-20,Manufacturing,201-1000,Supplier request,5.32,1,1,synthetic_demo
L008466,2025-12-20,Healthcare,201-1000,Supplier request,2.9,4,0,synthetic_demo
L008778,2025-12-20,Technology,201-1000,Bulk order,11.17,1,0,synthetic_demo
L000011,2025-12-20,Retail,1001+,Price quote,39.35,3,0,synthetic_demo
L000314,2025-12-20,Retail,51-200,Bulk order,8.31,2,0,synthetic_demo
L003535,2025-12-20,Technology,201-1000,Supplier request,14.11,4,1,synthetic_demo
L001928,2025-12-20,Technology,51-200,Product enquiry,12.78,1,0,synthetic_demo
L011650,2025-12-20,Technology,1-50,Price quote,29.35,1,0,synthetic_demo
L010816,2025-12-20,Manufacturing,51-200,Product enquiry,7.88,1,1,synthetic_demo
L009454,2025-12-20,Technology,51-200,Product enquiry,9.09,3,0,synthetic_demo
L010856,2025-12-20,Retail,51-200,Price quote,9.39,3,0,synthetic_demo
L011859,2025-12-20,Healthcare,201-1000,Product enquiry,10.96,1,0,synthetic_demo
L005092,2025-12-20,Technology,1001+,Product enquiry,5.83,2,0,synthetic_demo
L008835,2025-12-20,Retail,1-50,Bulk order,13.27,1,0,synthetic_demo
L009364,2025-12-20,Healthcare,201-1000,Product enquiry,10.18,5,0,synthetic_demo
L008083,2025-12-20,Manufacturing,201-1000,Product enquiry,6.59,1,0,synthetic_demo
L011157,2025-12-20,Construction,1-50,Bulk order,14.46,3,0,synthetic_demo
L005868,2025-12-20,Technology,1-50,Product enquiry,14.59,2,0,synthetic_demo
L007254,2025-12-21,Healthcare,51-200,Supplier request,2.95,0,0,synthetic_demo
L007392,2025-12-21,Manufacturing,1-50,Price quote,17.49,3,0,synthetic_demo
L011687,2025-12-21,Manufacturing,1001+,Product enquiry,17.03,4,0,synthetic_demo
L001867,2025-12-21,Construction,51-200,Supplier request,6.3,3,1,synthetic_demo
L003396,2025-12-21,Construction,1001+,Product enquiry,16.06,3,0,synthetic_demo
L003273,2025-12-21,Healthcare,1-50,Bulk order,16.11,2,1,synthetic_demo
L001834,2025-12-21,Manufacturing,201-1000,Product enquiry,12.37,2,0,synthetic_demo
L006831,2025-12-21,Healthcare,1001+,Bulk order,2.51,1,0,synthetic_demo
L008760,2025-12-21,Manufacturing,1-50,Price quote,14.96,2,0,synthetic_demo
L003268,2025-12-21,Technology,1-50,Product enquiry,13.93,3,0,synthetic_demo
L003771,2025-12-21,Construction,1001+,Bulk order,16.83,4,1,synthetic_demo
L002701,2025-12-21,Technology,1001+,Product enquiry,16.43,1,0,synthetic_demo
L000735,2025-12-21,Manufacturing,201-1000,Bulk order,15.28,1,0,synthetic_demo
L011903,2025-12-21,Retail,1-50,Product enquiry,18.15,0,0,synthetic_demo
L011073,2025-12-21,Construction,51-200,Supplier request,10.08,1,0,synthetic_demo
L004857,2025-12-21,Retail,1-50,Bulk order,5.03,3,0,synthetic_demo
L006088,2025-12-21,Manufacturing,1001+,Supplier request,24.88,4,0,synthetic_demo
L011080,2025-12-21,Technology,1-50,Bulk order,5.31,1,1,synthetic_demo
L004535,2025-12-21,Healthcare,1-50,Price quote,19.47,5,1,synthetic_demo
L000256,2025-12-21,Technology,1001+,Supplier request,3.39,5,1,synthetic_demo
L008143,2025-12-21,Retail,51-200,Product enquiry,23.66,1,0,synthetic_demo
L003573,2025-12-21,Retail,1-50,Bulk order,30.34,4,0,synthetic_demo
L002485,2025-12-21,Technology,51-200,Product enquiry,24.46,2,0,synthetic_demo
L011280,2025-12-21,Retail,1-50,Supplier request,5.43,1,0,synthetic_demo
L009764,2025-12-21,Retail,1-50,Supplier request,26.99,1,0,synthetic_demo
L010683,2025-12-21,Technology,51-200,Product enquiry,5.56,3,0,synthetic_demo
L002865,2025-12-22,Retail,1-50,Bulk order,3.27,3,0,synthetic_demo
L000171,2025-12-22,Retail,51-200,Bulk order,6.41,0,0,synthetic_demo
L001848,2025-12-22,Healthcare,1-50,Price quote,20.0,4,0,synthetic_demo
L010888,2025-12-22,Technology,1-50,Price quote,22.0,4,0,synthetic_demo
L011276,2025-12-22,Retail,1-50,Bulk order,11.59,4,0,synthetic_demo
L004941,2025-12-22,Construction,201-1000,Bulk order,11.68,3,0,synthetic_demo
L001144,2025-12-22,Technology,201-1000,Supplier request,3.64,5,1,synthetic_demo
L007954,2025-12-22,Manufacturing,1001+,Product enquiry,5.62,2,0,synthetic_demo
L006185,2025-12-22,Manufacturing,201-1000,Product enquiry,7.08,3,1,synthetic_demo
L002757,2025-12-22,Construction,1-50,Product enquiry,4.26,1,0,synthetic_demo
L008882,2025-12-22,Construction,51-200,Bulk order,11.36,2,0,synthetic_demo
L003156,2025-12-22,Retail,201-1000,Price quote,11.34,2,1,synthetic_demo
L011090,2025-12-22,Healthcare,1-50,Price quote,3.47,0,0,synthetic_demo
L005921,2025-12-22,Retail,1-50,Product enquiry,2.15,4,0,synthetic_demo
L009092,2025-12-22,Healthcare,1001+,Product enquiry,14.25,1,0,synthetic_demo
L001992,2025-12-22,Technology,1-50,Supplier request,11.26,0,0,synthetic_demo
L001066,2025-12-22,Construction,1-50,Bulk order,10.78,1,0,synthetic_demo
L002684,2025-12-22,Healthcare,201-1000,Bulk order,5.94,3,0,synthetic_demo
L009313,2025-12-22,Manufacturing,201-1000,Price quote,15.76,0,0,synthetic_demo
L011838,2025-12-22,Construction,201-1000,Bulk order,22.07,3,0,synthetic_demo
L007832,2025-12-22,Technology,1001+,Price quote,5.17,1,0,synthetic_demo
L002255,2025-12-22,Construction,1001+,Price quote,8.37,0,1,synthetic_demo
L005073,2025-12-22,Retail,1-50,Price quote,3.3,2,0,synthetic_demo
L011427,2025-12-22,Technology,1-50,Bulk order,5.87,2,0,synthetic_demo
L005115,2025-12-22,Manufacturing,1-50,Price quote,12.36,3,0,synthetic_demo
L006026,2025-12-22,Construction,1001+,Price quote,5.48,4,0,synthetic_demo
L000836,2025-12-22,Healthcare,1-50,Supplier request,23.1,2,0,synthetic_demo
L001366,2025-12-22,Healthcare,1-50,Supplier request,0.29,3,0,synthetic_demo
L002020,2025-12-22,Retail,201-1000,Product enquiry,9.01,2,0,synthetic_demo
L005565,2025-12-22,Construction,51-200,Product enquiry,8.25,1,0,synthetic_demo
L000950,2025-12-22,Retail,201-1000,Product enquiry,23.47,2,0,synthetic_demo
L011728,2025-12-22,Technology,1-50,Bulk order,0.97,1,0,synthetic_demo
L007151,2025-12-23,Healthcare,51-200,Product enquiry,7.58,1,0,synthetic_demo
L002319,2025-12-23,Healthcare,201-1000,Product enquiry,4.8,0,0,synthetic_demo
L002887,2025-12-23,Manufacturing,51-200,Bulk order,4.72,1,0,synthetic_demo
L006359,2025-12-23,Healthcare,1-50,Product enquiry,11.09,3,1,synthetic_demo
L003811,2025-12-23,Healthcare,201-1000,Supplier request,16.83,2,0,synthetic_demo
L003058,2025-12-23,Manufacturing,201-1000,Product enquiry,14.27,3,0,synthetic_demo
L010881,2025-12-23,Manufacturing,51-200,Price quote,16.76,2,0,synthetic_demo
L002961,2025-12-23,Technology,1-50,Supplier request,8.33,1,0,synthetic_demo
L007338,2025-12-23,Retail,1001+,Product enquiry,7.86,2,0,synthetic_demo
L007418,2025-12-23,Construction,1-50,Bulk order,13.95,2,0,synthetic_demo
L011065,2025-12-23,Manufacturing,1-50,Price quote,4.64,4,0,synthetic_demo
L011359,2025-12-23,Manufacturing,51-200,Product enquiry,22.75,2,0,synthetic_demo
L005403,2025-12-23,Retail,51-200,Supplier request,10.96,2,0,synthetic_demo
L004245,2025-12-23,Technology,1-50,Bulk order,12.8,4,0,synthetic_demo
L002171,2025-12-23,Retail,201-1000,Bulk order,15.42,3,0,synthetic_demo
L004676,2025-12-23,Manufacturing,1001+,Price quote,5.16,0,0,synthetic_demo
L010684,2025-12-23,Technology,1-50,Bulk order,22.5,0,0,synthetic_demo
L004203,2025-12-23,Manufacturing,51-200,Supplier request,15.89,1,0,synthetic_demo
L006923,2025-12-23,Retail,1001+,Price quote,5.04,0,0,synthetic_demo
L003105,2025-12-23,Healthcare,51-200,Product enquiry,3.0,1,0,synthetic_demo
L001290,2025-12-23,Healthcare,1001+,Price quote,6.21,6,0,synthetic_demo
L003860,2025-12-23,Manufacturing,1001+,Product enquiry,7.87,0,0,synthetic_demo
L000997,2025-12-23,Healthcare,1001+,Bulk order,4.18,2,1,synthetic_demo
L001837,2025-12-23,Manufacturing,201-1000,Bulk order,12.27,1,0,synthetic_demo
L011584,2025-12-23,Retail,51-200,Supplier request,6.78,1,0,synthetic_demo
L006655,2025-12-23,Healthcare,1001+,Supplier request,8.15,2,0,synthetic_demo
L003950,2025-12-23,Retail,201-1000,Product enquiry,8.02,1,0,synthetic_demo
L001126,2025-12-23,Healthcare,1-50,Product enquiry,11.46,3,0,synthetic_demo
L011251,2025-12-23,Retail,51-200,Product enquiry,7.18,1,0,synthetic_demo
L011538,2025-12-23,Manufacturing,1-50,Bulk order,14.51,1,0,synthetic_demo
L002411,2025-12-23,Technology,51-200,Bulk order,5.23,7,0,synthetic_demo
L002804,2025-12-23,Healthcare,1-50,Price quote,1.64,4,1,synthetic_demo
L007497,2025-12-23,Retail,1-50,Product enquiry,8.16,2,0,synthetic_demo
L006735,2025-12-23,Manufacturing,1001+,Product enquiry,6.05,4,0,synthetic_demo
L009222,2025-12-23,Retail,1-50,Price quote,8.21,2,0,synthetic_demo
L007345,2025-12-23,Retail,201-1000,Product enquiry,6.97,0,0,synthetic_demo
L005951,2025-12-23,Retail,1001+,Bulk order,17.59,1,1,synthetic_demo
L010654,2025-12-24,Manufacturing,51-200,Product enquiry,18.54,3,0,synthetic_demo
L010909,2025-12-24,Technology,1-50,Bulk order,26.65,2,0,synthetic_demo
L005022,2025-12-24,Technology,1-50,Price quote,8.57,2,0,synthetic_demo
L000575,2025-12-24,Construction,51-200,Product enquiry,14.91,0,0,synthetic_demo
L009019,2025-12-24,Technology,51-200,Bulk order,3.25,0,0,synthetic_demo
L008509,2025-12-24,Construction,201-1000,Product enquiry,30.94,2,0,synthetic_demo
L005116,2025-12-24,Construction,201-1000,Price quote,8.06,1,0,synthetic_demo
L010398,2025-12-24,Retail,201-1000,Product enquiry,15.62,2,1,synthetic_demo
L008017,2025-12-24,Technology,51-200,Product enquiry,5.03,4,0,synthetic_demo
L009549,2025-12-24,Healthcare,51-200,Product enquiry,4.57,2,0,synthetic_demo
L001542,2025-12-24,Manufacturing,1001+,Price quote,5.32,1,0,synthetic_demo
L002321,2025-12-24,Manufacturing,51-200,Price quote,6.41,0,0,synthetic_demo
L008665,2025-12-24,Manufacturing,1001+,Price quote,10.45,1,0,synthetic_demo
L002851,2025-12-24,Retail,51-200,Bulk order,3.32,1,0,synthetic_demo
L010651,2025-12-24,Technology,201-1000,Price quote,3.91,1,0,synthetic_demo
L003197,2025-12-24,Healthcare,1001+,Bulk order,1.72,1,0,synthetic_demo
L008727,2025-12-24,Construction,51-200,Product enquiry,10.73,1,0,synthetic_demo
L005341,2025-12-24,Retail,51-200,Bulk order,8.31,0,0,synthetic_demo
L004104,2025-12-24,Retail,51-200,Product enquiry,7.49,3,0,synthetic_demo
L001372,2025-12-24,Construction,51-200,Product enquiry,1.51,4,0,synthetic_demo
L000579,2025-12-24,Construction,1-50,Product enquiry,6.06,1,0,synthetic_demo
L004681,2025-12-24,Construction,1-50,Price quote,24.91,3,0,synthetic_demo
L007346,2025-12-24,Healthcare,51-200,Product enquiry,0.48,2,0,synthetic_demo
L007687,2025-12-24,Healthcare,51-200,Price quote,5.39,2,0,synthetic_demo
L001835,2025-12-24,Manufacturing,201-1000,Supplier request,8.7,1,0,synthetic_demo
L005936,2025-12-24,Healthcare,51-200,Supplier request,12.5,2,0,synthetic_demo
L010763,2025-12-24,Manufacturing,201-1000,Product enquiry,16.94,3,0,synthetic_demo
L006919,2025-12-24,Retail,1-50,Price quote,2.33,2,0,synthetic_demo
L003848,2025-12-25,Technology,1-50,Price quote,5.03,1,0,synthetic_demo
L007682,2025-12-25,Technology,1001+,Product enquiry,10.46,4,0,synthetic_demo
L009392,2025-12-25,Technology,201-1000,Supplier request,4.14,2,0,synthetic_demo
L003759,2025-12-25,Construction,201-1000,Supplier request,6.69,1,0,synthetic_demo
L005764,2025-12-25,Construction,51-200,Product enquiry,5.64,1,1,synthetic_demo
L002233,2025-12-25,Manufacturing,201-1000,Supplier request,17.5,2,0,synthetic_demo
L005257,2025-12-25,Healthcare,51-200,Product enquiry,11.73,2,0,synthetic_demo
L000412,2025-12-25,Technology,201-1000,Bulk order,7.03,1,0,synthetic_demo
L004637,2025-12-25,Retail,1001+,Price quote,9.1,2,0,synthetic_demo
L011673,2025-12-25,Retail,201-1000,Bulk order,21.05,2,0,synthetic_demo
L003110,2025-12-25,Construction,201-1000,Bulk order,11.65,2,1,synthetic_demo
L003252,2025-12-25,Healthcare,1-50,Price quote,4.19,1,0,synthetic_demo
L009892,2025-12-25,Healthcare,201-1000,Bulk order,20.2,0,0,synthetic_demo
L002339,2025-12-25,Healthcare,51-200,Bulk order,10.96,1,0,synthetic_demo
L005668,2025-12-25,Construction,51-200,Supplier request,6.76,0,0,synthetic_demo
L011492,2025-12-25,Manufacturing,51-200,Product enquiry,21.97,1,0,synthetic_demo
L009525,2025-12-25,Manufacturing,201-1000,Product enquiry,11.34,2,0,synthetic_demo
L008967,2025-12-25,Healthcare,51-200,Bulk order,13.13,2,1,synthetic_demo
L006966,2025-12-25,Healthcare,1001+,Supplier request,5.03,4,0,synthetic_demo
L006335,2025-12-25,Technology,1-50,Bulk order,10.67,1,0,synthetic_demo
L011366,2025-12-25,Construction,201-1000,Product enquiry,19.27,0,0,synthetic_demo
L005971,2025-12-25,Retail,201-1000,Bulk order,2.93,2,0,synthetic_demo
L001360,2025-12-25,Manufacturing,1-50,Product enquiry,8.57,4,1,synthetic_demo
L009910,2025-12-25,Construction,1-50,Supplier request,12.03,5,0,synthetic_demo
L004491,2025-12-25,Healthcare,51-200,Bulk order,9.22,6,1,synthetic_demo
L009311,2025-12-25,Manufacturing,1001+,Bulk order,9.31,2,0,synthetic_demo
L010124,2025-12-25,Manufacturing,1-50,Product enquiry,26.16,1,0,synthetic_demo
L005925,2025-12-25,Healthcare,1001+,Price quote,7.51,5,1,synthetic_demo
L010755,2025-12-26,Healthcare,1-50,Price quote,9.58,4,0,synthetic_demo
L002249,2025-12-26,Retail,1-50,Product enquiry,1.59,1,0,synthetic_demo
L000290,2025-12-26,Manufacturing,51-200,Product enquiry,32.44,0,0,synthetic_demo
L002236,2025-12-26,Construction,51-200,Bulk order,1.85,0,0,synthetic_demo
L008929,2025-12-26,Retail,51-200,Bulk order,2.87,3,0,synthetic_demo
L003187,2025-12-26,Technology,1-50,Supplier request,2.73,2,0,synthetic_demo
L011415,2025-12-26,Construction,201-1000,Product enquiry,9.95,2,1,synthetic_demo
L001878,2025-12-26,Retail,1-50,Product enquiry,19.37,6,1,synthetic_demo
L003953,2025-12-26,Construction,51-200,Price quote,7.63,3,0,synthetic_demo
L002972,2025-12-26,Technology,201-1000,Price quote,5.02,0,0,synthetic_demo
L001993,2025-12-26,Retail,51-200,Bulk order,12.26,3,1,synthetic_demo
L002501,2025-12-26,Manufacturing,1-50,Price quote,6.42,2,0,synthetic_demo
L001675,2025-12-26,Technology,51-200,Product enquiry,14.35,3,1,synthetic_demo
L009896,2025-12-26,Technology,201-1000,Supplier request,4.69,3,0,synthetic_demo
L009239,2025-12-26,Technology,51-200,Price quote,8.38,5,0,synthetic_demo
L011519,2025-12-26,Manufacturing,51-200,Price quote,16.48,2,0,synthetic_demo
L003029,2025-12-26,Healthcare,201-1000,Bulk order,0.88,0,0,synthetic_demo
L011383,2025-12-26,Retail,51-200,Price quote,1.77,3,0,synthetic_demo
L002802,2025-12-26,Healthcare,201-1000,Bulk order,4.12,4,0,synthetic_demo
L007365,2025-12-26,Manufacturing,1-50,Price quote,6.39,2,0,synthetic_demo
L011994,2025-12-26,Retail,51-200,Product enquiry,14.0,3,0,synthetic_demo
L008339,2025-12-26,Retail,51-200,Price quote,5.16,2,0,synthetic_demo
L010662,2025-12-26,Technology,51-200,Supplier request,19.6,2,1,synthetic_demo
L009961,2025-12-26,Retail,1-50,Product enquiry,12.3,2,1,synthetic_demo
L002262,2025-12-26,Construction,51-200,Supplier request,16.4,1,0,synthetic_demo
L005292,2025-12-26,Retail,1-50,Product enquiry,14.66,1,0,synthetic_demo
L003411,2025-12-26,Technology,1001+,Bulk order,6.12,0,0,synthetic_demo
L004371,2025-12-26,Retail,51-200,Supplier request,9.72,1,0,synthetic_demo
L004758,2025-12-26,Construction,51-200,Product enquiry,9.93,0,0,synthetic_demo
L001884,2025-12-26,Technology,51-200,Price quote,2.17,3,0,synthetic_demo
L005026,2025-12-26,Healthcare,1-50,Bulk order,22.71,2,0,synthetic_demo
L001076,2025-12-26,Retail,201-1000,Supplier request,9.6,4,0,synthetic_demo
L001590,2025-12-26,Manufacturing,51-200,Product enquiry,12.61,1,0,synthetic_demo
L005357,2025-12-26,Healthcare,51-200,Price quote,4.18,0,0,synthetic_demo
L008598,2025-12-26,Healthcare,51-200,Bulk order,20.69,0,0,synthetic_demo
L003272,2025-12-26,Healthcare,201-1000,Product enquiry,16.75,1,0,synthetic_demo
L009355,2025-12-26,Technology,1-50,Supplier request,16.14,3,1,synthetic_demo
L006241,2025-12-26,Healthcare,51-200,Product enquiry,3.44,3,0,synthetic_demo
L011541,2025-12-26,Technology,1001+,Price quote,1.49,2,0,synthetic_demo
L002733,2025-12-26,Healthcare,1-50,Product enquiry,1.62,1,0,synthetic_demo
L010782,2025-12-26,Healthcare,1-50,Price quote,29.69,2,0,synthetic_demo
L001215,2025-12-26,Retail,201-1000,Product enquiry,2.03,6,1,synthetic_demo
L010468,2025-12-27,Manufacturing,1-50,Price quote,6.45,1,0,synthetic_demo
L001606,2025-12-27,Retail,201-1000,Bulk order,22.74,3,1,synthetic_demo
L010498,2025-12-27,Technology,201-1000,Product enquiry,8.5,1,0,synthetic_demo
L006463,2025-12-27,Technology,51-200,Product enquiry,15.13,4,0,synthetic_demo
L005153,2025-12-27,Retail,201-1000,Product enquiry,5.12,2,0,synthetic_demo
L004182,2025-12-27,Manufacturing,201-1000,Product enquiry,9.34,4,0,synthetic_demo
L006474,2025-12-27,Healthcare,51-200,Product enquiry,12.9,0,0,synthetic_demo
L010377,2025-12-27,Healthcare,51-200,Supplier request,7.09,3,0,synthetic_demo
L011879,2025-12-27,Manufacturing,201-1000,Price quote,10.53,2,0,synthetic_demo
L007897,2025-12-27,Healthcare,201-1000,Bulk order,14.6,2,0,synthetic_demo
L008901,2025-12-27,Manufacturing,51-200,Product enquiry,4.45,3,0,synthetic_demo
L008974,2025-12-27,Manufacturing,51-200,Bulk order,4.71,4,0,synthetic_demo
L004434,2025-12-27,Retail,1001+,Price quote,5.38,2,0,synthetic_demo
L009670,2025-12-27,Construction,51-200,Supplier request,21.56,1,0,synthetic_demo
L011473,2025-12-27,Manufacturing,1001+,Product enquiry,22.15,0,0,synthetic_demo
L009912,2025-12-27,Healthcare,201-1000,Bulk order,21.84,2,1,synthetic_demo
L001517,2025-12-27,Manufacturing,51-200,Price quote,12.39,0,0,synthetic_demo
L009297,2025-12-27,Manufacturing,51-200,Product enquiry,2.05,2,0,synthetic_demo
L011721,2025-12-27,Manufacturing,51-200,Product enquiry,6.35,3,0,synthetic_demo
L003872,2025-12-27,Manufacturing,1001+,Supplier request,6.27,1,0,synthetic_demo
L002005,2025-12-27,Manufacturing,1-50,Supplier request,29.95,4,0,synthetic_demo
L007013,2025-12-27,Manufacturing,51-200,Product enquiry,18.93,4,0,synthetic_demo
L005924,2025-12-27,Retail,51-200,Price quote,6.57,1,0,synthetic_demo
L007469,2025-12-27,Technology,201-1000,Price quote,33.19,2,0,synthetic_demo
L005826,2025-12-27,Manufacturing,1001+,Product enquiry,7.81,3,1,synthetic_demo
L009047,2025-12-27,Manufacturing,51-200,Product enquiry,19.07,1,0,synthetic_demo
L005478,2025-12-27,Retail,51-200,Product enquiry,15.61,4,0,synthetic_demo
L005393,2025-12-27,Construction,51-200,Price quote,7.71,3,0,synthetic_demo
L011762,2025-12-28,Retail,51-200,Price quote,4.6,0,0,synthetic_demo
L000318,2025-12-28,Technology,51-200,Product enquiry,4.14,1,0,synthetic_demo
L003301,2025-12-28,Construction,1-50,Bulk order,16.48,1,0,synthetic_demo
L004891,2025-12-28,Manufacturing,1-50,Supplier request,2.91,3,1,synthetic_demo
L001620,2025-12-28,Manufacturing,201-1000,Product enquiry,9.17,2,0,synthetic_demo
L008584,2025-12-28,Manufacturing,1-50,Price quote,27.07,2,0,synthetic_demo
L011943,2025-12-28,Manufacturing,1-50,Price quote,2.63,3,1,synthetic_demo
L009252,2025-12-28,Retail,51-200,Bulk order,4.17,5,1,synthetic_demo
L004372,2025-12-28,Manufacturing,201-1000,Price quote,7.74,1,0,synthetic_demo
L009436,2025-12-28,Healthcare,201-1000,Supplier request,6.81,3,0,synthetic_demo
L001611,2025-12-28,Manufacturing,1001+,Price quote,11.28,2,0,synthetic_demo
L006441,2025-12-28,Healthcare,1001+,Supplier request,8.05,1,0,synthetic_demo
L003287,2025-12-28,Healthcare,1001+,Bulk order,12.36,6,1,synthetic_demo
L000891,2025-12-28,Retail,201-1000,Product enquiry,6.01,1,1,synthetic_demo
L002842,2025-12-28,Retail,51-200,Bulk order,12.64,4,0,synthetic_demo
L002098,2025-12-28,Healthcare,1-50,Product enquiry,12.56,1,0,synthetic_demo
L005228,2025-12-28,Manufacturing,51-200,Bulk order,6.99,4,0,synthetic_demo
L007951,2025-12-28,Technology,201-1000,Product enquiry,6.87,1,0,synthetic_demo
L009585,2025-12-28,Technology,1-50,Bulk order,5.76,2,0,synthetic_demo
L010211,2025-12-28,Manufacturing,1-50,Bulk order,7.22,4,0,synthetic_demo
L001877,2025-12-28,Manufacturing,1-50,Price quote,0.98,3,0,synthetic_demo
L011424,2025-12-28,Manufacturing,51-200,Product enquiry,4.89,4,1,synthetic_demo
L005471,2025-12-28,Healthcare,1001+,Price quote,5.38,1,0,synthetic_demo
L008012,2025-12-28,Technology,201-1000,Bulk order,4.14,1,0,synthetic_demo
L003557,2025-12-28,Healthcare,201-1000,Product enquiry,16.66,2,0,synthetic_demo
L008458,2025-12-28,Construction,201-1000,Price quote,9.26,1,0,synthetic_demo
L011110,2025-12-28,Retail,1-50,Supplier request,12.66,2,0,synthetic_demo
L011931,2025-12-29,Technology,201-1000,Supplier request,0.37,5,1,synthetic_demo
L004715,2025-12-29,Healthcare,1-50,Price quote,8.76,4,0,synthetic_demo
L011328,2025-12-29,Manufacturing,1-50,Product enquiry,13.34,1,0,synthetic_demo
L003607,2025-12-29,Manufacturing,1-50,Product enquiry,27.04,2,0,synthetic_demo
L000436,2025-12-29,Manufacturing,51-200,Price quote,4.2,1,0,synthetic_demo
L000341,2025-12-29,Manufacturing,51-200,Price quote,13.97,3,1,synthetic_demo
L007912,2025-12-29,Manufacturing,51-200,Bulk order,16.88,3,1,synthetic_demo
L007298,2025-12-29,Manufacturing,51-200,Price quote,19.33,4,0,synthetic_demo
L006980,2025-12-29,Technology,201-1000,Bulk order,14.54,3,0,synthetic_demo
L004164,2025-12-29,Retail,1-50,Price quote,8.61,2,0,synthetic_demo
L002646,2025-12-29,Construction,1001+,Supplier request,5.06,0,0,synthetic_demo
L000908,2025-12-29,Manufacturing,201-1000,Supplier request,16.44,2,0,synthetic_demo
L010957,2025-12-29,Construction,201-1000,Bulk order,4.74,0,1,synthetic_demo
L001669,2025-12-29,Manufacturing,201-1000,Price quote,6.82,2,0,synthetic_demo
L006979,2025-12-29,Technology,1-50,Bulk order,2.41,1,0,synthetic_demo
L008481,2025-12-29,Manufacturing,51-200,Product enquiry,17.67,3,0,synthetic_demo
L005903,2025-12-29,Manufacturing,1001+,Product enquiry,4.58,1,1,synthetic_demo
L008195,2025-12-29,Construction,51-200,Price quote,14.4,4,0,synthetic_demo
L007491,2025-12-29,Construction,51-200,Supplier request,6.36,1,0,synthetic_demo
L009350,2025-12-29,Manufacturing,1-50,Product enquiry,4.87,5,1,synthetic_demo
L009669,2025-12-29,Construction,1-50,Supplier request,1.84,1,1,synthetic_demo
L010543,2025-12-29,Manufacturing,51-200,Price quote,2.99,2,0,synthetic_demo
L008846,2025-12-29,Healthcare,201-1000,Price quote,11.67,2,0,synthetic_demo
L001506,2025-12-29,Healthcare,201-1000,Product enquiry,27.16,0,0,synthetic_demo
L004726,2025-12-29,Retail,51-200,Supplier request,3.58,5,0,synthetic_demo
L004651,2025-12-29,Technology,1-50,Price quote,14.46,0,0,synthetic_demo
L010854,2025-12-29,Technology,51-200,Product enquiry,5.43,2,0,synthetic_demo
L001915,2025-12-29,Manufacturing,1001+,Product enquiry,10.98,5,1,synthetic_demo
L011133,2025-12-29,Manufacturing,201-1000,Product enquiry,12.42,3,1,synthetic_demo
L010944,2025-12-29,Retail,51-200,Price quote,10.79,3,0,synthetic_demo
L008822,2025-12-29,Retail,1-50,Product enquiry,12.47,3,1,synthetic_demo
L004471,2025-12-29,Construction,51-200,Product enquiry,5.55,5,1,synthetic_demo
L002217,2025-12-29,Manufacturing,1001+,Bulk order,29.53,0,0,synthetic_demo
L003934,2025-12-29,Manufacturing,1001+,Product enquiry,18.56,0,0,synthetic_demo
L002920,2025-12-29,Technology,51-200,Price quote,15.83,1,0,synthetic_demo
L003178,2025-12-29,Retail,1-50,Product enquiry,10.1,0,0,synthetic_demo
L007946,2025-12-29,Manufacturing,201-1000,Bulk order,5.63,4,1,synthetic_demo
L000371,2025-12-29,Technology,1001+,Product enquiry,8.51,2,0,synthetic_demo
L003747,2025-12-29,Manufacturing,51-200,Bulk order,6.06,0,0,synthetic_demo
L004363,2025-12-29,Technology,1001+,Product enquiry,10.92,6,0,synthetic_demo
L005799,2025-12-29,Technology,1-50,Bulk order,4.86,3,0,synthetic_demo
L005580,2025-12-29,Technology,51-200,Bulk order,11.96,0,0,synthetic_demo
L010315,2025-12-29,Technology,51-200,Product enquiry,9.91,1,0,synthetic_demo
L005404,2025-12-29,Manufacturing,1-50,Price quote,8.02,1,0,synthetic_demo
L005301,2025-12-29,Healthcare,1-50,Product enquiry,7.9,1,0,synthetic_demo
L009219,2025-12-30,Technology,201-1000,Supplier request,6.97,1,0,synthetic_demo
L002498,2025-12-30,Manufacturing,1-50,Price quote,10.77,1,1,synthetic_demo
L002619,2025-12-30,Technology,51-200,Price quote,1.74,1,0,synthetic_demo
L001741,2025-12-30,Manufacturing,51-200,Product enquiry,8.77,2,0,synthetic_demo
L008265,2025-12-30,Technology,201-1000,Product enquiry,13.69,4,0,synthetic_demo
L010513,2025-12-30,Manufacturing,51-200,Product enquiry,10.26,3,0,synthetic_demo
L001259,2025-12-30,Healthcare,1-50,Supplier request,5.99,0,0,synthetic_demo
L007764,2025-12-30,Retail,201-1000,Price quote,1.0,1,0,synthetic_demo
L009040,2025-12-30,Manufacturing,51-200,Bulk order,11.45,2,0,synthetic_demo
L003746,2025-12-30,Technology,1-50,Bulk order,9.52,0,0,synthetic_demo
L005698,2025-12-30,Construction,201-1000,Price quote,29.92,3,0,synthetic_demo
L004860,2025-12-30,Retail,201-1000,Supplier request,15.75,1,0,synthetic_demo
L007159,2025-12-30,Manufacturing,1-50,Bulk order,12.54,4,0,synthetic_demo
L005353,2025-12-30,Technology,51-200,Supplier request,22.35,2,0,synthetic_demo
L009513,2025-12-30,Manufacturing,1001+,Bulk order,2.21,1,0,synthetic_demo
L009825,2025-12-30,Retail,1-50,Supplier request,10.79,1,0,synthetic_demo
L001793,2025-12-30,Manufacturing,1-50,Bulk order,7.73,2,0,synthetic_demo
L003596,2025-12-30,Construction,1-50,Product enquiry,7.13,1,0,synthetic_demo
L005397,2025-12-30,Retail,1-50,Price quote,5.88,5,0,synthetic_demo
L003503,2025-12-30,Manufacturing,51-200,Bulk order,5.81,4,1,synthetic_demo
L007449,2025-12-30,Retail,1001+,Bulk order,26.11,4,0,synthetic_demo
L000416,2025-12-30,Manufacturing,1001+,Bulk order,9.14,5,1,synthetic_demo
L011585,2025-12-30,Construction,1-50,Bulk order,15.41,2,0,synthetic_demo
L007841,2025-12-30,Construction,1-50,Price quote,3.93,2,0,synthetic_demo
L009192,2025-12-30,Retail,201-1000,Product enquiry,8.62,2,0,synthetic_demo
L009891,2025-12-30,Healthcare,1-50,Product enquiry,6.4,1,0,synthetic_demo
L003045,2025-12-30,Technology,51-200,Supplier request,11.31,3,0,synthetic_demo
L000374,2025-12-30,Retail,1-50,Product enquiry,0.81,3,1,synthetic_demo
L006714,2025-12-30,Healthcare,51-200,Bulk order,7.48,2,0,synthetic_demo
L005563,2025-12-30,Manufacturing,1001+,Price quote,10.65,4,0,synthetic_demo
L008499,2025-12-30,Healthcare,1-50,Price quote,9.08,2,1,synthetic_demo
L001648,2025-12-30,Technology,201-1000,Bulk order,9.96,1,0,synthetic_demo
L007023,2025-12-30,Retail,201-1000,Price quote,9.71,3,0,synthetic_demo
L011306,2025-12-30,Healthcare,201-1000,Supplier request,6.09,6,1,synthetic_demo
L010622,2025-12-30,Retail,1-50,Supplier request,11.81,2,0,synthetic_demo
L010588,2025-12-30,Construction,51-200,Product enquiry,12.75,2,0,synthetic_demo
L002189,2025-12-30,Manufacturing,201-1000,Bulk order,39.77,2,0,synthetic_demo
L005335,2025-12-31,Retail,1-50,Supplier request,7.6,4,0,synthetic_demo
L006315,2025-12-31,Technology,1-50,Product enquiry,3.07,5,0,synthetic_demo
L008205,2025-12-31,Retail,51-200,Supplier request,12.11,2,1,synthetic_demo
L001474,2025-12-31,Healthcare,1-50,Product enquiry,1.63,1,0,synthetic_demo
L000610,2025-12-31,Retail,201-1000,Product enquiry,13.54,1,0,synthetic_demo
L003049,2025-12-31,Construction,201-1000,Price quote,13.17,2,0,synthetic_demo
L011683,2025-12-31,Construction,51-200,Product enquiry,11.37,4,0,synthetic_demo
L010074,2025-12-31,Technology,201-1000,Supplier request,21.42,1,0,synthetic_demo
L010661,2025-12-31,Manufacturing,201-1000,Bulk order,14.4,0,0,synthetic_demo
L005344,2025-12-31,Healthcare,51-200,Product enquiry,10.38,3,0,synthetic_demo
L003959,2025-12-31,Manufacturing,1-50,Product enquiry,17.52,4,0,synthetic_demo
L005912,2025-12-31,Manufacturing,201-1000,Supplier request,12.95,2,0,synthetic_demo
L009453,2025-12-31,Technology,51-200,Bulk order,14.39,0,0,synthetic_demo
L005754,2025-12-31,Technology,1-50,Price quote,5.05,5,1,synthetic_demo
L001626,2025-12-31,Technology,51-200,Product enquiry,11.01,2,0,synthetic_demo
L010183,2025-12-31,Manufacturing,201-1000,Price quote,16.24,4,0,synthetic_demo
L009226,2025-12-31,Technology,1-50,Bulk order,8.32,6,1,synthetic_demo
L008895,2025-12-31,Retail,51-200,Supplier request,18.83,1,0,synthetic_demo
L003815,2025-12-31,Retail,1-50,Bulk order,5.63,3,1,synthetic_demo
L010852,2025-12-31,Retail,51-200,Bulk order,12.43,1,0,synthetic_demo
L001118,2025-12-31,Technology,1001+,Supplier request,8.75,4,1,synthetic_demo
L010254,2025-12-31,Retail,201-1000,Product enquiry,23.85,2,1,synthetic_demo
L000260,2025-12-31,Healthcare,201-1000,Product enquiry,13.04,1,0,synthetic_demo
L003381,2025-12-31,Retail,1-50,Product enquiry,5.49,2,0,synthetic_demo
L001070,2025-12-31,Retail,201-1000,Product enquiry,13.33,3,0,synthetic_demo
L005342,2025-12-31,Manufacturing,51-200,Price quote,3.3,1,0,synthetic_demo
L001647,2025-12-31,Retail,201-1000,Supplier request,7.69,3,1,synthetic_demo
L007403,2025-12-31,Retail,201-1000,Bulk order,7.07,3,0,synthetic_demo
L005737,2025-12-31,Healthcare,1-50,Price quote,39.97,1,0,synthetic_demo
L000108,2025-12-31,Retail,1-50,Bulk order,5.12,2,1,synthetic_demo
L003456,2025-12-31,Technology,1001+,Price quote,7.5,6,1,synthetic_demo
L003073,2025-12-31,Technology,1-50,Supplier request,4.26,3,0,synthetic_demo
L007164,2026-01-01,Technology,1-50,Product enquiry,6.53,0,0,synthetic_demo
L008421,2026-01-01,Retail,51-200,Product enquiry,5.79,0,0,synthetic_demo
L003195,2026-01-01,Healthcare,51-200,Product enquiry,5.26,4,0,synthetic_demo
L001338,2026-01-01,Healthcare,201-1000,Price quote,8.69,5,0,synthetic_demo
L010237,2026-01-01,Technology,201-1000,Price quote,13.17,2,0,synthetic_demo
L006183,2026-01-01,Technology,51-200,Supplier request,12.95,1,0,synthetic_demo
L007360,2026-01-01,Technology,51-200,Product enquiry,7.79,3,0,synthetic_demo
L001191,2026-01-01,Retail,1-50,Product enquiry,7.74,1,0,synthetic_demo
L002795,2026-01-01,Technology,51-200,Product enquiry,23.24,1,0,synthetic_demo
L002963,2026-01-01,Manufacturing,1-50,Bulk order,5.47,4,0,synthetic_demo
L009033,2026-01-01,Retail,1-50,Price quote,6.08,2,0,synthetic_demo
L006749,2026-01-01,Retail,1-50,Price quote,13.95,1,0,synthetic_demo
L007212,2026-01-01,Technology,1-50,Supplier request,9.55,4,0,synthetic_demo
L003958,2026-01-01,Construction,201-1000,Product enquiry,7.64,3,1,synthetic_demo
L006790,2026-01-01,Technology,201-1000,Supplier request,11.43,1,0,synthetic_demo
L001228,2026-01-01,Retail,51-200,Supplier request,19.48,5,0,synthetic_demo
L006836,2026-01-01,Manufacturing,201-1000,Supplier request,11.64,2,0,synthetic_demo
L004283,2026-01-01,Healthcare,51-200,Product enquiry,15.42,3,0,synthetic_demo
L009401,2026-01-01,Technology,51-200,Product enquiry,43.16,3,0,synthetic_demo
L005094,2026-01-01,Retail,1-50,Product enquiry,9.51,1,0,synthetic_demo
L004167,2026-01-01,Manufacturing,51-200,Bulk order,18.37,3,0,synthetic_demo
L004533,2026-01-01,Technology,201-1000,Bulk order,4.54,4,0,synthetic_demo
L000015,2026-01-01,Retail,51-200,Supplier request,2.68,0,1,synthetic_demo
L005187,2026-01-01,Manufacturing,51-200,Bulk order,29.59,2,0,synthetic_demo
L008781,2026-01-01,Healthcare,201-1000,Supplier request,3.75,2,1,synthetic_demo
L007569,2026-01-01,Construction,1001+,Product enquiry,29.45,0,0,synthetic_demo
L001230,2026-01-01,Manufacturing,201-1000,Product enquiry,8.83,4,0,synthetic_demo
L001692,2026-01-01,Construction,201-1000,Bulk order,29.17,3,0,synthetic_demo
L009674,2026-01-01,Healthcare,1-50,Price quote,15.41,2,0,synthetic_demo
L008985,2026-01-02,Healthcare,51-200,Product enquiry,13.19,0,0,synthetic_demo
L007802,2026-01-02,Technology,51-200,Supplier request,6.44,2,0,synthetic_demo
L007381,2026-01-02,Retail,1-50,Product enquiry,25.1,2,0,synthetic_demo
L001035,2026-01-02,Retail,1-50,Product enquiry,8.61,2,0,synthetic_demo
L011670,2026-01-02,Technology,51-200,Product enquiry,1.93,2,1,synthetic_demo
L009006,2026-01-02,Technology,1-50,Product enquiry,12.48,2,0,synthetic_demo
L011512,2026-01-02,Construction,201-1000,Product enquiry,1.21,2,0,synthetic_demo
L011606,2026-01-02,Manufacturing,1-50,Price quote,1.38,1,0,synthetic_demo
L004582,2026-01-02,Technology,201-1000,Bulk order,22.6,2,1,synthetic_demo
L007434,2026-01-02,Manufacturing,1-50,Product enquiry,3.92,6,1,synthetic_demo
L000750,2026-01-02,Technology,51-200,Product enquiry,28.4,2,0,synthetic_demo
L007540,2026-01-02,Manufacturing,51-200,Product enquiry,21.4,2,0,synthetic_demo
L002869,2026-01-02,Construction,51-200,Bulk order,31.18,2,0,synthetic_demo
L003772,2026-01-02,Construction,1-50,Product enquiry,24.3,3,0,synthetic_demo
L002124,2026-01-02,Manufacturing,51-200,Bulk order,14.18,0,0,synthetic_demo
L003840,2026-01-02,Retail,201-1000,Product enquiry,8.8,0,0,synthetic_demo
L003325,2026-01-02,Healthcare,1001+,Price quote,6.26,4,1,synthetic_demo
L005840,2026-01-02,Manufacturing,201-1000,Product enquiry,14.18,2,0,synthetic_demo
L011094,2026-01-02,Retail,51-200,Price quote,1.89,2,0,synthetic_demo
L001807,2026-01-02,Manufacturing,1-50,Price quote,7.3,2,0,synthetic_demo
L011100,2026-01-02,Retail,51-200,Supplier request,8.15,2,0,synthetic_demo
L009840,2026-01-02,Construction,1001+,Product enquiry,9.07,3,0,synthetic_demo
L009597,2026-01-02,Manufacturing,201-1000,Price quote,14.46,2,0,synthetic_demo
L007258,2026-01-02,Construction,51-200,Supplier request,43.38,2,0,synthetic_demo
L000207,2026-01-02,Manufacturing,51-200,Bulk order,6.7,3,1,synthetic_demo
L004077,2026-01-02,Healthcare,1-50,Supplier request,12.5,1,0,synthetic_demo
L008448,2026-01-02,Technology,1-50,Product enquiry,7.64,1,0,synthetic_demo
L011193,2026-01-03,Technology,1-50,Product enquiry,9.36,3,0,synthetic_demo
L008149,2026-01-03,Technology,1-50,Bulk order,20.44,3,0,synthetic_demo
L000214,2026-01-03,Technology,201-1000,Bulk order,8.19,0,0,synthetic_demo
L004202,2026-01-03,Technology,51-200,Product enquiry,18.8,2,1,synthetic_demo
L008319,2026-01-03,Retail,51-200,Price quote,4.74,2,0,synthetic_demo
L000156,2026-01-03,Technology,1-50,Product enquiry,5.49,2,0,synthetic_demo
L011203,2026-01-03,Technology,1-50,Price quote,20.79,0,0,synthetic_demo
L004623,2026-01-03,Healthcare,201-1000,Bulk order,25.51,1,0,synthetic_demo
L001342,2026-01-03,Technology,1-50,Product enquiry,7.14,4,0,synthetic_demo
L007071,2026-01-03,Technology,51-200,Price quote,17.37,2,0,synthetic_demo
L009150,2026-01-03,Manufacturing,1-50,Product enquiry,8.13,3,1,synthetic_demo
L010279,2026-01-03,Manufacturing,1-50,Bulk order,9.0,5,0,synthetic_demo
L000810,2026-01-03,Construction,1-50,Product enquiry,28.28,2,0,synthetic_demo
L002645,2026-01-03,Retail,1-50,Price quote,8.73,0,0,synthetic_demo
L000962,2026-01-03,Retail,51-200,Bulk order,2.6,3,0,synthetic_demo
L010883,2026-01-03,Technology,51-200,Supplier request,6.68,5,0,synthetic_demo
L002974,2026-01-03,Construction,201-1000,Supplier request,10.98,4,0,synthetic_demo
L006743,2026-01-03,Manufacturing,51-200,Price quote,8.55,2,0,synthetic_demo
L006314,2026-01-03,Manufacturing,1-50,Supplier request,6.81,2,0,synthetic_demo
L000877,2026-01-03,Retail,201-1000,Product enquiry,13.23,1,1,synthetic_demo
L006188,2026-01-03,Manufacturing,51-200,Bulk order,20.37,2,0,synthetic_demo
L009847,2026-01-03,Technology,1-50,Bulk order,15.24,1,0,synthetic_demo
L008893,2026-01-03,Technology,1-50,Product enquiry,10.79,1,0,synthetic_demo
L007902,2026-01-03,Healthcare,51-200,Bulk order,9.04,3,0,synthetic_demo
L009229,2026-01-03,Technology,1-50,Price quote,17.31,8,0,synthetic_demo
L003160,2026-01-03,Retail,1-50,Bulk order,12.12,1,1,synthetic_demo
L007018,2026-01-03,Manufacturing,51-200,Bulk order,13.53,3,0,synthetic_demo
L006423,2026-01-03,Technology,201-1000,Price quote,20.59,2,0,synthetic_demo
L011025,2026-01-03,Manufacturing,51-200,Product enquiry,15.91,4,0,synthetic_demo
L002588,2026-01-04,Manufacturing,1-50,Product enquiry,15.2,4,0,synthetic_demo
L010480,2026-01-04,Construction,51-200,Product enquiry,11.25,1,0,synthetic_demo
L009526,2026-01-04,Healthcare,201-1000,Bulk order,9.25,5,0,synthetic_demo
L000241,2026-01-04,Technology,201-1000,Price quote,11.58,3,0,synthetic_demo
L005726,2026-01-04,Construction,201-1000,Bulk order,19.09,3,0,synthetic_demo
L001508,2026-01-04,Retail,201-1000,Price quote,12.26,2,1,synthetic_demo
L010105,2026-01-04,Technology,1-50,Bulk order,8.64,7,1,synthetic_demo
L010522,2026-01-04,Technology,1001+,Price quote,17.85,3,0,synthetic_demo
L005373,2026-01-04,Manufacturing,201-1000,Supplier request,7.04,1,0,synthetic_demo
L004916,2026-01-04,Technology,51-200,Product enquiry,10.66,0,0,synthetic_demo
L011652,2026-01-04,Healthcare,51-200,Product enquiry,8.59,1,1,synthetic_demo
L006389,2026-01-04,Construction,201-1000,Bulk order,7.39,5,0,synthetic_demo
L001055,2026-01-04,Retail,1-50,Product enquiry,3.08,1,1,synthetic_demo
L000080,2026-01-04,Technology,51-200,Bulk order,3.28,1,0,synthetic_demo
L011496,2026-01-04,Retail,1-50,Product enquiry,0.5,0,1,synthetic_demo
L006427,2026-01-04,Manufacturing,1001+,Price quote,4.39,6,1,synthetic_demo
L010657,2026-01-04,Technology,1-50,Bulk order,7.5,2,1,synthetic_demo
L006460,2026-01-04,Technology,51-200,Product enquiry,4.27,1,0,synthetic_demo
L006989,2026-01-04,Manufacturing,51-200,Bulk order,4.93,2,0,synthetic_demo
L005883,2026-01-04,Technology,51-200,Product enquiry,11.79,0,0,synthetic_demo
L006778,2026-01-04,Healthcare,1-50,Price quote,5.52,3,0,synthetic_demo
L003072,2026-01-04,Construction,1001+,Price quote,12.82,6,0,synthetic_demo
L003579,2026-01-04,Technology,51-200,Supplier request,14.07,1,0,synthetic_demo
L011753,2026-01-04,Healthcare,1001+,Price quote,7.71,0,0,synthetic_demo
L005907,2026-01-04,Healthcare,201-1000,Price quote,4.49,2,0,synthetic_demo
L009069,2026-01-04,Technology,1-50,Supplier request,6.02,3,0,synthetic_demo
L010644,2026-01-04,Construction,1001+,Price quote,15.5,3,0,synthetic_demo
L004083,2026-01-04,Technology,201-1000,Price quote,13.18,3,0,synthetic_demo
L005166,2026-01-04,Technology,201-1000,Product enquiry,9.75,0,0,synthetic_demo
L004256,2026-01-05,Manufacturing,1-50,Price quote,7.05,2,0,synthetic_demo
L007498,2026-01-05,Healthcare,201-1000,Price quote,4.66,3,0,synthetic_demo
L009712,2026-01-05,Retail,201-1000,Price quote,3.81,2,0,synthetic_demo
L007410,2026-01-05,Manufacturing,201-1000,Product enquiry,0.41,3,1,synthetic_demo
L000832,2026-01-05,Healthcare,51-200,Product enquiry,6.58,1,1,synthetic_demo
L009595,2026-01-05,Healthcare,51-200,Supplier request,25.76,1,0,synthetic_demo
L010341,2026-01-05,Technology,1-50,Product enquiry,2.19,0,0,synthetic_demo
L010314,2026-01-05,Construction,201-1000,Product enquiry,5.54,1,0,synthetic_demo
L009742,2026-01-05,Retail,201-1000,Product enquiry,8.59,6,0,synthetic_demo
L003583,2026-01-05,Retail,201-1000,Bulk order,14.34,5,0,synthetic_demo
L002184,2026-01-05,Manufacturing,51-200,Product enquiry,17.29,0,0,synthetic_demo
L009524,2026-01-05,Healthcare,1001+,Price quote,20.58,3,1,synthetic_demo
L011607,2026-01-05,Healthcare,51-200,Bulk order,4.93,1,0,synthetic_demo
L003643,2026-01-05,Technology,51-200,Bulk order,21.63,1,0,synthetic_demo
L005215,2026-01-05,Retail,1-50,Product enquiry,3.28,7,1,synthetic_demo
L002210,2026-01-05,Manufacturing,1-50,Price quote,2.38,3,0,synthetic_demo
L006897,2026-01-05,Construction,201-1000,Product enquiry,12.77,3,0,synthetic_demo
L002287,2026-01-05,Construction,51-200,Bulk order,20.02,1,0,synthetic_demo
L000394,2026-01-05,Technology,1-50,Price quote,5.92,3,1,synthetic_demo
L004489,2026-01-05,Retail,51-200,Supplier request,8.1,3,0,synthetic_demo
L002778,2026-01-05,Healthcare,1-50,Product enquiry,5.54,1,1,synthetic_demo
L007182,2026-01-05,Retail,51-200,Supplier request,10.66,4,0,synthetic_demo
L010861,2026-01-05,Retail,1001+,Product enquiry,16.06,3,0,synthetic_demo
L006583,2026-01-05,Technology,1-50,Product enquiry,15.79,4,0,synthetic_demo
L004649,2026-01-05,Retail,201-1000,Bulk order,7.48,4,0,synthetic_demo
L008532,2026-01-05,Manufacturing,1-50,Product enquiry,16.08,5,0,synthetic_demo
L003743,2026-01-05,Construction,201-1000,Product enquiry,8.07,2,0,synthetic_demo
L002666,2026-01-05,Technology,51-200,Bulk order,5.03,3,1,synthetic_demo
L007634,2026-01-05,Healthcare,1-50,Bulk order,3.83,0,0,synthetic_demo
L004362,2026-01-05,Healthcare,51-200,Bulk order,4.1,2,0,synthetic_demo
L006614,2026-01-05,Manufacturing,1001+,Bulk order,2.44,2,1,synthetic_demo
L011834,2026-01-05,Retail,1-50,Price quote,9.32,1,0,synthetic_demo
L004158,2026-01-05,Manufacturing,1001+,Price quote,20.67,4,0,synthetic_demo
L002654,2026-01-05,Technology,51-200,Product enquiry,3.51,2,0,synthetic_demo
L003194,2026-01-05,Technology,51-200,Product enquiry,3.15,6,1,synthetic_demo
L010528,2026-01-05,Technology,51-200,Price quote,2.25,0,0,synthetic_demo
L004640,2026-01-05,Manufacturing,51-200,Product enquiry,2.71,0,0,synthetic_demo
L005284,2026-01-05,Retail,1-50,Supplier request,13.49,3,0,synthetic_demo
L004493,2026-01-05,Construction,51-200,Product enquiry,9.21,0,0,synthetic_demo
L009059,2026-01-05,Manufacturing,201-1000,Product enquiry,24.79,3,0,synthetic_demo
L010408,2026-01-05,Technology,201-1000,Supplier request,3.65,2,1,synthetic_demo
L010151,2026-01-05,Retail,201-1000,Bulk order,5.08,5,0,synthetic_demo
L010235,2026-01-06,Technology,51-200,Product enquiry,17.3,5,0,synthetic_demo
L000500,2026-01-06,Healthcare,1-50,Product enquiry,1.64,3,1,synthetic_demo
L006798,2026-01-06,Manufacturing,51-200,Price quote,9.2,1,0,synthetic_demo
L008922,2026-01-06,Technology,1-50,Price quote,24.83,2,0,synthetic_demo
L006184,2026-01-06,Technology,201-1000,Price quote,12.93,1,0,synthetic_demo
L008579,2026-01-06,Healthcare,1-50,Product enquiry,20.46,0,0,synthetic_demo
L001109,2026-01-06,Construction,201-1000,Bulk order,9.99,1,0,synthetic_demo
L003708,2026-01-06,Technology,1001+,Bulk order,3.35,2,0,synthetic_demo
L001586,2026-01-06,Construction,1001+,Price quote,6.48,3,1,synthetic_demo
L010145,2026-01-06,Healthcare,1001+,Price quote,13.81,4,0,synthetic_demo
L003568,2026-01-06,Retail,51-200,Product enquiry,11.8,0,1,synthetic_demo
L002294,2026-01-06,Retail,1001+,Product enquiry,0.59,3,0,synthetic_demo
L003862,2026-01-06,Manufacturing,1001+,Product enquiry,13.92,3,1,synthetic_demo
L000664,2026-01-06,Manufacturing,201-1000,Product enquiry,26.85,3,0,synthetic_demo
L008223,2026-01-06,Retail,51-200,Bulk order,13.22,4,0,synthetic_demo
L005575,2026-01-06,Retail,51-200,Price quote,31.3,3,0,synthetic_demo
L002119,2026-01-06,Manufacturing,201-1000,Price quote,29.9,1,0,synthetic_demo
L003830,2026-01-06,Healthcare,1-50,Price quote,40.46,1,0,synthetic_demo
L003461,2026-01-06,Retail,201-1000,Supplier request,19.27,2,0,synthetic_demo
L008060,2026-01-06,Construction,1001+,Bulk order,18.49,4,0,synthetic_demo
L009738,2026-01-06,Manufacturing,1-50,Price quote,2.79,3,1,synthetic_demo
L011845,2026-01-07,Retail,1-50,Product enquiry,1.33,2,1,synthetic_demo
L009530,2026-01-07,Manufacturing,51-200,Price quote,14.55,3,1,synthetic_demo
L010172,2026-01-07,Retail,51-200,Price quote,1.57,1,0,synthetic_demo
L000331,2026-01-07,Technology,1-50,Product enquiry,7.35,2,0,synthetic_demo
L005508,2026-01-07,Retail,1-50,Bulk order,25.69,3,0,synthetic_demo
L008703,2026-01-07,Manufacturing,51-200,Supplier request,8.05,4,0,synthetic_demo
L006250,2026-01-07,Retail,1-50,Bulk order,9.54,1,0,synthetic_demo
L007232,2026-01-07,Manufacturing,201-1000,Price quote,8.42,3,0,synthetic_demo
L005500,2026-01-07,Manufacturing,1-50,Supplier request,11.98,3,0,synthetic_demo
L010141,2026-01-07,Manufacturing,51-200,Product enquiry,12.62,2,0,synthetic_demo
L009934,2026-01-07,Manufacturing,1-50,Product enquiry,15.66,4,0,synthetic_demo
L004126,2026-01-07,Manufacturing,201-1000,Price quote,5.11,2,0,synthetic_demo
L005102,2026-01-07,Retail,201-1000,Product enquiry,10.43,3,0,synthetic_demo
L001081,2026-01-07,Manufacturing,51-200,Bulk order,14.01,1,1,synthetic_demo
L002107,2026-01-07,Technology,201-1000,Bulk order,10.14,1,0,synthetic_demo
L004005,2026-01-07,Healthcare,1-50,Price quote,18.64,3,0,synthetic_demo
L009233,2026-01-07,Healthcare,51-200,Price quote,20.86,1,0,synthetic_demo
L004464,2026-01-07,Construction,1-50,Supplier request,23.91,5,0,synthetic_demo
L006324,2026-01-07,Manufacturing,51-200,Product enquiry,29.67,2,0,synthetic_demo
L002797,2026-01-07,Healthcare,51-200,Product enquiry,19.06,3,0,synthetic_demo
L007084,2026-01-07,Manufacturing,1-50,Product enquiry,17.83,4,0,synthetic_demo
L009565,2026-01-07,Technology,201-1000,Price quote,27.78,1,0,synthetic_demo
L004607,2026-01-07,Construction,1001+,Bulk order,13.15,1,1,synthetic_demo
L004175,2026-01-07,Technology,1001+,Product enquiry,5.15,3,1,synthetic_demo
L001985,2026-01-07,Healthcare,1001+,Product enquiry,6.89,6,1,synthetic_demo
L000609,2026-01-07,Technology,51-200,Bulk order,13.78,2,0,synthetic_demo
L009455,2026-01-07,Healthcare,1001+,Product enquiry,6.41,4,0,synthetic_demo
L003946,2026-01-07,Construction,1-50,Price quote,9.1,0,0,synthetic_demo
L004135,2026-01-07,Healthcare,51-200,Price quote,15.05,3,0,synthetic_demo
L011060,2026-01-07,Manufacturing,201-1000,Product enquiry,3.96,3,0,synthetic_demo
L010459,2026-01-07,Retail,1-50,Product enquiry,20.78,4,0,synthetic_demo
L009201,2026-01-07,Manufacturing,1-50,Bulk order,7.51,2,0,synthetic_demo
L003588,2026-01-07,Retail,1-50,Bulk order,11.43,6,0,synthetic_demo
L011442,2026-01-07,Retail,1-50,Product enquiry,5.92,4,0,synthetic_demo
L006344,2026-01-07,Retail,51-200,Product enquiry,4.72,1,0,synthetic_demo
L005615,2026-01-07,Healthcare,51-200,Price quote,8.19,1,0,synthetic_demo
L010825,2026-01-07,Retail,51-200,Product enquiry,9.61,5,0,synthetic_demo
L011426,2026-01-07,Technology,1-50,Price quote,7.06,1,0,synthetic_demo
L006972,2026-01-07,Retail,1-50,Supplier request,17.65,4,0,synthetic_demo
L009605,2026-01-07,Manufacturing,51-200,Price quote,14.13,1,1,synthetic_demo
L007542,2026-01-07,Retail,201-1000,Supplier request,12.7,5,1,synthetic_demo
L000781,2026-01-07,Manufacturing,1-50,Supplier request,10.97,7,1,synthetic_demo
L009238,2026-01-08,Technology,51-200,Supplier request,18.12,2,0,synthetic_demo
L007733,2026-01-08,Retail,51-200,Product enquiry,9.07,3,0,synthetic_demo
L011336,2026-01-08,Manufacturing,51-200,Price quote,4.6,4,1,synthetic_demo
L006490,2026-01-08,Construction,1-50,Bulk order,46.6,2,0,synthetic_demo
L009899,2026-01-08,Technology,1001+,Product enquiry,9.32,4,1,synthetic_demo
L000683,2026-01-08,Manufacturing,1-50,Bulk order,3.7,3,0,synthetic_demo
L000618,2026-01-08,Retail,51-200,Supplier request,5.06,1,0,synthetic_demo
L006103,2026-01-08,Technology,1-50,Supplier request,7.31,0,0,synthetic_demo
L006806,2026-01-08,Technology,51-200,Price quote,8.65,2,1,synthetic_demo
L003789,2026-01-08,Retail,51-200,Bulk order,6.06,2,0,synthetic_demo
L005920,2026-01-08,Retail,51-200,Bulk order,20.41,3,0,synthetic_demo
L000747,2026-01-08,Retail,201-1000,Product enquiry,8.32,4,0,synthetic_demo
L004118,2026-01-08,Construction,1001+,Supplier request,24.23,2,0,synthetic_demo
L000893,2026-01-08,Manufacturing,1-50,Supplier request,3.96,3,0,synthetic_demo
L004752,2026-01-08,Healthcare,51-200,Price quote,0.67,2,0,synthetic_demo
L002369,2026-01-08,Retail,1001+,Product enquiry,4.08,0,0,synthetic_demo
L010773,2026-01-08,Retail,1-50,Bulk order,26.9,1,0,synthetic_demo
L009564,2026-01-08,Healthcare,51-200,Bulk order,11.48,1,0,synthetic_demo
L008239,2026-01-08,Technology,201-1000,Product enquiry,14.1,3,0,synthetic_demo
L003311,2026-01-08,Construction,51-200,Supplier request,18.77,4,0,synthetic_demo
L007974,2026-01-08,Manufacturing,201-1000,Product enquiry,0.91,5,0,synthetic_demo
L009176,2026-01-08,Construction,1001+,Bulk order,9.73,3,1,synthetic_demo
L011054,2026-01-08,Retail,201-1000,Bulk order,19.94,0,0,synthetic_demo
L004370,2026-01-08,Retail,1-50,Product enquiry,17.29,5,0,synthetic_demo
L006215,2026-01-08,Manufacturing,1001+,Price quote,15.4,1,0,synthetic_demo
L004374,2026-01-08,Manufacturing,201-1000,Supplier request,6.7,4,0,synthetic_demo
L005118,2026-01-08,Technology,1-50,Product enquiry,17.09,3,0,synthetic_demo
L003358,2026-01-08,Retail,51-200,Price quote,9.34,3,0,synthetic_demo
L010586,2026-01-08,Technology,51-200,Supplier request,32.75,3,0,synthetic_demo
L001676,2026-01-08,Construction,1001+,Bulk order,16.75,2,0,synthetic_demo
L009485,2026-01-08,Technology,51-200,Product enquiry,5.81,3,0,synthetic_demo
L009970,2026-01-08,Healthcare,1-50,Supplier request,4.69,1,0,synthetic_demo
L006530,2026-01-08,Manufacturing,1-50,Product enquiry,9.47,2,0,synthetic_demo
L007987,2026-01-09,Construction,201-1000,Product enquiry,22.04,1,0,synthetic_demo
L011715,2026-01-09,Technology,1-50,Product enquiry,12.12,2,0,synthetic_demo
L011523,2026-01-09,Construction,1-50,Price quote,0.83,1,0,synthetic_demo
L002686,2026-01-09,Technology,1001+,Bulk order,0.62,0,1,synthetic_demo
L006013,2026-01-09,Manufacturing,51-200,Price quote,6.55,0,0,synthetic_demo
L005979,2026-01-09,Manufacturing,1001+,Product enquiry,12.34,2,0,synthetic_demo
L005425,2026-01-09,Construction,1001+,Price quote,5.74,2,0,synthetic_demo
L006209,2026-01-09,Manufacturing,1-50,Supplier request,9.05,3,0,synthetic_demo
L002749,2026-01-09,Healthcare,1001+,Product enquiry,4.04,2,0,synthetic_demo
L008994,2026-01-09,Retail,201-1000,Price quote,7.7,3,0,synthetic_demo
L004849,2026-01-09,Manufacturing,1-50,Price quote,1.11,2,0,synthetic_demo
L008960,2026-01-09,Healthcare,1001+,Price quote,3.14,4,1,synthetic_demo
L007288,2026-01-09,Manufacturing,51-200,Bulk order,4.38,0,0,synthetic_demo
L000704,2026-01-09,Construction,201-1000,Price quote,4.33,3,0,synthetic_demo
L007952,2026-01-09,Healthcare,51-200,Bulk order,16.12,2,0,synthetic_demo
L001549,2026-01-09,Retail,51-200,Product enquiry,11.65,5,0,synthetic_demo
L000052,2026-01-09,Manufacturing,1-50,Price quote,7.97,3,0,synthetic_demo
L000475,2026-01-09,Retail,51-200,Supplier request,6.22,6,1,synthetic_demo
L001645,2026-01-09,Manufacturing,1-50,Bulk order,8.2,4,1,synthetic_demo
L009817,2026-01-09,Manufacturing,1-50,Price quote,17.5,1,0,synthetic_demo
L011540,2026-01-09,Technology,201-1000,Supplier request,12.94,5,1,synthetic_demo
L011737,2026-01-09,Technology,1001+,Product enquiry,18.65,2,0,synthetic_demo
L008887,2026-01-09,Manufacturing,51-200,Bulk order,7.92,1,0,synthetic_demo
L002132,2026-01-09,Technology,1001+,Price quote,4.89,2,0,synthetic_demo
L000262,2026-01-09,Technology,51-200,Price quote,5.27,3,1,synthetic_demo
L001960,2026-01-09,Healthcare,1-50,Product enquiry,15.92,1,1,synthetic_demo
L006273,2026-01-09,Healthcare,1-50,Product enquiry,13.16,3,0,synthetic_demo
L009170,2026-01-09,Retail,51-200,Price quote,3.64,3,1,synthetic_demo
L009427,2026-01-09,Manufacturing,1-50,Product enquiry,4.53,2,0,synthetic_demo
L011097,2026-01-09,Manufacturing,201-1000,Bulk order,1.42,2,1,synthetic_demo
L002310,2026-01-09,Construction,51-200,Supplier request,14.21,2,0,synthetic_demo
L000921,2026-01-09,Manufacturing,51-200,Product enquiry,11.33,3,0,synthetic_demo
L010376,2026-01-09,Technology,201-1000,Bulk order,2.28,3,0,synthetic_demo
L002029,2026-01-09,Healthcare,201-1000,Product enquiry,3.96,2,1,synthetic_demo
L009439,2026-01-09,Healthcare,1-50,Supplier request,20.09,1,0,synthetic_demo
L003133,2026-01-09,Manufacturing,201-1000,Price quote,2.49,1,0,synthetic_demo
L011072,2026-01-10,Manufacturing,1001+,Price quote,18.29,2,0,synthetic_demo
L005736,2026-01-10,Construction,1001+,Product enquiry,15.1,4,0,synthetic_demo
L009373,2026-01-10,Technology,201-1000,Price quote,1.9,2,0,synthetic_demo
L000971,2026-01-10,Manufacturing,1-50,Bulk order,5.81,6,0,synthetic_demo
L002639,2026-01-10,Technology,51-200,Supplier request,20.15,3,0,synthetic_demo
L011597,2026-01-10,Retail,51-200,Price quote,10.25,5,0,synthetic_demo
L007963,2026-01-10,Technology,1001+,Bulk order,7.96,0,0,synthetic_demo
L010292,2026-01-10,Technology,201-1000,Product enquiry,14.51,1,0,synthetic_demo
L009183,2026-01-10,Retail,201-1000,Product enquiry,35.62,2,0,synthetic_demo
L010965,2026-01-10,Healthcare,51-200,Price quote,11.73,2,0,synthetic_demo
L010415,2026-01-10,Retail,1-50,Price quote,9.37,3,0,synthetic_demo
L005843,2026-01-10,Retail,201-1000,Price quote,6.16,3,0,synthetic_demo
L010471,2026-01-10,Manufacturing,1-50,Supplier request,28.56,0,0,synthetic_demo
L010342,2026-01-10,Construction,1001+,Bulk order,9.81,1,1,synthetic_demo
L008943,2026-01-10,Manufacturing,1001+,Product enquiry,18.19,4,0,synthetic_demo
L001274,2026-01-10,Healthcare,1-50,Bulk order,11.36,2,1,synthetic_demo
L000980,2026-01-10,Manufacturing,201-1000,Price quote,2.93,1,0,synthetic_demo
L011505,2026-01-10,Construction,1001+,Bulk order,6.11,1,1,synthetic_demo
L005029,2026-01-10,Healthcare,51-200,Bulk order,21.55,1,0,synthetic_demo
L000551,2026-01-10,Retail,51-200,Product enquiry,18.34,2,0,synthetic_demo
L006938,2026-01-10,Healthcare,201-1000,Product enquiry,12.98,0,0,synthetic_demo
L003512,2026-01-10,Technology,51-200,Supplier request,3.56,2,0,synthetic_demo
L006476,2026-01-10,Manufacturing,1-50,Supplier request,6.9,0,0,synthetic_demo
L009818,2026-01-10,Manufacturing,201-1000,Bulk order,7.81,3,0,synthetic_demo
L000398,2026-01-10,Retail,51-200,Product enquiry,6.45,0,1,synthetic_demo
L005540,2026-01-10,Manufacturing,201-1000,Bulk order,5.35,5,0,synthetic_demo
L006947,2026-01-10,Technology,201-1000,Supplier request,20.08,5,0,synthetic_demo
L001540,2026-01-10,Retail,1001+,Price quote,18.01,4,0,synthetic_demo
L002877,2026-01-10,Retail,1001+,Price quote,5.57,2,0,synthetic_demo
L010711,2026-01-10,Technology,51-200,Price quote,33.95,0,0,synthetic_demo
L010847,2026-01-10,Technology,201-1000,Price quote,17.46,1,0,synthetic_demo
L008900,2026-01-10,Manufacturing,1-50,Product enquiry,9.69,2,0,synthetic_demo
L002409,2026-01-10,Retail,51-200,Supplier request,10.18,2,0,synthetic_demo
L008789,2026-01-10,Retail,1001+,Price quote,7.72,1,1,synthetic_demo
L009666,2026-01-10,Technology,1-50,Supplier request,16.49,2,0,synthetic_demo
L000039,2026-01-10,Manufacturing,201-1000,Price quote,13.59,3,0,synthetic_demo
L000619,2026-01-10,Manufacturing,1-50,Product enquiry,11.6,1,0,synthetic_demo
L004685,2026-01-11,Construction,51-200,Supplier request,6.84,2,0,synthetic_demo
L006967,2026-01-11,Healthcare,201-1000,Product enquiry,12.59,4,0,synthetic_demo
L000391,2026-01-11,Healthcare,51-200,Product enquiry,7.51,3,1,synthetic_demo
L001012,2026-01-11,Healthcare,51-200,Product enquiry,18.08,1,0,synthetic_demo
L003880,2026-01-11,Retail,201-1000,Bulk order,13.09,3,1,synthetic_demo
L011889,2026-01-11,Technology,201-1000,Bulk order,6.34,2,0,synthetic_demo
L001658,2026-01-11,Technology,51-200,Bulk order,20.94,1,0,synthetic_demo
L000116,2026-01-11,Construction,51-200,Price quote,9.56,3,1,synthetic_demo
L002261,2026-01-11,Technology,51-200,Bulk order,6.69,2,0,synthetic_demo
L010889,2026-01-11,Retail,201-1000,Price quote,5.57,2,0,synthetic_demo
L006025,2026-01-11,Technology,201-1000,Product enquiry,12.62,2,0,synthetic_demo
L005400,2026-01-11,Manufacturing,1-50,Product enquiry,8.46,4,1,synthetic_demo
L000548,2026-01-11,Manufacturing,1-50,Product enquiry,17.64,3,0,synthetic_demo
L011224,2026-01-11,Retail,201-1000,Product enquiry,4.96,3,0,synthetic_demo
L010629,2026-01-11,Construction,51-200,Product enquiry,8.21,1,0,synthetic_demo
L007425,2026-01-11,Technology,51-200,Price quote,12.05,0,0,synthetic_demo
L001600,2026-01-11,Manufacturing,201-1000,Price quote,7.15,4,0,synthetic_demo
L007544,2026-01-11,Construction,51-200,Price quote,16.71,3,0,synthetic_demo
L009766,2026-01-11,Healthcare,51-200,Price quote,6.75,2,0,synthetic_demo
L000478,2026-01-11,Healthcare,51-200,Price quote,6.2,1,0,synthetic_demo
L010585,2026-01-11,Retail,1-50,Bulk order,4.55,4,0,synthetic_demo
L008343,2026-01-11,Technology,1001+,Product enquiry,7.07,3,0,synthetic_demo
L006281,2026-01-11,Technology,1-50,Supplier request,15.53,5,1,synthetic_demo
L000508,2026-01-12,Technology,51-200,Product enquiry,20.54,5,0,synthetic_demo
L007286,2026-01-12,Construction,201-1000,Price quote,9.53,4,0,synthetic_demo
L002587,2026-01-12,Retail,201-1000,Supplier request,3.19,5,1,synthetic_demo
L000185,2026-01-12,Technology,201-1000,Product enquiry,1.84,6,1,synthetic_demo
L002186,2026-01-12,Manufacturing,1-50,Product enquiry,13.14,5,0,synthetic_demo
L007641,2026-01-12,Manufacturing,1-50,Product enquiry,22.39,1,0,synthetic_demo
L010916,2026-01-12,Construction,1-50,Bulk order,2.49,3,0,synthetic_demo
L009533,2026-01-12,Construction,201-1000,Product enquiry,32.47,3,0,synthetic_demo
L006420,2026-01-12,Technology,1-50,Product enquiry,32.03,6,0,synthetic_demo
L005189,2026-01-12,Construction,1-50,Product enquiry,2.6,2,1,synthetic_demo
L004602,2026-01-12,Construction,1-50,Price quote,10.55,0,0,synthetic_demo
L006895,2026-01-12,Manufacturing,1001+,Price quote,8.67,0,0,synthetic_demo
L009136,2026-01-12,Technology,51-200,Product enquiry,2.71,2,0,synthetic_demo
L011021,2026-01-12,Retail,201-1000,Supplier request,11.0,1,0,synthetic_demo
L011712,2026-01-12,Manufacturing,51-200,Product enquiry,27.72,1,0,synthetic_demo
L011352,2026-01-12,Retail,1-50,Product enquiry,11.08,1,0,synthetic_demo
L000770,2026-01-12,Healthcare,1-50,Product enquiry,6.6,4,0,synthetic_demo
L007630,2026-01-12,Technology,201-1000,Price quote,13.32,1,0,synthetic_demo
L010699,2026-01-12,Construction,1-50,Price quote,13.81,3,0,synthetic_demo
L011412,2026-01-12,Manufacturing,51-200,Product enquiry,9.86,2,0,synthetic_demo
L003810,2026-01-12,Technology,1-50,Bulk order,7.12,1,0,synthetic_demo
L010107,2026-01-12,Retail,51-200,Product enquiry,27.57,3,0,synthetic_demo
L000918,2026-01-12,Manufacturing,201-1000,Product enquiry,6.73,5,1,synthetic_demo
L005173,2026-01-12,Technology,51-200,Bulk order,10.82,0,0,synthetic_demo
L006278,2026-01-12,Technology,201-1000,Bulk order,18.02,2,1,synthetic_demo
L010612,2026-01-12,Manufacturing,1-50,Bulk order,9.14,2,0,synthetic_demo
L003423,2026-01-12,Technology,51-200,Bulk order,3.28,2,0,synthetic_demo
L003769,2026-01-12,Technology,51-200,Product enquiry,22.03,4,0,synthetic_demo
L003239,2026-01-12,Retail,201-1000,Supplier request,4.93,0,0,synthetic_demo
L002500,2026-01-12,Healthcare,1001+,Supplier request,16.93,4,1,synthetic_demo
L011568,2026-01-12,Technology,51-200,Supplier request,10.07,4,0,synthetic_demo
L009052,2026-01-12,Healthcare,1-50,Bulk order,13.24,0,0,synthetic_demo
L006041,2026-01-13,Retail,1-50,Price quote,2.99,1,0,synthetic_demo
L002606,2026-01-13,Manufacturing,201-1000,Price quote,7.03,0,0,synthetic_demo
L005873,2026-01-13,Manufacturing,51-200,Bulk order,5.57,3,0,synthetic_demo
L007904,2026-01-13,Technology,1-50,Bulk order,7.57,2,0,synthetic_demo
L011005,2026-01-13,Technology,1-50,Bulk order,6.17,2,0,synthetic_demo
L001030,2026-01-13,Retail,51-200,Product enquiry,2.69,0,0,synthetic_demo
L005210,2026-01-13,Manufacturing,201-1000,Supplier request,6.48,1,0,synthetic_demo
L003238,2026-01-13,Retail,201-1000,Product enquiry,28.38,1,0,synthetic_demo
L010109,2026-01-13,Construction,201-1000,Bulk order,6.58,1,0,synthetic_demo
L002385,2026-01-13,Manufacturing,1-50,Supplier request,11.64,1,0,synthetic_demo
L006823,2026-01-13,Retail,201-1000,Price quote,5.63,4,1,synthetic_demo
L002590,2026-01-13,Retail,51-200,Price quote,15.87,3,0,synthetic_demo
L007535,2026-01-13,Retail,1001+,Product enquiry,4.82,0,0,synthetic_demo
L008945,2026-01-13,Technology,1001+,Supplier request,7.2,3,0,synthetic_demo
L009951,2026-01-13,Manufacturing,1-50,Product enquiry,10.76,4,0,synthetic_demo
L009679,2026-01-13,Retail,1-50,Price quote,3.24,2,0,synthetic_demo
L007605,2026-01-13,Construction,1-50,Bulk order,4.02,4,1,synthetic_demo
L004058,2026-01-13,Construction,201-1000,Supplier request,2.83,3,0,synthetic_demo
L007822,2026-01-13,Healthcare,1-50,Product enquiry,3.62,4,0,synthetic_demo
L008399,2026-01-13,Construction,1-50,Price quote,16.47,2,0,synthetic_demo
L004762,2026-01-13,Healthcare,201-1000,Supplier request,0.84,2,0,synthetic_demo
L011619,2026-01-13,Retail,51-200,Product enquiry,7.57,2,0,synthetic_demo
L001037,2026-01-13,Retail,1001+,Bulk order,10.24,1,0,synthetic_demo
L009612,2026-01-13,Technology,1-50,Bulk order,4.76,4,0,synthetic_demo
L003280,2026-01-13,Manufacturing,1001+,Supplier request,9.96,2,0,synthetic_demo
L007888,2026-01-13,Manufacturing,201-1000,Bulk order,4.48,3,1,synthetic_demo
L010712,2026-01-13,Retail,1001+,Price quote,5.47,4,0,synthetic_demo
L005566,2026-01-13,Manufacturing,51-200,Price quote,16.08,4,0,synthetic_demo
L003134,2026-01-13,Manufacturing,51-200,Supplier request,20.82,5,0,synthetic_demo
L005495,2026-01-13,Construction,51-200,Supplier request,8.67,0,0,synthetic_demo
L002017,2026-01-13,Retail,51-200,Bulk order,20.04,1,0,synthetic_demo
L005954,2026-01-13,Manufacturing,51-200,Price quote,4.37,2,0,synthetic_demo
L003140,2026-01-13,Retail,51-200,Bulk order,7.8,3,0,synthetic_demo
L001628,2026-01-13,Manufacturing,51-200,Price quote,1.97,2,0,synthetic_demo
L000783,2026-01-14,Retail,51-200,Bulk order,5.2,2,1,synthetic_demo
L002061,2026-01-14,Construction,1-50,Bulk order,13.43,5,0,synthetic_demo
L000759,2026-01-14,Manufacturing,51-200,Bulk order,18.05,3,0,synthetic_demo
L010273,2026-01-14,Healthcare,1-50,Price quote,22.33,0,0,synthetic_demo
L009058,2026-01-14,Construction,1-50,Supplier request,21.96,1,0,synthetic_demo
L008377,2026-01-14,Technology,1001+,Price quote,5.01,1,0,synthetic_demo
L000089,2026-01-14,Manufacturing,1-50,Product enquiry,5.23,1,0,synthetic_demo
L010826,2026-01-14,Healthcare,201-1000,Price quote,4.01,0,0,synthetic_demo
L006092,2026-01-14,Manufacturing,201-1000,Supplier request,3.62,3,1,synthetic_demo
L004877,2026-01-14,Manufacturing,201-1000,Supplier request,25.4,1,1,synthetic_demo
L010569,2026-01-14,Retail,1001+,Product enquiry,6.31,1,0,synthetic_demo
L010219,2026-01-14,Manufacturing,1-50,Price quote,7.74,2,0,synthetic_demo
L003420,2026-01-14,Construction,1-50,Product enquiry,8.7,0,0,synthetic_demo
L008682,2026-01-14,Healthcare,201-1000,Price quote,22.63,1,0,synthetic_demo
L011123,2026-01-14,Technology,1-50,Price quote,11.36,2,0,synthetic_demo
L007486,2026-01-14,Technology,1001+,Price quote,34.95,2,0,synthetic_demo
L010446,2026-01-14,Manufacturing,1-50,Supplier request,15.98,2,0,synthetic_demo
L002270,2026-01-14,Construction,51-200,Product enquiry,11.77,0,0,synthetic_demo
L007748,2026-01-14,Healthcare,51-200,Supplier request,15.59,3,0,synthetic_demo
L005477,2026-01-14,Manufacturing,201-1000,Bulk order,17.07,2,0,synthetic_demo
L004393,2026-01-14,Healthcare,51-200,Supplier request,25.23,4,0,synthetic_demo
L008548,2026-01-14,Healthcare,51-200,Price quote,0.17,2,0,synthetic_demo
L011223,2026-01-14,Manufacturing,1-50,Price quote,7.72,0,0,synthetic_demo
L007408,2026-01-14,Healthcare,1-50,Product enquiry,9.56,3,0,synthetic_demo
L007382,2026-01-14,Retail,201-1000,Price quote,7.52,2,0,synthetic_demo
L001080,2026-01-14,Retail,1001+,Bulk order,4.74,6,1,synthetic_demo
L004373,2026-01-14,Healthcare,1001+,Bulk order,14.85,4,0,synthetic_demo
L010946,2026-01-14,Construction,51-200,Price quote,14.4,2,0,synthetic_demo
L009463,2026-01-14,Retail,51-200,Product enquiry,4.06,3,0,synthetic_demo
L007611,2026-01-14,Technology,1-50,Supplier request,27.89,2,0,synthetic_demo
L004365,2026-01-14,Technology,51-200,Price quote,14.84,0,0,synthetic_demo
L008200,2026-01-14,Manufacturing,201-1000,Bulk order,8.8,0,1,synthetic_demo
L002400,2026-01-14,Healthcare,201-1000,Bulk order,16.31,0,0,synthetic_demo
L010393,2026-01-14,Healthcare,51-200,Price quote,11.18,1,0,synthetic_demo
L003499,2026-01-14,Retail,51-200,Supplier request,10.11,3,0,synthetic_demo
L006275,2026-01-14,Manufacturing,1-50,Product enquiry,18.42,1,0,synthetic_demo
L002173,2026-01-14,Healthcare,51-200,Price quote,7.39,2,0,synthetic_demo
L011079,2026-01-14,Manufacturing,51-200,Product enquiry,8.68,3,0,synthetic_demo
L011978,2026-01-14,Retail,1-50,Product enquiry,15.32,4,0,synthetic_demo
L006182,2026-01-14,Healthcare,51-200,Bulk order,2.12,1,0,synthetic_demo
L009060,2026-01-14,Technology,1-50,Price quote,4.68,3,0,synthetic_demo
L006797,2026-01-14,Technology,1-50,Price quote,9.31,2,0,synthetic_demo
L004961,2026-01-15,Manufacturing,1001+,Product enquiry,4.3,0,0,synthetic_demo
L005239,2026-01-15,Retail,51-200,Bulk order,24.67,1,0,synthetic_demo
L003289,2026-01-15,Manufacturing,201-1000,Price quote,7.03,5,0,synthetic_demo
L001407,2026-01-15,Construction,1-50,Price quote,16.39,4,0,synthetic_demo
L010796,2026-01-15,Healthcare,1-50,Bulk order,18.79,2,0,synthetic_demo
L010631,2026-01-15,Manufacturing,51-200,Price quote,3.57,2,0,synthetic_demo
L001110,2026-01-15,Manufacturing,1-50,Bulk order,9.84,1,0,synthetic_demo
L002937,2026-01-15,Retail,51-200,Supplier request,9.28,3,0,synthetic_demo
L000386,2026-01-15,Construction,51-200,Product enquiry,6.75,6,0,synthetic_demo
L011004,2026-01-15,Construction,1-50,Price quote,7.21,3,0,synthetic_demo
L006067,2026-01-15,Retail,1-50,Bulk order,16.79,3,0,synthetic_demo
L002698,2026-01-15,Manufacturing,201-1000,Supplier request,2.81,1,0,synthetic_demo
L005454,2026-01-15,Manufacturing,1-50,Product enquiry,23.88,3,1,synthetic_demo
L007797,2026-01-15,Manufacturing,201-1000,Product enquiry,17.29,4,0,synthetic_demo
L002000,2026-01-15,Healthcare,51-200,Product enquiry,10.66,1,0,synthetic_demo
L003182,2026-01-15,Manufacturing,201-1000,Supplier request,13.52,2,0,synthetic_demo
L002595,2026-01-15,Retail,1-50,Bulk order,5.68,2,0,synthetic_demo
L007106,2026-01-15,Manufacturing,1-50,Bulk order,13.25,1,0,synthetic_demo
L004500,2026-01-15,Technology,1-50,Supplier request,12.71,1,0,synthetic_demo
L005302,2026-01-15,Healthcare,51-200,Product enquiry,15.53,0,0,synthetic_demo
L003940,2026-01-15,Manufacturing,1-50,Bulk order,2.66,1,0,synthetic_demo
L010756,2026-01-15,Retail,51-200,Product enquiry,19.62,1,0,synthetic_demo
L001662,2026-01-15,Healthcare,51-200,Price quote,17.74,4,0,synthetic_demo
L011975,2026-01-15,Manufacturing,201-1000,Product enquiry,1.72,1,0,synthetic_demo
L010020,2026-01-15,Technology,51-200,Bulk order,10.39,8,1,synthetic_demo
L004068,2026-01-15,Technology,201-1000,Price quote,7.99,5,1,synthetic_demo
L011758,2026-01-15,Retail,1-50,Product enquiry,1.37,2,0,synthetic_demo
L010196,2026-01-15,Construction,1001+,Price quote,5.37,3,0,synthetic_demo
L002254,2026-01-15,Healthcare,1-50,Bulk order,13.04,1,0,synthetic_demo
L001582,2026-01-15,Retail,1-50,Product enquiry,1.16,4,1,synthetic_demo
L002896,2026-01-16,Manufacturing,1001+,Supplier request,5.61,2,0,synthetic_demo
L008261,2026-01-16,Retail,201-1000,Bulk order,21.88,2,0,synthetic_demo
L006345,2026-01-16,Retail,201-1000,Price quote,4.81,1,0,synthetic_demo
L010633,2026-01-16,Construction,1-50,Price quote,8.85,2,0,synthetic_demo
L006493,2026-01-16,Technology,1-50,Price quote,2.31,3,0,synthetic_demo
L000592,2026-01-16,Retail,1001+,Product enquiry,10.46,1,0,synthetic_demo
L001383,2026-01-16,Healthcare,1-50,Product enquiry,6.69,1,0,synthetic_demo
L009966,2026-01-16,Manufacturing,1-50,Price quote,16.21,2,0,synthetic_demo
L011413,2026-01-16,Technology,201-1000,Supplier request,9.77,3,0,synthetic_demo
L007769,2026-01-16,Construction,201-1000,Bulk order,3.03,3,0,synthetic_demo
L009329,2026-01-16,Manufacturing,51-200,Price quote,8.23,3,1,synthetic_demo
L005584,2026-01-16,Technology,51-200,Price quote,6.2,3,0,synthetic_demo
L006751,2026-01-16,Manufacturing,51-200,Product enquiry,8.26,3,0,synthetic_demo
L011228,2026-01-16,Technology,1-50,Bulk order,5.76,1,0,synthetic_demo
L010950,2026-01-16,Manufacturing,201-1000,Supplier request,17.71,1,0,synthetic_demo
L007293,2026-01-16,Technology,51-200,Bulk order,4.44,1,0,synthetic_demo
L011207,2026-01-16,Healthcare,51-200,Product enquiry,13.76,4,0,synthetic_demo
L001941,2026-01-16,Manufacturing,201-1000,Supplier request,4.58,2,0,synthetic_demo
L007678,2026-01-16,Construction,51-200,Supplier request,2.13,2,0,synthetic_demo
L011938,2026-01-16,Construction,51-200,Supplier request,15.28,4,0,synthetic_demo
L000778,2026-01-16,Manufacturing,1-50,Price quote,12.75,3,0,synthetic_demo
L008830,2026-01-16,Construction,1001+,Bulk order,10.95,2,0,synthetic_demo
L007153,2026-01-16,Construction,1-50,Product enquiry,2.57,3,0,synthetic_demo
L011355,2026-01-16,Retail,201-1000,Bulk order,11.58,3,0,synthetic_demo
L009755,2026-01-16,Healthcare,201-1000,Price quote,4.94,3,1,synthetic_demo
L010086,2026-01-16,Technology,51-200,Bulk order,15.65,1,0,synthetic_demo
L008479,2026-01-16,Retail,51-200,Product enquiry,21.69,0,0,synthetic_demo
L002243,2026-01-16,Retail,201-1000,Supplier request,4.63,1,0,synthetic_demo
L008735,2026-01-16,Technology,1-50,Bulk order,11.14,2,0,synthetic_demo
L002527,2026-01-16,Construction,1001+,Product enquiry,9.63,1,0,synthetic_demo
L008757,2026-01-16,Manufacturing,1001+,Supplier request,12.8,2,0,synthetic_demo
L000343,2026-01-16,Technology,1-50,Price quote,6.87,1,0,synthetic_demo
L002330,2026-01-16,Healthcare,1-50,Bulk order,28.12,3,0,synthetic_demo
L005227,2026-01-16,Manufacturing,51-200,Bulk order,1.24,1,1,synthetic_demo
L000805,2026-01-16,Manufacturing,201-1000,Product enquiry,9.26,3,0,synthetic_demo
L010492,2026-01-17,Retail,1-50,Bulk order,8.97,2,0,synthetic_demo
L002808,2026-01-17,Technology,1-50,Bulk order,10.0,1,0,synthetic_demo
L001085,2026-01-17,Construction,51-200,Supplier request,5.08,0,0,synthetic_demo
L004631,2026-01-17,Retail,1-50,Product enquiry,26.19,1,0,synthetic_demo
L003896,2026-01-17,Healthcare,201-1000,Supplier request,5.27,4,1,synthetic_demo
L011603,2026-01-17,Manufacturing,51-200,Price quote,3.69,0,0,synthetic_demo
L009964,2026-01-17,Construction,1-50,Price quote,38.99,1,0,synthetic_demo
L004840,2026-01-17,Manufacturing,1001+,Price quote,11.91,5,1,synthetic_demo
L005199,2026-01-17,Technology,51-200,Supplier request,0.89,2,0,synthetic_demo
L008401,2026-01-17,Healthcare,1-50,Bulk order,18.32,0,0,synthetic_demo
L009080,2026-01-17,Retail,51-200,Product enquiry,5.61,1,0,synthetic_demo
L002424,2026-01-17,Manufacturing,1001+,Product enquiry,10.16,2,0,synthetic_demo
L001829,2026-01-17,Construction,51-200,Price quote,5.05,5,0,synthetic_demo
L002755,2026-01-17,Construction,1001+,Product enquiry,30.64,4,0,synthetic_demo
L009149,2026-01-17,Retail,51-200,Product enquiry,11.42,4,0,synthetic_demo
L004559,2026-01-17,Manufacturing,1-50,Price quote,13.61,1,0,synthetic_demo
L008641,2026-01-17,Retail,201-1000,Product enquiry,16.28,2,0,synthetic_demo
L002023,2026-01-17,Manufacturing,201-1000,Product enquiry,3.06,5,1,synthetic_demo
L008069,2026-01-17,Manufacturing,51-200,Product enquiry,3.84,3,0,synthetic_demo
L011326,2026-01-17,Retail,51-200,Bulk order,7.42,3,0,synthetic_demo
L001261,2026-01-17,Manufacturing,51-200,Product enquiry,21.68,3,0,synthetic_demo
L001491,2026-01-17,Manufacturing,1-50,Price quote,2.55,2,1,synthetic_demo
L000506,2026-01-17,Technology,1-50,Price quote,4.73,6,1,synthetic_demo
L009996,2026-01-17,Retail,51-200,Product enquiry,10.02,3,0,synthetic_demo
L009287,2026-01-17,Construction,201-1000,Product enquiry,14.52,4,0,synthetic_demo
L003751,2026-01-17,Manufacturing,1-50,Price quote,16.94,0,0,synthetic_demo
L009351,2026-01-17,Technology,1-50,Product enquiry,7.52,0,0,synthetic_demo
L002387,2026-01-17,Construction,51-200,Price quote,12.76,0,0,synthetic_demo
L007044,2026-01-17,Manufacturing,51-200,Price quote,13.08,0,0,synthetic_demo
L002257,2026-01-18,Construction,1-50,Price quote,22.91,4,0,synthetic_demo
L011553,2026-01-18,Healthcare,1-50,Price quote,6.53,1,0,synthetic_demo
L004344,2026-01-18,Manufacturing,1-50,Price quote,7.17,4,1,synthetic_demo
L001424,2026-01-18,Retail,51-200,Bulk order,5.33,1,0,synthetic_demo
L000709,2026-01-18,Retail,51-200,Bulk order,5.52,0,0,synthetic_demo
L002925,2026-01-18,Manufacturing,1-50,Product enquiry,4.31,4,1,synthetic_demo
L011552,2026-01-18,Construction,1001+,Price quote,22.12,3,0,synthetic_demo
L007852,2026-01-18,Technology,201-1000,Product enquiry,12.76,2,0,synthetic_demo
L002868,2026-01-18,Healthcare,1-50,Supplier request,1.71,1,0,synthetic_demo
L001758,2026-01-18,Construction,51-200,Price quote,18.14,1,0,synthetic_demo
L005855,2026-01-18,Manufacturing,201-1000,Product enquiry,31.92,5,1,synthetic_demo
L010862,2026-01-18,Technology,1001+,Price quote,18.07,3,0,synthetic_demo
L006419,2026-01-18,Construction,201-1000,Product enquiry,2.54,3,0,synthetic_demo
L006129,2026-01-18,Healthcare,1001+,Bulk order,18.2,2,0,synthetic_demo
L008422,2026-01-18,Technology,51-200,Bulk order,10.43,3,0,synthetic_demo
L001316,2026-01-18,Technology,1-50,Bulk order,5.7,2,0,synthetic_demo
L008132,2026-01-18,Construction,201-1000,Bulk order,11.38,4,1,synthetic_demo
L010692,2026-01-18,Healthcare,201-1000,Price quote,18.61,2,0,synthetic_demo
L006349,2026-01-18,Healthcare,1-50,Bulk order,8.12,3,0,synthetic_demo
L007636,2026-01-18,Manufacturing,201-1000,Supplier request,13.26,0,0,synthetic_demo
L004910,2026-01-18,Manufacturing,201-1000,Product enquiry,5.11,3,0,synthetic_demo
L001020,2026-01-18,Retail,1-50,Price quote,14.32,1,0,synthetic_demo
L011128,2026-01-18,Manufacturing,51-200,Product enquiry,15.25,2,0,synthetic_demo
L008128,2026-01-18,Technology,51-200,Bulk order,5.53,3,0,synthetic_demo
L006367,2026-01-18,Retail,1001+,Supplier request,3.4,2,1,synthetic_demo
L005806,2026-01-18,Technology,1001+,Product enquiry,2.56,3,1,synthetic_demo
L002581,2026-01-18,Manufacturing,201-1000,Price quote,11.68,4,0,synthetic_demo
L007976,2026-01-18,Construction,51-200,Price quote,12.32,3,0,synthetic_demo
L011634,2026-01-18,Manufacturing,1-50,Price quote,11.73,4,0,synthetic_demo
L002565,2026-01-18,Healthcare,201-1000,Supplier request,8.39,1,0,synthetic_demo
L010370,2026-01-18,Construction,1001+,Price quote,9.47,1,0,synthetic_demo
L002543,2026-01-18,Retail,51-200,Bulk order,4.9,3,0,synthetic_demo
L002208,2026-01-18,Retail,1001+,Supplier request,8.3,3,1,synthetic_demo
L008827,2026-01-18,Technology,201-1000,Supplier request,9.87,3,1,synthetic_demo
L010479,2026-01-18,Manufacturing,51-200,Price quote,12.09,4,1,synthetic_demo
L007890,2026-01-18,Technology,1-50,Price quote,25.87,4,0,synthetic_demo
L000956,2026-01-18,Construction,51-200,Supplier request,10.08,2,0,synthetic_demo
L011019,2026-01-19,Manufacturing,201-1000,Price quote,14.3,1,0,synthetic_demo
L009120,2026-01-19,Construction,201-1000,Supplier request,2.68,1,1,synthetic_demo
L008099,2026-01-19,Retail,1-50,Product enquiry,3.7,2,0,synthetic_demo
L001983,2026-01-19,Construction,201-1000,Price quote,16.87,2,0,synthetic_demo
L004106,2026-01-19,Manufacturing,1-50,Product enquiry,5.72,2,0,synthetic_demo
L009785,2026-01-19,Healthcare,201-1000,Bulk order,10.84,2,1,synthetic_demo
L006876,2026-01-19,Healthcare,51-200,Supplier request,6.05,5,0,synthetic_demo
L004095,2026-01-19,Manufacturing,1001+,Bulk order,23.92,3,1,synthetic_demo
L000267,2026-01-19,Retail,51-200,Bulk order,11.97,1,0,synthetic_demo
L004734,2026-01-19,Manufacturing,51-200,Bulk order,7.69,1,0,synthetic_demo
L009115,2026-01-19,Retail,51-200,Product enquiry,16.38,1,0,synthetic_demo
L002307,2026-01-19,Healthcare,1-50,Supplier request,6.01,1,0,synthetic_demo
L001812,2026-01-19,Retail,201-1000,Product enquiry,8.62,4,0,synthetic_demo
L009147,2026-01-19,Manufacturing,1-50,Bulk order,12.7,2,0,synthetic_demo
L008384,2026-01-19,Retail,201-1000,Product enquiry,5.34,3,0,synthetic_demo
L010641,2026-01-19,Technology,201-1000,Bulk order,1.74,2,1,synthetic_demo
L000922,2026-01-19,Technology,1001+,Product enquiry,1.14,2,1,synthetic_demo
L005644,2026-01-19,Retail,1001+,Supplier request,16.76,1,0,synthetic_demo
L006843,2026-01-19,Technology,51-200,Price quote,2.34,6,0,synthetic_demo
L003868,2026-01-19,Manufacturing,1-50,Price quote,2.27,3,0,synthetic_demo
L006328,2026-01-19,Healthcare,51-200,Bulk order,11.42,2,0,synthetic_demo
L010778,2026-01-19,Retail,51-200,Supplier request,9.54,3,1,synthetic_demo
L002430,2026-01-19,Technology,201-1000,Supplier request,15.85,0,0,synthetic_demo
L003605,2026-01-19,Construction,51-200,Supplier request,11.6,3,0,synthetic_demo
L011948,2026-01-19,Retail,201-1000,Bulk order,10.85,3,0,synthetic_demo
L010477,2026-01-19,Retail,201-1000,Price quote,25.62,2,0,synthetic_demo
L003326,2026-01-19,Technology,51-200,Bulk order,15.56,0,0,synthetic_demo
L002462,2026-01-19,Technology,51-200,Bulk order,5.01,5,0,synthetic_demo
L000793,2026-01-19,Retail,51-200,Price quote,20.29,1,0,synthetic_demo
L009688,2026-01-19,Construction,201-1000,Price quote,9.11,0,0,synthetic_demo
L009648,2026-01-19,Healthcare,1-50,Bulk order,7.24,6,1,synthetic_demo
L009282,2026-01-19,Construction,51-200,Bulk order,5.36,3,0,synthetic_demo
L011704,2026-01-19,Healthcare,1-50,Product enquiry,13.69,4,0,synthetic_demo
L005248,2026-01-19,Manufacturing,1-50,Bulk order,3.65,1,1,synthetic_demo
L005452,2026-01-19,Healthcare,1-50,Price quote,6.8,2,0,synthetic_demo
L009994,2026-01-19,Manufacturing,1-50,Supplier request,1.8,5,0,synthetic_demo
L011001,2026-01-19,Technology,1001+,Product enquiry,6.09,3,1,synthetic_demo
L000510,2026-01-19,Manufacturing,201-1000,Bulk order,9.33,3,0,synthetic_demo
L010486,2026-01-19,Healthcare,1-50,Product enquiry,3.22,0,0,synthetic_demo
L011669,2026-01-20,Retail,51-200,Supplier request,8.46,4,1,synthetic_demo
L003947,2026-01-20,Manufacturing,1-50,Supplier request,18.68,1,0,synthetic_demo
L000582,2026-01-20,Healthcare,1-50,Product enquiry,7.11,1,0,synthetic_demo
L004173,2026-01-20,Construction,51-200,Supplier request,13.3,6,0,synthetic_demo
L009754,2026-01-20,Manufacturing,1-50,Price quote,9.54,2,1,synthetic_demo
L007100,2026-01-20,Manufacturing,1-50,Supplier request,17.43,3,0,synthetic_demo
L003476,2026-01-20,Retail,51-200,Price quote,16.79,1,0,synthetic_demo
L003521,2026-01-20,Healthcare,1-50,Bulk order,5.75,4,0,synthetic_demo
L008563,2026-01-20,Construction,51-200,Price quote,17.17,0,0,synthetic_demo
L004592,2026-01-20,Healthcare,201-1000,Supplier request,23.33,0,0,synthetic_demo
L007431,2026-01-20,Technology,51-200,Product enquiry,12.14,1,0,synthetic_demo
L003532,2026-01-20,Manufacturing,1001+,Product enquiry,24.8,0,1,synthetic_demo
L010660,2026-01-20,Retail,201-1000,Supplier request,4.56,1,0,synthetic_demo
L004152,2026-01-20,Healthcare,1-50,Bulk order,10.75,1,0,synthetic_demo
L002613,2026-01-20,Healthcare,51-200,Product enquiry,13.34,3,0,synthetic_demo
L008949,2026-01-20,Retail,1-50,Price quote,18.84,2,0,synthetic_demo
L000292,2026-01-20,Manufacturing,201-1000,Product enquiry,3.48,2,0,synthetic_demo
L011810,2026-01-20,Technology,1001+,Product enquiry,20.46,4,0,synthetic_demo
L002421,2026-01-20,Manufacturing,1001+,Product enquiry,8.57,2,0,synthetic_demo
L001739,2026-01-20,Healthcare,1001+,Price quote,1.97,1,0,synthetic_demo
L003844,2026-01-20,Healthcare,1-50,Price quote,5.95,1,0,synthetic_demo
L008712,2026-01-20,Manufacturing,51-200,Price quote,18.56,1,0,synthetic_demo
L000003,2026-01-20,Construction,1-50,Product enquiry,6.04,6,0,synthetic_demo
L005337,2026-01-20,Technology,1001+,Product enquiry,9.15,4,1,synthetic_demo
L005146,2026-01-20,Technology,1001+,Supplier request,8.22,2,1,synthetic_demo
L003412,2026-01-20,Manufacturing,201-1000,Product enquiry,3.4,2,1,synthetic_demo
L008397,2026-01-20,Healthcare,1-50,Supplier request,13.7,0,0,synthetic_demo
L007037,2026-01-20,Manufacturing,1-50,Product enquiry,14.6,2,0,synthetic_demo
L002955,2026-01-20,Healthcare,201-1000,Bulk order,4.94,1,1,synthetic_demo
L005970,2026-01-20,Technology,1-50,Bulk order,14.41,4,0,synthetic_demo
L005679,2026-01-20,Technology,201-1000,Supplier request,12.28,0,0,synthetic_demo
L001510,2026-01-20,Technology,201-1000,Bulk order,17.15,3,0,synthetic_demo
L011323,2026-01-20,Healthcare,1-50,Price quote,8.18,3,0,synthetic_demo
L001768,2026-01-20,Manufacturing,51-200,Bulk order,19.04,1,0,synthetic_demo
L009508,2026-01-20,Manufacturing,201-1000,Bulk order,19.95,3,1,synthetic_demo
L002006,2026-01-21,Construction,201-1000,Product enquiry,19.88,3,1,synthetic_demo
L004505,2026-01-21,Manufacturing,51-200,Product enquiry,16.82,3,0,synthetic_demo
L008858,2026-01-21,Construction,1-50,Price quote,8.72,4,1,synthetic_demo
L000600,2026-01-21,Healthcare,51-200,Bulk order,7.07,3,0,synthetic_demo
L004544,2026-01-21,Healthcare,1001+,Price quote,17.51,3,0,synthetic_demo
L011796,2026-01-21,Technology,201-1000,Product enquiry,32.87,1,1,synthetic_demo
L010532,2026-01-21,Manufacturing,201-1000,Bulk order,15.07,3,1,synthetic_demo
L009898,2026-01-21,Technology,1001+,Price quote,24.83,3,0,synthetic_demo
L008490,2026-01-21,Technology,51-200,Product enquiry,29.36,1,0,synthetic_demo
L000213,2026-01-21,Manufacturing,201-1000,Product enquiry,0.76,2,0,synthetic_demo
L003798,2026-01-21,Technology,201-1000,Product enquiry,4.01,3,0,synthetic_demo
L007537,2026-01-21,Healthcare,201-1000,Price quote,16.45,1,0,synthetic_demo
L001132,2026-01-21,Healthcare,201-1000,Price quote,23.67,2,1,synthetic_demo
L006792,2026-01-21,Retail,1001+,Bulk order,3.24,3,0,synthetic_demo
L008528,2026-01-21,Technology,1-50,Product enquiry,19.01,2,0,synthetic_demo
L000880,2026-01-21,Healthcare,51-200,Product enquiry,7.05,3,1,synthetic_demo
L003861,2026-01-21,Retail,51-200,Price quote,1.22,1,0,synthetic_demo
L011043,2026-01-21,Technology,1-50,Price quote,8.14,1,0,synthetic_demo
L000378,2026-01-21,Retail,201-1000,Price quote,2.33,4,0,synthetic_demo
L000298,2026-01-21,Technology,1-50,Price quote,6.34,2,0,synthetic_demo
L002786,2026-01-21,Technology,51-200,Supplier request,6.94,2,0,synthetic_demo
L000385,2026-01-21,Retail,51-200,Supplier request,17.36,1,0,synthetic_demo
L008098,2026-01-21,Healthcare,1-50,Product enquiry,8.22,6,0,synthetic_demo
L009954,2026-01-21,Retail,1-50,Price quote,3.63,5,1,synthetic_demo
L006863,2026-01-21,Manufacturing,1001+,Bulk order,1.82,1,0,synthetic_demo
L001651,2026-01-21,Manufacturing,201-1000,Price quote,8.32,0,1,synthetic_demo
L003308,2026-01-21,Manufacturing,201-1000,Product enquiry,6.38,6,1,synthetic_demo
L003563,2026-01-21,Construction,51-200,Supplier request,14.78,2,1,synthetic_demo
L007477,2026-01-21,Retail,201-1000,Bulk order,33.58,2,1,synthetic_demo
L002569,2026-01-21,Technology,1-50,Bulk order,8.81,0,0,synthetic_demo
L003113,2026-01-21,Technology,1001+,Product enquiry,16.28,3,0,synthetic_demo
L010943,2026-01-21,Retail,1-50,Supplier request,19.31,2,0,synthetic_demo
L007095,2026-01-21,Technology,1-50,Price quote,12.3,2,0,synthetic_demo
L005221,2026-01-22,Manufacturing,201-1000,Product enquiry,14.93,2,0,synthetic_demo
L004894,2026-01-22,Manufacturing,1-50,Product enquiry,8.18,2,0,synthetic_demo
L009757,2026-01-22,Technology,1001+,Price quote,29.2,0,0,synthetic_demo
L006696,2026-01-22,Retail,201-1000,Product enquiry,12.05,2,0,synthetic_demo
L003575,2026-01-22,Retail,51-200,Supplier request,9.7,3,0,synthetic_demo
L010960,2026-01-22,Construction,1001+,Bulk order,3.2,1,0,synthetic_demo
L001963,2026-01-22,Healthcare,1001+,Price quote,12.82,2,0,synthetic_demo
L006592,2026-01-22,Technology,51-200,Bulk order,14.23,4,0,synthetic_demo
L007380,2026-01-22,Retail,201-1000,Supplier request,3.36,1,1,synthetic_demo
L009127,2026-01-22,Manufacturing,201-1000,Price quote,9.39,4,0,synthetic_demo
L009330,2026-01-22,Healthcare,51-200,Price quote,23.26,3,0,synthetic_demo
L007667,2026-01-22,Technology,1001+,Product enquiry,11.57,1,0,synthetic_demo
L009023,2026-01-22,Construction,1-50,Bulk order,6.97,3,0,synthetic_demo
L006392,2026-01-22,Healthcare,1-50,Supplier request,16.1,6,0,synthetic_demo
L005890,2026-01-22,Manufacturing,51-200,Price quote,16.9,2,0,synthetic_demo
L004222,2026-01-22,Manufacturing,51-200,Product enquiry,11.74,1,0,synthetic_demo
L003867,2026-01-22,Healthcare,51-200,Bulk order,13.76,3,0,synthetic_demo
L004178,2026-01-22,Construction,201-1000,Supplier request,9.96,2,0,synthetic_demo
L010215,2026-01-22,Technology,1-50,Bulk order,5.61,2,0,synthetic_demo
L009442,2026-01-22,Construction,201-1000,Price quote,12.09,3,0,synthetic_demo
L001435,2026-01-22,Manufacturing,201-1000,Price quote,4.43,3,1,synthetic_demo
L002756,2026-01-22,Technology,201-1000,Price quote,19.69,4,1,synthetic_demo
L005742,2026-01-22,Healthcare,201-1000,Supplier request,23.75,2,0,synthetic_demo
L010812,2026-01-22,Healthcare,201-1000,Supplier request,21.19,1,0,synthetic_demo
L000221,2026-01-22,Retail,201-1000,Product enquiry,7.83,1,0,synthetic_demo
L000212,2026-01-22,Healthcare,1-50,Price quote,11.06,1,0,synthetic_demo
L003241,2026-01-22,Construction,51-200,Supplier request,8.44,1,0,synthetic_demo
L003671,2026-01-22,Retail,201-1000,Bulk order,12.96,5,0,synthetic_demo
L006327,2026-01-22,Technology,51-200,Supplier request,9.75,1,0,synthetic_demo
L003158,2026-01-22,Manufacturing,51-200,Product enquiry,9.82,5,0,synthetic_demo
L003493,2026-01-22,Construction,1001+,Bulk order,19.54,2,0,synthetic_demo
L006762,2026-01-22,Healthcare,1-50,Price quote,3.3,2,0,synthetic_demo
L000283,2026-01-22,Manufacturing,1001+,Price quote,34.81,3,0,synthetic_demo
L009274,2026-01-22,Healthcare,51-200,Product enquiry,10.39,4,0,synthetic_demo
L010453,2026-01-22,Technology,1-50,Product enquiry,12.76,4,0,synthetic_demo
L006238,2026-01-22,Technology,201-1000,Price quote,7.86,2,0,synthetic_demo
L001161,2026-01-22,Manufacturing,1-50,Price quote,3.35,2,1,synthetic_demo
L011053,2026-01-22,Construction,201-1000,Product enquiry,3.6,1,0,synthetic_demo
L006078,2026-01-22,Retail,51-200,Price quote,8.37,5,0,synthetic_demo
L006268,2026-01-23,Technology,51-200,Price quote,3.91,1,0,synthetic_demo
L010338,2026-01-23,Construction,51-200,Product enquiry,18.56,1,0,synthetic_demo
L002750,2026-01-23,Manufacturing,1001+,Product enquiry,4.81,2,1,synthetic_demo
L001581,2026-01-23,Construction,51-200,Supplier request,6.56,3,0,synthetic_demo
L011419,2026-01-23,Technology,1-50,Price quote,27.43,0,0,synthetic_demo
L005976,2026-01-23,Manufacturing,1001+,Product enquiry,1.67,3,0,synthetic_demo
L006498,2026-01-23,Retail,201-1000,Price quote,27.49,3,0,synthetic_demo
L007815,2026-01-23,Healthcare,201-1000,Supplier request,16.73,2,0,synthetic_demo
L008067,2026-01-23,Manufacturing,51-200,Price quote,11.52,3,0,synthetic_demo
L010515,2026-01-23,Construction,51-200,Bulk order,20.27,3,0,synthetic_demo
L003094,2026-01-23,Construction,201-1000,Product enquiry,6.73,3,0,synthetic_demo
L003079,2026-01-23,Healthcare,201-1000,Price quote,4.96,3,0,synthetic_demo
L001454,2026-01-23,Construction,51-200,Product enquiry,29.11,0,0,synthetic_demo
L010734,2026-01-23,Construction,51-200,Bulk order,5.66,1,0,synthetic_demo
L001518,2026-01-23,Construction,1-50,Price quote,15.59,1,0,synthetic_demo
L010440,2026-01-23,Retail,51-200,Product enquiry,3.02,2,0,synthetic_demo
L001552,2026-01-23,Retail,201-1000,Product enquiry,1.33,3,0,synthetic_demo
L009360,2026-01-23,Manufacturing,1-50,Product enquiry,3.44,2,0,synthetic_demo
L008191,2026-01-23,Technology,51-200,Price quote,27.3,3,0,synthetic_demo
L002715,2026-01-23,Construction,201-1000,Supplier request,10.36,1,1,synthetic_demo
L004775,2026-01-23,Manufacturing,51-200,Bulk order,8.41,0,0,synthetic_demo
L007837,2026-01-23,Manufacturing,1001+,Bulk order,17.5,1,0,synthetic_demo
L005482,2026-01-23,Manufacturing,1-50,Price quote,4.63,0,0,synthetic_demo
L000135,2026-01-23,Healthcare,1001+,Price quote,23.39,1,0,synthetic_demo
L002599,2026-01-23,Construction,51-200,Price quote,11.47,5,0,synthetic_demo
L002418,2026-01-23,Healthcare,201-1000,Product enquiry,5.53,4,0,synthetic_demo
L003969,2026-01-23,Retail,1-50,Bulk order,1.93,1,1,synthetic_demo
L007941,2026-01-23,Manufacturing,1001+,Bulk order,14.03,2,0,synthetic_demo
L010171,2026-01-23,Healthcare,1001+,Bulk order,4.14,2,1,synthetic_demo
L004606,2026-01-23,Retail,1-50,Supplier request,7.07,4,0,synthetic_demo
L005740,2026-01-23,Retail,51-200,Bulk order,7.54,3,0,synthetic_demo
L008597,2026-01-23,Technology,1001+,Bulk order,26.95,5,1,synthetic_demo
L008010,2026-01-23,Healthcare,1-50,Price quote,19.4,2,0,synthetic_demo
L000009,2026-01-23,Manufacturing,201-1000,Product enquiry,8.67,1,0,synthetic_demo
L008291,2026-01-24,Technology,201-1000,Product enquiry,29.09,2,0,synthetic_demo
L008321,2026-01-24,Manufacturing,1-50,Product enquiry,10.5,0,0,synthetic_demo
L010626,2026-01-24,Technology,1-50,Bulk order,12.68,2,0,synthetic_demo
L005300,2026-01-24,Manufacturing,1-50,Price quote,13.54,4,1,synthetic_demo
L004572,2026-01-24,Construction,201-1000,Product enquiry,28.16,0,0,synthetic_demo
L011864,2026-01-24,Technology,201-1000,Price quote,20.69,3,0,synthetic_demo
L009806,2026-01-24,Construction,201-1000,Product enquiry,7.83,1,0,synthetic_demo
L010474,2026-01-24,Technology,1-50,Supplier request,9.0,6,0,synthetic_demo
L002439,2026-01-24,Retail,51-200,Price quote,21.18,3,0,synthetic_demo
L000557,2026-01-24,Retail,1-50,Product enquiry,12.07,3,0,synthetic_demo
L011008,2026-01-24,Healthcare,51-200,Product enquiry,22.18,8,1,synthetic_demo
L000586,2026-01-24,Healthcare,51-200,Price quote,12.15,0,0,synthetic_demo
L011140,2026-01-24,Manufacturing,1-50,Price quote,8.22,3,1,synthetic_demo
L005415,2026-01-24,Technology,201-1000,Supplier request,5.55,1,0,synthetic_demo
L001625,2026-01-24,Retail,1-50,Supplier request,11.56,0,0,synthetic_demo
L007556,2026-01-24,Construction,1-50,Price quote,2.29,4,0,synthetic_demo
L000875,2026-01-24,Technology,51-200,Price quote,11.79,0,0,synthetic_demo
L000147,2026-01-24,Retail,51-200,Bulk order,2.46,3,0,synthetic_demo
L005039,2026-01-24,Construction,1-50,Product enquiry,7.92,1,0,synthetic_demo
L007971,2026-01-24,Healthcare,1001+,Price quote,5.6,0,0,synthetic_demo
L005972,2026-01-24,Manufacturing,201-1000,Supplier request,5.64,5,1,synthetic_demo
L004292,2026-01-24,Manufacturing,1-50,Product enquiry,4.74,1,1,synthetic_demo
L008194,2026-01-24,Construction,51-200,Product enquiry,12.77,0,0,synthetic_demo
L001749,2026-01-24,Retail,1-50,Product enquiry,16.13,1,0,synthetic_demo
L002977,2026-01-24,Technology,51-200,Price quote,9.89,3,1,synthetic_demo
L005527,2026-01-24,Retail,1001+,Price quote,12.51,2,0,synthetic_demo
L002576,2026-01-24,Healthcare,1-50,Price quote,8.56,2,0,synthetic_demo
L001709,2026-01-24,Construction,1001+,Bulk order,19.62,0,0,synthetic_demo
L004499,2026-01-24,Construction,1001+,Product enquiry,10.51,4,0,synthetic_demo
L000790,2026-01-25,Healthcare,1-50,Price quote,21.82,1,0,synthetic_demo
L005138,2026-01-25,Manufacturing,1-50,Price quote,13.81,2,0,synthetic_demo
L008070,2026-01-25,Construction,1-50,Supplier request,21.74,1,0,synthetic_demo
L006742,2026-01-25,Retail,1-50,Product enquiry,11.69,3,0,synthetic_demo
L004712,2026-01-25,Manufacturing,51-200,Product enquiry,17.79,3,0,synthetic_demo
L000739,2026-01-25,Retail,51-200,Bulk order,22.08,4,0,synthetic_demo
L010887,2026-01-25,Healthcare,1-50,Product enquiry,2.7,4,1,synthetic_demo
L006497,2026-01-25,Retail,1-50,Bulk order,42.37,3,0,synthetic_demo
L006632,2026-01-25,Manufacturing,201-1000,Price quote,17.7,3,0,synthetic_demo
L007261,2026-01-25,Construction,51-200,Bulk order,12.26,2,0,synthetic_demo
L002760,2026-01-25,Healthcare,51-200,Product enquiry,5.32,3,0,synthetic_demo
L006382,2026-01-25,Construction,1-50,Price quote,7.78,2,0,synthetic_demo
L004710,2026-01-25,Retail,51-200,Supplier request,10.17,4,0,synthetic_demo
L001619,2026-01-25,Construction,1-50,Supplier request,9.25,2,1,synthetic_demo
L009931,2026-01-25,Manufacturing,51-200,Price quote,1.42,4,1,synthetic_demo
L004617,2026-01-25,Manufacturing,201-1000,Product enquiry,11.6,2,0,synthetic_demo
L011565,2026-01-25,Manufacturing,201-1000,Product enquiry,9.89,3,0,synthetic_demo
L008257,2026-01-25,Technology,201-1000,Product enquiry,11.84,5,0,synthetic_demo
L005466,2026-01-25,Technology,51-200,Bulk order,10.01,5,1,synthetic_demo
L004425,2026-01-25,Healthcare,201-1000,Bulk order,10.54,2,1,synthetic_demo
L010136,2026-01-25,Manufacturing,1-50,Supplier request,29.09,2,0,synthetic_demo
L001270,2026-01-25,Healthcare,201-1000,Supplier request,9.85,1,1,synthetic_demo
L009475,2026-01-25,Retail,51-200,Product enquiry,12.76,1,0,synthetic_demo
L006225,2026-01-25,Healthcare,51-200,Price quote,17.7,1,0,synthetic_demo
L008352,2026-01-25,Construction,51-200,Bulk order,4.95,4,0,synthetic_demo
L005861,2026-01-25,Healthcare,1001+,Product enquiry,1.54,1,0,synthetic_demo
L011919,2026-01-25,Construction,1-50,Product enquiry,3.2,2,0,synthetic_demo
L009334,2026-01-25,Healthcare,1001+,Supplier request,13.45,1,0,synthetic_demo
L008160,2026-01-25,Retail,201-1000,Product enquiry,8.01,2,0,synthetic_demo
L003974,2026-01-25,Manufacturing,51-200,Product enquiry,12.37,0,0,synthetic_demo
L006051,2026-01-25,Retail,1001+,Supplier request,18.02,0,0,synthetic_demo
L007782,2026-01-25,Retail,201-1000,Price quote,21.04,3,0,synthetic_demo
L006097,2026-01-25,Manufacturing,1-50,Bulk order,7.77,3,0,synthetic_demo
L009246,2026-01-25,Healthcare,201-1000,Price quote,21.39,5,1,synthetic_demo
L008112,2026-01-25,Manufacturing,51-200,Price quote,7.2,3,1,synthetic_demo
L011091,2026-01-25,Healthcare,201-1000,Product enquiry,13.23,2,1,synthetic_demo
L003674,2026-01-25,Retail,51-200,Supplier request,6.21,0,0,synthetic_demo
L008197,2026-01-26,Healthcare,51-200,Supplier request,15.88,0,0,synthetic_demo
L007082,2026-01-26,Technology,1-50,Bulk order,16.25,3,0,synthetic_demo
L010634,2026-01-26,Healthcare,51-200,Price quote,13.87,4,0,synthetic_demo
L002872,2026-01-26,Retail,1001+,Supplier request,3.48,2,1,synthetic_demo
L002548,2026-01-26,Manufacturing,1-50,Supplier request,5.86,0,0,synthetic_demo
L000373,2026-01-26,Retail,1-50,Bulk order,19.95,2,0,synthetic_demo
L001007,2026-01-26,Construction,51-200,Product enquiry,23.37,1,0,synthetic_demo
L006313,2026-01-26,Construction,51-200,Bulk order,11.56,3,0,synthetic_demo
L004779,2026-01-26,Retail,51-200,Product enquiry,4.62,3,0,synthetic_demo
L011547,2026-01-26,Healthcare,1-50,Price quote,11.24,0,0,synthetic_demo
L009584,2026-01-26,Technology,51-200,Product enquiry,15.25,1,0,synthetic_demo
L005366,2026-01-26,Construction,1-50,Product enquiry,7.44,4,1,synthetic_demo
L005865,2026-01-26,Technology,1001+,Price quote,6.56,3,1,synthetic_demo
L006775,2026-01-26,Healthcare,51-200,Product enquiry,4.07,4,0,synthetic_demo
L004621,2026-01-26,Manufacturing,201-1000,Price quote,11.79,0,0,synthetic_demo
L011997,2026-01-26,Manufacturing,51-200,Product enquiry,5.48,1,0,synthetic_demo
L006795,2026-01-26,Healthcare,1-50,Product enquiry,12.83,0,0,synthetic_demo
L007772,2026-01-26,Manufacturing,1-50,Product enquiry,1.74,2,0,synthetic_demo
L000901,2026-01-26,Retail,1-50,Product enquiry,15.21,1,0,synthetic_demo
L005850,2026-01-26,Technology,51-200,Product enquiry,5.22,1,0,synthetic_demo
L010429,2026-01-26,Retail,51-200,Supplier request,6.48,4,1,synthetic_demo
L003858,2026-01-26,Retail,1-50,Bulk order,14.31,3,0,synthetic_demo
L010803,2026-01-26,Healthcare,51-200,Price quote,4.33,2,1,synthetic_demo
L003865,2026-01-26,Construction,201-1000,Product enquiry,9.51,4,1,synthetic_demo
L010324,2026-01-26,Healthcare,1-50,Supplier request,17.67,1,0,synthetic_demo
L008701,2026-01-26,Retail,1001+,Bulk order,6.62,1,1,synthetic_demo
L007638,2026-01-26,Construction,201-1000,Price quote,11.5,1,0,synthetic_demo
L009389,2026-01-26,Manufacturing,201-1000,Supplier request,3.25,2,0,synthetic_demo
L001045,2026-01-26,Manufacturing,1001+,Product enquiry,14.98,1,0,synthetic_demo
L003990,2026-01-26,Construction,51-200,Price quote,13.25,3,0,synthetic_demo
L007466,2026-01-26,Manufacturing,1001+,Price quote,3.5,1,0,synthetic_demo
L005676,2026-01-26,Construction,51-200,Bulk order,30.8,1,0,synthetic_demo
L010192,2026-01-26,Manufacturing,1-50,Price quote,15.11,5,0,synthetic_demo
L008933,2026-01-26,Manufacturing,201-1000,Product enquiry,1.39,2,1,synthetic_demo
L002624,2026-01-26,Construction,201-1000,Price quote,8.53,1,0,synthetic_demo
L006784,2026-01-26,Manufacturing,1-50,Price quote,3.04,3,0,synthetic_demo
L011682,2026-01-27,Retail,1-50,Product enquiry,14.26,1,0,synthetic_demo
L001207,2026-01-27,Healthcare,51-200,Bulk order,45.91,1,0,synthetic_demo
L000837,2026-01-27,Technology,1001+,Product enquiry,3.42,1,1,synthetic_demo
L001537,2026-01-27,Technology,201-1000,Bulk order,6.67,2,0,synthetic_demo
L011291,2026-01-27,Technology,51-200,Supplier request,4.33,1,0,synthetic_demo
L007113,2026-01-27,Technology,201-1000,Price quote,6.49,0,1,synthetic_demo
L000671,2026-01-27,Manufacturing,1-50,Price quote,10.34,2,0,synthetic_demo
L007350,2026-01-27,Manufacturing,201-1000,Product enquiry,16.44,3,0,synthetic_demo
L003115,2026-01-27,Retail,1-50,Price quote,2.25,4,1,synthetic_demo
L009289,2026-01-27,Retail,1-50,Supplier request,7.81,3,1,synthetic_demo
L005303,2026-01-27,Technology,51-200,Supplier request,1.45,3,0,synthetic_demo
L004333,2026-01-27,Manufacturing,1001+,Price quote,11.84,0,0,synthetic_demo
L004323,2026-01-27,Healthcare,1-50,Product enquiry,1.45,2,0,synthetic_demo
L005564,2026-01-27,Manufacturing,51-200,Product enquiry,3.27,4,0,synthetic_demo
L005786,2026-01-27,Technology,1-50,Price quote,5.41,1,0,synthetic_demo
L005219,2026-01-27,Retail,1-50,Price quote,6.54,4,0,synthetic_demo
L011899,2026-01-27,Retail,1-50,Price quote,5.87,1,1,synthetic_demo
L005952,2026-01-27,Retail,201-1000,Product enquiry,3.95,3,1,synthetic_demo
L002060,2026-01-27,Manufacturing,1-50,Bulk order,3.37,0,0,synthetic_demo
L003554,2026-01-27,Healthcare,201-1000,Supplier request,13.97,1,0,synthetic_demo
L006046,2026-01-27,Retail,1-50,Price quote,0.65,2,0,synthetic_demo
L006141,2026-01-27,Manufacturing,201-1000,Bulk order,19.27,5,0,synthetic_demo
L006260,2026-01-27,Manufacturing,201-1000,Price quote,3.03,1,0,synthetic_demo
L008089,2026-01-27,Retail,51-200,Supplier request,16.39,1,0,synthetic_demo
L007645,2026-01-27,Technology,1-50,Bulk order,11.24,1,0,synthetic_demo
L006727,2026-01-27,Manufacturing,201-1000,Product enquiry,14.93,1,0,synthetic_demo
L006732,2026-01-27,Healthcare,1-50,Bulk order,11.55,3,0,synthetic_demo
L006776,2026-01-27,Retail,51-200,Supplier request,24.97,2,0,synthetic_demo
L008025,2026-01-27,Manufacturing,201-1000,Bulk order,7.15,1,0,synthetic_demo
L002863,2026-01-27,Retail,51-200,Supplier request,3.28,3,0,synthetic_demo
L002325,2026-01-27,Manufacturing,51-200,Price quote,7.48,2,0,synthetic_demo
L010766,2026-01-27,Retail,201-1000,Supplier request,14.9,2,0,synthetic_demo
L006372,2026-01-27,Manufacturing,1-50,Product enquiry,12.71,4,0,synthetic_demo
L004600,2026-01-28,Retail,201-1000,Bulk order,11.58,1,0,synthetic_demo
L011548,2026-01-28,Retail,201-1000,Price quote,4.18,5,1,synthetic_demo
L009973,2026-01-28,Construction,51-200,Product enquiry,4.39,4,0,synthetic_demo
L005402,2026-01-28,Manufacturing,201-1000,Product enquiry,8.37,0,0,synthetic_demo
L004086,2026-01-28,Construction,51-200,Bulk order,31.8,4,0,synthetic_demo
L005424,2026-01-28,Manufacturing,1-50,Price quote,5.94,2,0,synthetic_demo
L001997,2026-01-28,Retail,1-50,Supplier request,33.97,2,0,synthetic_demo
L009916,2026-01-28,Retail,1-50,Supplier request,4.21,2,0,synthetic_demo
L000955,2026-01-28,Construction,1001+,Supplier request,7.21,3,0,synthetic_demo
L004259,2026-01-28,Construction,201-1000,Product enquiry,4.35,0,0,synthetic_demo
L009940,2026-01-28,Technology,51-200,Price quote,8.43,2,0,synthetic_demo
L000333,2026-01-28,Technology,201-1000,Price quote,23.21,2,1,synthetic_demo
L007957,2026-01-28,Retail,1-50,Product enquiry,3.41,4,0,synthetic_demo
L007252,2026-01-28,Healthcare,1-50,Bulk order,3.2,2,0,synthetic_demo
L003361,2026-01-28,Retail,201-1000,Supplier request,8.53,3,0,synthetic_demo
L003399,2026-01-28,Technology,1001+,Supplier request,10.83,1,0,synthetic_demo
L009424,2026-01-28,Manufacturing,201-1000,Price quote,12.28,2,0,synthetic_demo
L009083,2026-01-28,Manufacturing,1-50,Price quote,9.41,1,0,synthetic_demo
L000626,2026-01-28,Retail,51-200,Product enquiry,14.47,2,0,synthetic_demo
L010884,2026-01-28,Construction,1-50,Product enquiry,16.21,0,0,synthetic_demo
L001453,2026-01-28,Construction,51-200,Bulk order,17.24,1,0,synthetic_demo
L009643,2026-01-28,Construction,51-200,Price quote,7.9,1,0,synthetic_demo
L005804,2026-01-28,Healthcare,201-1000,Supplier request,3.2,2,0,synthetic_demo
L008825,2026-01-28,Construction,51-200,Product enquiry,6.14,2,0,synthetic_demo
L008157,2026-01-29,Construction,1-50,Product enquiry,6.76,0,0,synthetic_demo
L007796,2026-01-29,Technology,1-50,Price quote,12.31,2,1,synthetic_demo
L011814,2026-01-29,Construction,51-200,Bulk order,3.48,4,0,synthetic_demo
L000986,2026-01-29,Construction,201-1000,Bulk order,20.65,1,0,synthetic_demo
L011873,2026-01-29,Technology,1001+,Product enquiry,17.37,3,0,synthetic_demo
L009045,2026-01-29,Retail,201-1000,Product enquiry,7.16,1,0,synthetic_demo
L005050,2026-01-29,Construction,1-50,Supplier request,4.85,1,0,synthetic_demo
L003034,2026-01-29,Manufacturing,1-50,Price quote,18.16,5,0,synthetic_demo
L010723,2026-01-29,Manufacturing,1-50,Bulk order,6.73,1,0,synthetic_demo
L007656,2026-01-29,Technology,201-1000,Product enquiry,8.48,3,1,synthetic_demo
L005950,2026-01-29,Technology,1001+,Price quote,8.2,1,0,synthetic_demo
L005923,2026-01-29,Technology,1001+,Supplier request,14.99,6,0,synthetic_demo
L002891,2026-01-29,Manufacturing,1001+,Bulk order,8.36,4,0,synthetic_demo
L005207,2026-01-29,Manufacturing,1001+,Price quote,7.26,3,0,synthetic_demo
L003748,2026-01-29,Construction,201-1000,Product enquiry,11.07,2,0,synthetic_demo
L009031,2026-01-29,Retail,1001+,Product enquiry,2.23,2,0,synthetic_demo
L005848,2026-01-29,Manufacturing,1-50,Bulk order,16.59,2,1,synthetic_demo
L010900,2026-01-29,Manufacturing,51-200,Bulk order,5.65,5,1,synthetic_demo
L008965,2026-01-29,Retail,201-1000,Product enquiry,32.41,2,0,synthetic_demo
L010298,2026-01-29,Retail,1001+,Price quote,26.2,6,0,synthetic_demo
L009276,2026-01-29,Manufacturing,201-1000,Supplier request,4.08,2,0,synthetic_demo
L002193,2026-01-29,Technology,201-1000,Bulk order,6.34,1,0,synthetic_demo
L010047,2026-01-29,Healthcare,51-200,Product enquiry,19.09,2,0,synthetic_demo
L009930,2026-01-29,Healthcare,201-1000,Product enquiry,7.07,0,0,synthetic_demo
L005336,2026-01-29,Technology,201-1000,Price quote,9.44,3,0,synthetic_demo
L001287,2026-01-29,Retail,1001+,Supplier request,7.18,4,1,synthetic_demo
L005351,2026-01-29,Construction,1-50,Bulk order,9.51,2,0,synthetic_demo
L011384,2026-01-29,Healthcare,1-50,Price quote,10.74,2,0,synthetic_demo
L009571,2026-01-29,Manufacturing,51-200,Price quote,1.65,3,0,synthetic_demo
L001995,2026-01-29,Retail,51-200,Bulk order,13.98,1,0,synthetic_demo
L006289,2026-01-29,Retail,1-50,Product enquiry,28.49,4,0,synthetic_demo
L001665,2026-01-29,Construction,201-1000,Price quote,1.26,2,1,synthetic_demo
L001796,2026-01-29,Retail,201-1000,Price quote,9.79,4,0,synthetic_demo
L004381,2026-01-29,Healthcare,1001+,Supplier request,4.03,0,0,synthetic_demo
L001872,2026-01-29,Retail,51-200,Product enquiry,11.02,2,0,synthetic_demo
L008281,2026-01-30,Retail,1-50,Bulk order,12.57,8,1,synthetic_demo
L009627,2026-01-30,Manufacturing,51-200,Supplier request,38.0,3,0,synthetic_demo
L005791,2026-01-30,Technology,1001+,Bulk order,5.27,0,0,synthetic_demo
L003783,2026-01-30,Construction,51-200,Product enquiry,25.72,1,0,synthetic_demo
L010227,2026-01-30,Technology,1-50,Price quote,13.13,0,0,synthetic_demo
L001031,2026-01-30,Healthcare,1-50,Price quote,4.08,2,0,synthetic_demo
L009814,2026-01-30,Manufacturing,201-1000,Product enquiry,2.11,4,0,synthetic_demo
L008635,2026-01-30,Manufacturing,1-50,Product enquiry,11.01,0,0,synthetic_demo
L001272,2026-01-30,Retail,201-1000,Product enquiry,15.82,5,0,synthetic_demo
L000897,2026-01-30,Retail,1-50,Product enquiry,17.53,3,0,synthetic_demo
L007430,2026-01-30,Construction,1001+,Price quote,9.14,1,0,synthetic_demo
L007143,2026-01-30,Technology,1-50,Product enquiry,18.64,1,0,synthetic_demo
L007125,2026-01-30,Retail,1-50,Supplier request,13.34,2,1,synthetic_demo
L006087,2026-01-30,Healthcare,1-50,Product enquiry,10.25,0,0,synthetic_demo
L008969,2026-01-30,Construction,1-50,Product enquiry,16.75,2,0,synthetic_demo
L007962,2026-01-30,Manufacturing,1-50,Supplier request,5.13,2,0,synthetic_demo
L002921,2026-01-30,Construction,51-200,Bulk order,4.5,0,0,synthetic_demo
L002753,2026-01-30,Technology,51-200,Supplier request,6.18,2,0,synthetic_demo
L000403,2026-01-30,Technology,201-1000,Product enquiry,12.18,3,1,synthetic_demo
L002901,2026-01-30,Retail,201-1000,Bulk order,3.72,1,0,synthetic_demo
L005066,2026-01-30,Healthcare,1-50,Bulk order,15.28,2,0,synthetic_demo
L006609,2026-01-31,Manufacturing,1001+,Product enquiry,17.41,3,0,synthetic_demo
L008842,2026-01-31,Manufacturing,1-50,Price quote,16.54,1,0,synthetic_demo
L005555,2026-01-31,Technology,1-50,Price quote,9.36,2,0,synthetic_demo
L008756,2026-01-31,Manufacturing,51-200,Price quote,7.39,3,0,synthetic_demo
L007312,2026-01-31,Retail,201-1000,Price quote,7.6,2,0,synthetic_demo
L005956,2026-01-31,Healthcare,1-50,Bulk order,20.86,4,0,synthetic_demo
L008131,2026-01-31,Healthcare,51-200,Product enquiry,13.25,0,0,synthetic_demo
L006330,2026-01-31,Manufacturing,51-200,Price quote,8.18,3,0,synthetic_demo
L008107,2026-01-31,Manufacturing,51-200,Product enquiry,25.99,2,0,synthetic_demo
L009258,2026-01-31,Construction,1001+,Product enquiry,19.04,3,0,synthetic_demo
L012000,2026-01-31,Healthcare,51-200,Bulk order,18.23,4,0,synthetic_demo
L000878,2026-01-31,Retail,1-50,Bulk order,11.02,2,0,synthetic_demo
L001572,2026-01-31,Healthcare,1-50,Product enquiry,10.44,4,0,synthetic_demo
L000974,2026-01-31,Construction,201-1000,Bulk order,4.53,3,0,synthetic_demo
L002713,2026-01-31,Manufacturing,1001+,Bulk order,8.33,4,0,synthetic_demo
L011629,2026-01-31,Retail,51-200,Price quote,6.53,2,0,synthetic_demo
L001280,2026-01-31,Healthcare,51-200,Price quote,4.09,2,0,synthetic_demo
L001650,2026-01-31,Technology,51-200,Bulk order,1.75,4,1,synthetic_demo
L010248,2026-01-31,Retail,51-200,Bulk order,12.9,3,0,synthetic_demo
L004725,2026-01-31,Manufacturing,201-1000,Product enquiry,14.67,3,0,synthetic_demo
L009870,2026-01-31,Construction,51-200,Bulk order,2.6,1,0,synthetic_demo
L011256,2026-01-31,Manufacturing,201-1000,Supplier request,5.82,0,0,synthetic_demo
L002641,2026-01-31,Technology,201-1000,Supplier request,6.37,5,0,synthetic_demo
L001624,2026-01-31,Manufacturing,1001+,Product enquiry,14.33,1,0,synthetic_demo
L010536,2026-01-31,Retail,51-200,Product enquiry,8.56,2,0,synthetic_demo
L002870,2026-01-31,Manufacturing,1-50,Supplier request,7.45,5,0,synthetic_demo
L001830,2026-01-31,Healthcare,1-50,Supplier request,7.56,2,0,synthetic_demo
L010421,2026-01-31,Manufacturing,51-200,Bulk order,9.15,0,1,synthetic_demo
L002883,2026-01-31,Healthcare,1-50,Price quote,10.5,1,0,synthetic_demo
L004545,2026-01-31,Retail,1001+,Bulk order,7.16,1,1,synthetic_demo
L010767,2026-01-31,Manufacturing,201-1000,Bulk order,6.1,2,0,synthetic_demo
L010779,2026-01-31,Technology,1-50,Bulk order,1.55,1,0,synthetic_demo
L000115,2026-01-31,Manufacturing,201-1000,Product enquiry,1.92,3,1,synthetic_demo
L011361,2026-01-31,Technology,1-50,Supplier request,3.19,3,0,synthetic_demo
L004844,2026-02-01,Retail,201-1000,Product enquiry,13.61,5,0,synthetic_demo
L007217,2026-02-01,Technology,1001+,Product enquiry,5.58,1,0,synthetic_demo
L002723,2026-02-01,Retail,201-1000,Bulk order,17.67,4,1,synthetic_demo
L002223,2026-02-01,Retail,201-1000,Bulk order,11.03,2,0,synthetic_demo
L001355,2026-02-01,Construction,201-1000,Bulk order,12.07,1,0,synthetic_demo
L001641,2026-02-01,Technology,1-50,Bulk order,8.48,3,1,synthetic_demo
L007155,2026-02-01,Technology,1001+,Bulk order,10.4,1,1,synthetic_demo
L011038,2026-02-01,Retail,201-1000,Price quote,5.18,1,1,synthetic_demo
L002422,2026-02-01,Manufacturing,51-200,Price quote,1.88,1,1,synthetic_demo
L004883,2026-02-01,Healthcare,51-200,Bulk order,3.75,2,0,synthetic_demo
L010262,2026-02-01,Construction,1001+,Price quote,9.21,0,0,synthetic_demo
L011867,2026-02-01,Retail,201-1000,Bulk order,6.1,3,0,synthetic_demo
L007104,2026-02-01,Manufacturing,201-1000,Product enquiry,8.55,1,1,synthetic_demo
L006815,2026-02-01,Healthcare,51-200,Price quote,12.83,5,1,synthetic_demo
L010495,2026-02-01,Construction,1001+,Price quote,8.76,1,0,synthetic_demo
L007130,2026-02-01,Retail,201-1000,Supplier request,20.79,1,0,synthetic_demo
L008654,2026-02-01,Manufacturing,201-1000,Supplier request,2.26,2,0,synthetic_demo
L008824,2026-02-01,Technology,51-200,Bulk order,6.06,2,0,synthetic_demo
L006176,2026-02-01,Construction,1-50,Product enquiry,9.79,2,0,synthetic_demo
L011196,2026-02-01,Healthcare,1-50,Price quote,5.55,2,0,synthetic_demo
L004661,2026-02-01,Technology,1-50,Price quote,8.72,2,0,synthetic_demo
L006048,2026-02-01,Manufacturing,51-200,Price quote,7.33,0,0,synthetic_demo
L009068,2026-02-01,Healthcare,1-50,Product enquiry,10.67,3,0,synthetic_demo
L004476,2026-02-01,Technology,201-1000,Bulk order,16.42,2,0,synthetic_demo
L006516,2026-02-01,Retail,201-1000,Supplier request,13.53,3,1,synthetic_demo
L009132,2026-02-01,Technology,51-200,Price quote,9.39,1,0,synthetic_demo
L002080,2026-02-01,Manufacturing,51-200,Product enquiry,8.25,1,0,synthetic_demo
L002084,2026-02-01,Manufacturing,51-200,Product enquiry,2.62,0,0,synthetic_demo
L010055,2026-02-01,Technology,1001+,Product enquiry,26.64,0,0,synthetic_demo
L011901,2026-02-01,Manufacturing,1-50,Product enquiry,7.37,4,0,synthetic_demo
L009126,2026-02-01,Construction,201-1000,Bulk order,7.37,3,1,synthetic_demo
L000633,2026-02-01,Manufacturing,1001+,Bulk order,5.14,1,1,synthetic_demo
L006535,2026-02-01,Retail,51-200,Price quote,3.91,1,0,synthetic_demo
L004528,2026-02-01,Technology,1-50,Supplier request,9.48,2,1,synthetic_demo
L006426,2026-02-01,Manufacturing,1-50,Product enquiry,4.98,0,0,synthetic_demo
L008129,2026-02-02,Healthcare,1-50,Bulk order,11.8,3,0,synthetic_demo
L001485,2026-02-02,Healthcare,51-200,Product enquiry,2.93,6,1,synthetic_demo
L009542,2026-02-02,Construction,51-200,Product enquiry,9.89,1,0,synthetic_demo
L005818,2026-02-02,Manufacturing,1-50,Bulk order,4.34,3,1,synthetic_demo
L004644,2026-02-02,Manufacturing,201-1000,Price quote,20.27,1,0,synthetic_demo
L006697,2026-02-02,Retail,1-50,Price quote,4.53,1,0,synthetic_demo
L011170,2026-02-02,Technology,201-1000,Product enquiry,32.82,2,0,synthetic_demo
L005919,2026-02-02,Construction,51-200,Supplier request,5.9,2,0,synthetic_demo
L011152,2026-02-02,Manufacturing,1001+,Product enquiry,16.58,1,0,synthetic_demo
L010364,2026-02-02,Technology,201-1000,Supplier request,2.29,4,1,synthetic_demo
L005417,2026-02-02,Manufacturing,1-50,Price quote,15.41,2,0,synthetic_demo
L002492,2026-02-02,Retail,201-1000,Bulk order,5.67,2,0,synthetic_demo
L000815,2026-02-02,Manufacturing,1-50,Price quote,12.74,0,0,synthetic_demo
L007119,2026-02-02,Manufacturing,201-1000,Bulk order,18.53,1,0,synthetic_demo
L004461,2026-02-02,Retail,1-50,Bulk order,17.04,0,0,synthetic_demo
L003389,2026-02-02,Retail,51-200,Price quote,9.56,0,1,synthetic_demo
L008117,2026-02-02,Healthcare,51-200,Bulk order,5.02,1,0,synthetic_demo
L011449,2026-02-02,Technology,201-1000,Bulk order,17.52,2,0,synthetic_demo
L006380,2026-02-02,Retail,1001+,Price quote,30.53,4,0,synthetic_demo
L005739,2026-02-02,Construction,51-200,Bulk order,5.31,3,1,synthetic_demo
L003230,2026-02-02,Retail,201-1000,Product enquiry,16.67,1,0,synthetic_demo
L008683,2026-02-02,Technology,51-200,Product enquiry,13.58,3,1,synthetic_demo
L005560,2026-02-02,Manufacturing,201-1000,Price quote,10.35,2,0,synthetic_demo
L001774,2026-02-02,Construction,51-200,Product enquiry,8.92,2,0,synthetic_demo
L011897,2026-02-02,Retail,1001+,Product enquiry,9.89,2,0,synthetic_demo
L003291,2026-02-02,Retail,201-1000,Bulk order,13.41,2,0,synthetic_demo
L006713,2026-02-03,Retail,1-50,Supplier request,20.2,2,0,synthetic_demo
L009466,2026-02-03,Manufacturing,1-50,Price quote,0.87,1,0,synthetic_demo
L003984,2026-02-03,Manufacturing,1-50,Price quote,4.03,2,0,synthetic_demo
L008019,2026-02-03,Retail,201-1000,Price quote,22.1,2,0,synthetic_demo
L011678,2026-02-03,Construction,1-50,Supplier request,6.56,0,0,synthetic_demo
L002179,2026-02-03,Manufacturing,51-200,Supplier request,2.89,1,0,synthetic_demo
L003637,2026-02-03,Technology,201-1000,Product enquiry,17.55,3,0,synthetic_demo
L004885,2026-02-03,Construction,51-200,Product enquiry,7.33,0,0,synthetic_demo
L003693,2026-02-03,Manufacturing,51-200,Product enquiry,4.27,5,1,synthetic_demo
L003745,2026-02-03,Manufacturing,1-50,Price quote,10.85,0,0,synthetic_demo
L004309,2026-02-03,Construction,1001+,Product enquiry,11.87,1,0,synthetic_demo
L001701,2026-02-03,Construction,1001+,Supplier request,4.86,4,0,synthetic_demo
L000178,2026-02-03,Construction,1001+,Supplier request,16.1,3,1,synthetic_demo
L011868,2026-02-03,Technology,1-50,Price quote,8.75,0,0,synthetic_demo
L008543,2026-02-03,Retail,1001+,Product enquiry,3.78,1,0,synthetic_demo
L007074,2026-02-03,Healthcare,1001+,Bulk order,10.66,1,0,synthetic_demo
L008546,2026-02-03,Healthcare,51-200,Price quote,2.57,3,0,synthetic_demo
L007409,2026-02-03,Healthcare,201-1000,Price quote,16.71,3,0,synthetic_demo
L004466,2026-02-03,Manufacturing,201-1000,Bulk order,3.34,0,0,synthetic_demo
L005571,2026-02-03,Manufacturing,51-200,Bulk order,14.59,0,1,synthetic_demo
L005262,2026-02-03,Healthcare,51-200,Price quote,28.58,1,0,synthetic_demo
L002919,2026-02-03,Manufacturing,201-1000,Supplier request,16.17,2,0,synthetic_demo
L001147,2026-02-03,Technology,1001+,Product enquiry,8.91,1,0,synthetic_demo
L008734,2026-02-03,Retail,201-1000,Product enquiry,5.3,4,0,synthetic_demo
L003480,2026-02-03,Healthcare,51-200,Bulk order,6.72,2,1,synthetic_demo
L007823,2026-02-03,Retail,1-50,Bulk order,12.96,3,0,synthetic_demo
L002647,2026-02-03,Technology,1-50,Product enquiry,1.74,2,0,synthetic_demo
L010599,2026-02-03,Manufacturing,51-200,Product enquiry,15.56,2,0,synthetic_demo
L003257,2026-02-03,Manufacturing,201-1000,Bulk order,21.68,4,1,synthetic_demo
L006554,2026-02-03,Manufacturing,201-1000,Bulk order,6.17,1,0,synthetic_demo
L002672,2026-02-03,Retail,1-50,Bulk order,6.21,2,0,synthetic_demo
L002934,2026-02-03,Construction,1-50,Product enquiry,8.55,2,0,synthetic_demo
L010630,2026-02-03,Healthcare,1-50,Product enquiry,3.98,4,0,synthetic_demo
L006543,2026-02-03,Construction,201-1000,Price quote,4.92,0,0,synthetic_demo
L008636,2026-02-03,Retail,201-1000,Bulk order,7.8,3,0,synthetic_demo
L008294,2026-02-03,Manufacturing,1-50,Product enquiry,5.1,1,0,synthetic_demo
L003885,2026-02-04,Construction,201-1000,Supplier request,11.53,6,1,synthetic_demo
L011851,2026-02-04,Manufacturing,1-50,Supplier request,14.99,4,0,synthetic_demo
L007768,2026-02-04,Retail,51-200,Bulk order,25.23,2,0,synthetic_demo
L008958,2026-02-04,Technology,51-200,Product enquiry,9.49,4,0,synthetic_demo
L007502,2026-02-04,Technology,1-50,Price quote,15.13,1,0,synthetic_demo
L005864,2026-02-04,Technology,51-200,Bulk order,17.69,1,0,synthetic_demo
L003825,2026-02-04,Technology,51-200,Price quote,14.64,2,0,synthetic_demo
L011209,2026-02-04,Technology,1001+,Supplier request,13.9,4,0,synthetic_demo
L005232,2026-02-04,Construction,1001+,Supplier request,3.07,2,0,synthetic_demo
L003548,2026-02-04,Construction,51-200,Product enquiry,13.96,2,0,synthetic_demo
L007490,2026-02-04,Manufacturing,1001+,Price quote,25.98,1,0,synthetic_demo
L008690,2026-02-04,Technology,51-200,Supplier request,6.93,7,0,synthetic_demo
L007947,2026-02-04,Construction,201-1000,Bulk order,3.62,2,0,synthetic_demo
L008857,2026-02-04,Construction,1-50,Price quote,5.32,1,0,synthetic_demo
L007714,2026-02-04,Manufacturing,1-50,Product enquiry,5.25,5,1,synthetic_demo
L003189,2026-02-04,Manufacturing,1-50,Product enquiry,31.57,3,0,synthetic_demo
L005090,2026-02-04,Retail,201-1000,Price quote,11.47,2,0,synthetic_demo
L006316,2026-02-04,Healthcare,201-1000,Price quote,2.79,0,0,synthetic_demo
L011935,2026-02-04,Construction,51-200,Price quote,13.13,3,0,synthetic_demo
L002990,2026-02-04,Healthcare,201-1000,Bulk order,11.79,0,0,synthetic_demo
L002880,2026-02-04,Manufacturing,201-1000,Product enquiry,15.7,5,0,synthetic_demo
L002670,2026-02-04,Retail,1-50,Bulk order,16.48,3,0,synthetic_demo
L005244,2026-02-04,Manufacturing,201-1000,Product enquiry,5.43,1,1,synthetic_demo
L004568,2026-02-04,Manufacturing,51-200,Price quote,21.54,2,0,synthetic_demo
L002610,2026-02-04,Retail,1001+,Bulk order,13.4,3,1,synthetic_demo
L003451,2026-02-04,Technology,51-200,Price quote,13.77,2,0,synthetic_demo
L004928,2026-02-04,Retail,1-50,Supplier request,14.28,0,0,synthetic_demo
L000489,2026-02-04,Healthcare,1001+,Price quote,2.8,3,1,synthetic_demo
L006106,2026-02-04,Construction,201-1000,Bulk order,6.36,1,0,synthetic_demo
L009846,2026-02-04,Healthcare,201-1000,Supplier request,7.01,1,0,synthetic_demo
L011981,2026-02-04,Healthcare,1-50,Supplier request,10.14,0,0,synthetic_demo
L001002,2026-02-04,Retail,201-1000,Price quote,14.22,4,0,synthetic_demo
L003635,2026-02-04,Healthcare,201-1000,Bulk order,17.29,1,0,synthetic_demo
L006664,2026-02-04,Technology,201-1000,Supplier request,2.96,1,0,synthetic_demo
L008023,2026-02-04,Construction,1-50,Price quote,17.44,1,0,synthetic_demo
L006068,2026-02-04,Manufacturing,51-200,Price quote,3.73,3,1,synthetic_demo
L005910,2026-02-04,Manufacturing,1001+,Supplier request,5.66,5,0,synthetic_demo
L006249,2026-02-05,Healthcare,1001+,Bulk order,8.11,4,0,synthetic_demo
L001990,2026-02-05,Manufacturing,1-50,Bulk order,19.47,6,1,synthetic_demo
L011346,2026-02-05,Healthcare,1001+,Supplier request,9.2,2,1,synthetic_demo
L008538,2026-02-05,Construction,51-200,Supplier request,16.46,0,0,synthetic_demo
L008114,2026-02-05,Technology,51-200,Product enquiry,4.66,4,0,synthetic_demo
L006642,2026-02-05,Technology,1-50,Product enquiry,12.99,5,1,synthetic_demo
L009998,2026-02-05,Manufacturing,51-200,Price quote,6.85,2,0,synthetic_demo
L007647,2026-02-05,Manufacturing,1001+,Bulk order,8.85,4,0,synthetic_demo
L004954,2026-02-05,Construction,201-1000,Product enquiry,11.18,2,0,synthetic_demo
L003080,2026-02-05,Manufacturing,1-50,Bulk order,3.1,1,0,synthetic_demo
L006597,2026-02-05,Manufacturing,1-50,Bulk order,17.76,5,1,synthetic_demo
L000606,2026-02-05,Technology,201-1000,Product enquiry,6.02,3,0,synthetic_demo
L006610,2026-02-05,Manufacturing,1001+,Product enquiry,23.75,1,0,synthetic_demo
L004044,2026-02-05,Construction,1-50,Bulk order,8.74,5,1,synthetic_demo
L003460,2026-02-05,Technology,51-200,Bulk order,12.77,4,0,synthetic_demo
L002460,2026-02-05,Healthcare,51-200,Price quote,10.85,2,0,synthetic_demo
L005409,2026-02-05,Manufacturing,1001+,Bulk order,11.36,3,1,synthetic_demo
L008349,2026-02-05,Manufacturing,1-50,Price quote,13.23,0,0,synthetic_demo
L008036,2026-02-05,Construction,51-200,Product enquiry,6.19,0,0,synthetic_demo
L002975,2026-02-05,Healthcare,1-50,Product enquiry,10.79,2,0,synthetic_demo
L010745,2026-02-05,Technology,1001+,Price quote,25.1,0,0,synthetic_demo
L001315,2026-02-05,Manufacturing,1-50,Supplier request,16.04,2,0,synthetic_demo
L005068,2026-02-05,Retail,51-200,Price quote,10.19,4,1,synthetic_demo
L001526,2026-02-05,Manufacturing,1-50,Product enquiry,19.63,4,0,synthetic_demo
L004827,2026-02-05,Manufacturing,201-1000,Supplier request,6.4,2,1,synthetic_demo
L011457,2026-02-05,Manufacturing,51-200,Bulk order,12.53,0,0,synthetic_demo
L006595,2026-02-05,Construction,1-50,Supplier request,8.72,1,0,synthetic_demo
L005290,2026-02-05,Healthcare,51-200,Bulk order,14.48,1,1,synthetic_demo
L006369,2026-02-05,Healthcare,1-50,Price quote,4.52,3,0,synthetic_demo
L003036,2026-02-05,Technology,1-50,Product enquiry,18.82,3,0,synthetic_demo
L010962,2026-02-05,Manufacturing,1-50,Price quote,1.14,3,0,synthetic_demo
L006135,2026-02-05,Retail,1001+,Bulk order,6.55,0,0,synthetic_demo
L002875,2026-02-06,Manufacturing,51-200,Bulk order,4.15,2,0,synthetic_demo
L007711,2026-02-06,Retail,51-200,Product enquiry,2.54,5,0,synthetic_demo
L004510,2026-02-06,Retail,1-50,Product enquiry,6.7,1,0,synthetic_demo
L009190,2026-02-06,Technology,201-1000,Product enquiry,8.1,0,0,synthetic_demo
L008148,2026-02-06,Manufacturing,51-200,Product enquiry,17.2,1,0,synthetic_demo
L011679,2026-02-06,Healthcare,1-50,Supplier request,6.0,2,0,synthetic_demo
L002829,2026-02-06,Technology,51-200,Product enquiry,8.9,1,0,synthetic_demo
L005407,2026-02-06,Retail,1-50,Price quote,33.7,0,0,synthetic_demo
L011462,2026-02-06,Retail,1001+,Product enquiry,3.02,2,0,synthetic_demo
L003119,2026-02-06,Retail,51-200,Supplier request,6.13,5,1,synthetic_demo
L001347,2026-02-06,Retail,201-1000,Product enquiry,16.78,2,0,synthetic_demo
L003765,2026-02-06,Manufacturing,51-200,Price quote,8.31,1,0,synthetic_demo
L005765,2026-02-06,Retail,1-50,Supplier request,8.24,0,0,synthetic_demo
L005358,2026-02-06,Retail,51-200,Supplier request,8.51,1,0,synthetic_demo
L000733,2026-02-06,Manufacturing,1-50,Product enquiry,4.44,0,0,synthetic_demo
L007123,2026-02-06,Construction,1001+,Product enquiry,11.69,1,0,synthetic_demo
L005777,2026-02-06,Technology,51-200,Price quote,5.01,3,1,synthetic_demo
L003995,2026-02-06,Manufacturing,51-200,Price quote,12.77,4,0,synthetic_demo
L006868,2026-02-06,Manufacturing,201-1000,Bulk order,2.74,0,0,synthetic_demo
L007977,2026-02-06,Technology,201-1000,Supplier request,10.56,5,1,synthetic_demo
L001009,2026-02-06,Technology,201-1000,Supplier request,2.6,2,0,synthetic_demo
L008979,2026-02-06,Technology,51-200,Product enquiry,20.95,2,0,synthetic_demo
L002650,2026-02-06,Technology,201-1000,Product enquiry,7.24,3,0,synthetic_demo
L005349,2026-02-06,Technology,1-50,Bulk order,12.61,0,0,synthetic_demo
L010878,2026-02-06,Healthcare,1-50,Supplier request,9.31,5,0,synthetic_demo
L004586,2026-02-06,Technology,1-50,Bulk order,7.01,4,0,synthetic_demo
L008569,2026-02-07,Technology,201-1000,Product enquiry,6.68,2,0,synthetic_demo
L003339,2026-02-07,Retail,1001+,Bulk order,15.57,0,0,synthetic_demo
L001819,2026-02-07,Healthcare,1-50,Product enquiry,2.75,2,0,synthetic_demo
L009376,2026-02-07,Manufacturing,201-1000,Price quote,8.83,1,1,synthetic_demo
L000527,2026-02-07,Construction,201-1000,Product enquiry,26.34,2,0,synthetic_demo
L002559,2026-02-07,Retail,1-50,Price quote,12.07,1,0,synthetic_demo
L005324,2026-02-07,Manufacturing,1-50,Product enquiry,16.47,6,1,synthetic_demo
L002981,2026-02-07,Healthcare,1-50,Product enquiry,16.88,1,0,synthetic_demo
L005435,2026-02-07,Technology,1-50,Bulk order,6.71,2,0,synthetic_demo
L007863,2026-02-07,Manufacturing,1001+,Bulk order,7.07,4,1,synthetic_demo
L011577,2026-02-07,Retail,51-200,Product enquiry,12.4,2,0,synthetic_demo
L009230,2026-02-07,Retail,51-200,Product enquiry,7.37,2,0,synthetic_demo
L006117,2026-02-07,Retail,1-50,Product enquiry,5.85,3,0,synthetic_demo
L005872,2026-02-07,Retail,1001+,Price quote,1.28,1,0,synthetic_demo
L005408,2026-02-07,Manufacturing,51-200,Bulk order,4.73,1,0,synthetic_demo
L005346,2026-02-07,Manufacturing,1-50,Supplier request,12.94,3,0,synthetic_demo
L007871,2026-02-07,Manufacturing,51-200,Bulk order,1.38,3,0,synthetic_demo
L005845,2026-02-07,Retail,201-1000,Bulk order,7.73,7,1,synthetic_demo
L002318,2026-02-07,Technology,201-1000,Product enquiry,7.07,3,0,synthetic_demo
L006347,2026-02-07,Construction,201-1000,Price quote,8.95,1,0,synthetic_demo
L005161,2026-02-07,Construction,201-1000,Bulk order,5.82,4,0,synthetic_demo
L004201,2026-02-07,Manufacturing,1-50,Bulk order,3.22,3,0,synthetic_demo
L000273,2026-02-07,Manufacturing,1-50,Product enquiry,21.82,3,0,synthetic_demo
L000862,2026-02-07,Technology,1001+,Product enquiry,3.73,7,1,synthetic_demo
L010519,2026-02-07,Healthcare,1-50,Price quote,3.79,8,1,synthetic_demo
L010624,2026-02-07,Healthcare,1-50,Bulk order,13.88,1,0,synthetic_demo
L007998,2026-02-07,Retail,201-1000,Price quote,16.14,2,0,synthetic_demo
L008018,2026-02-07,Technology,51-200,Bulk order,11.09,5,0,synthetic_demo
L010920,2026-02-07,Manufacturing,1-50,Product enquiry,8.1,1,0,synthetic_demo
L011348,2026-02-07,Manufacturing,1001+,Price quote,6.97,1,0,synthetic_demo
L002053,2026-02-07,Retail,1001+,Price quote,7.1,4,0,synthetic_demo
L001441,2026-02-07,Manufacturing,201-1000,Product enquiry,20.52,0,0,synthetic_demo
L004948,2026-02-07,Technology,51-200,Bulk order,3.88,5,0,synthetic_demo
L006008,2026-02-07,Construction,51-200,Supplier request,23.36,3,0,synthetic_demo
L005510,2026-02-07,Healthcare,1-50,Bulk order,16.7,2,0,synthetic_demo
L008574,2026-02-07,Retail,201-1000,Price quote,4.66,3,0,synthetic_demo
L004995,2026-02-07,Healthcare,1-50,Product enquiry,10.82,2,0,synthetic_demo
L003954,2026-02-07,Technology,1-50,Price quote,1.47,1,0,synthetic_demo
L003614,2026-02-07,Construction,1-50,Product enquiry,18.05,1,0,synthetic_demo
L006839,2026-02-07,Construction,1-50,Price quote,11.51,0,0,synthetic_demo
L000266,2026-02-07,Manufacturing,1-50,Bulk order,14.59,2,0,synthetic_demo
L004643,2026-02-08,Retail,51-200,Price quote,11.48,2,0,synthetic_demo
L000106,2026-02-08,Technology,201-1000,Bulk order,3.9,7,1,synthetic_demo
L008390,2026-02-08,Healthcare,51-200,Product enquiry,7.35,3,0,synthetic_demo
L000627,2026-02-08,Technology,51-200,Supplier request,30.65,4,1,synthetic_demo
L001564,2026-02-08,Construction,51-200,Bulk order,4.67,3,0,synthetic_demo
L011527,2026-02-08,Manufacturing,1001+,Supplier request,8.42,0,0,synthetic_demo
L000299,2026-02-08,Technology,1-50,Product enquiry,12.86,2,0,synthetic_demo
L000834,2026-02-08,Technology,1-50,Product enquiry,12.6,0,0,synthetic_demo
L000529,2026-02-08,Technology,201-1000,Bulk order,10.43,2,1,synthetic_demo
L006125,2026-02-08,Manufacturing,51-200,Price quote,6.03,4,0,synthetic_demo
L003827,2026-02-08,Retail,51-200,Product enquiry,6.56,3,0,synthetic_demo
L008429,2026-02-08,Construction,51-200,Bulk order,27.93,0,0,synthetic_demo
L003796,2026-02-08,Technology,201-1000,Price quote,9.8,2,1,synthetic_demo
L002410,2026-02-08,Construction,201-1000,Supplier request,34.76,2,0,synthetic_demo
L005969,2026-02-08,Healthcare,51-200,Product enquiry,14.73,1,1,synthetic_demo
L010510,2026-02-08,Technology,201-1000,Product enquiry,9.63,2,0,synthetic_demo
L000928,2026-02-08,Construction,1-50,Supplier request,1.33,1,0,synthetic_demo
L001605,2026-02-08,Manufacturing,1-50,Bulk order,11.07,2,0,synthetic_demo
L004009,2026-02-08,Manufacturing,51-200,Supplier request,13.0,1,0,synthetic_demo
L000033,2026-02-08,Retail,201-1000,Price quote,2.48,4,1,synthetic_demo
L011240,2026-02-08,Manufacturing,201-1000,Supplier request,9.23,3,0,synthetic_demo
L008820,2026-02-08,Construction,1001+,Product enquiry,4.3,3,0,synthetic_demo
L000005,2026-02-08,Manufacturing,1-50,Bulk order,14.84,1,0,synthetic_demo
L003975,2026-02-09,Manufacturing,51-200,Supplier request,6.15,1,0,synthetic_demo
L005596,2026-02-09,Healthcare,51-200,Supplier request,12.28,3,0,synthetic_demo
L001429,2026-02-09,Technology,1-50,Product enquiry,17.37,5,0,synthetic_demo
L004870,2026-02-09,Healthcare,201-1000,Product enquiry,15.93,1,0,synthetic_demo
L005096,2026-02-09,Healthcare,201-1000,Product enquiry,7.81,2,0,synthetic_demo
L005613,2026-02-09,Retail,1-50,Bulk order,8.19,5,1,synthetic_demo
L003658,2026-02-09,Retail,201-1000,Product enquiry,16.19,4,1,synthetic_demo
L000598,2026-02-09,Healthcare,51-200,Price quote,3.1,0,0,synthetic_demo
L004035,2026-02-09,Manufacturing,1-50,Product enquiry,4.92,2,0,synthetic_demo
L001027,2026-02-09,Construction,51-200,Price quote,12.36,4,0,synthetic_demo
L005733,2026-02-09,Technology,201-1000,Bulk order,14.66,0,0,synthetic_demo
L011582,2026-02-09,Technology,1-50,Price quote,8.53,2,0,synthetic_demo
L000995,2026-02-09,Construction,201-1000,Product enquiry,16.6,1,0,synthetic_demo
L009261,2026-02-09,Construction,51-200,Price quote,14.66,6,0,synthetic_demo
L003462,2026-02-09,Technology,51-200,Product enquiry,3.52,4,0,synthetic_demo
L001924,2026-02-09,Retail,1001+,Price quote,8.52,1,0,synthetic_demo
L010320,2026-02-09,Retail,201-1000,Bulk order,4.06,3,1,synthetic_demo
L000435,2026-02-09,Manufacturing,201-1000,Product enquiry,9.39,3,1,synthetic_demo
L004861,2026-02-09,Healthcare,201-1000,Product enquiry,14.73,2,0,synthetic_demo
L007207,2026-02-09,Healthcare,1-50,Product enquiry,7.58,0,0,synthetic_demo
L004397,2026-02-09,Manufacturing,51-200,Product enquiry,11.3,2,0,synthetic_demo
L004340,2026-02-09,Technology,1-50,Bulk order,11.64,1,0,synthetic_demo
L009599,2026-02-09,Technology,51-200,Supplier request,3.5,2,0,synthetic_demo
L006492,2026-02-09,Technology,1001+,Supplier request,7.07,3,1,synthetic_demo
L005195,2026-02-09,Construction,1-50,Price quote,1.63,2,0,synthetic_demo
L002846,2026-02-09,Healthcare,1-50,Bulk order,9.14,3,1,synthetic_demo
L006388,2026-02-09,Manufacturing,51-200,Bulk order,7.01,2,0,synthetic_demo
L008891,2026-02-09,Technology,51-200,Product enquiry,9.67,2,0,synthetic_demo
L010675,2026-02-09,Construction,1-50,Product enquiry,5.87,0,0,synthetic_demo
L005270,2026-02-09,Healthcare,201-1000,Price quote,8.46,4,0,synthetic_demo
L011820,2026-02-09,Retail,201-1000,Supplier request,14.58,3,0,synthetic_demo
L010280,2026-02-10,Construction,1001+,Supplier request,5.77,4,0,synthetic_demo
L010970,2026-02-10,Retail,51-200,Product enquiry,7.21,0,0,synthetic_demo
L003907,2026-02-10,Technology,51-200,Price quote,8.06,1,0,synthetic_demo
L010261,2026-02-10,Technology,51-200,Price quote,9.43,2,0,synthetic_demo
L003821,2026-02-10,Technology,201-1000,Supplier request,3.69,3,1,synthetic_demo
L000470,2026-02-10,Healthcare,1-50,Supplier request,23.45,2,0,synthetic_demo
L001068,2026-02-10,Technology,201-1000,Product enquiry,8.54,2,0,synthetic_demo
L010296,2026-02-10,Technology,51-200,Product enquiry,15.97,3,0,synthetic_demo
L005240,2026-02-10,Healthcare,1-50,Bulk order,8.75,0,0,synthetic_demo
L006789,2026-02-10,Technology,1001+,Price quote,39.04,2,0,synthetic_demo
L004079,2026-02-10,Manufacturing,1-50,Price quote,7.29,3,0,synthetic_demo
L003925,2026-02-10,Manufacturing,201-1000,Bulk order,0.57,3,0,synthetic_demo
L000536,2026-02-10,Manufacturing,1001+,Product enquiry,28.34,3,0,synthetic_demo
L007923,2026-02-10,Technology,201-1000,Price quote,23.79,2,0,synthetic_demo
L006467,2026-02-10,Manufacturing,1-50,Supplier request,7.25,3,0,synthetic_demo
L005338,2026-02-10,Technology,201-1000,Bulk order,32.97,4,1,synthetic_demo
L009165,2026-02-10,Healthcare,1-50,Bulk order,10.83,0,0,synthetic_demo
L001944,2026-02-10,Manufacturing,1-50,Product enquiry,7.98,0,0,synthetic_demo
L000981,2026-02-10,Construction,1-50,Bulk order,12.07,0,0,synthetic_demo
L010820,2026-02-10,Retail,51-200,Bulk order,26.23,3,0,synthetic_demo
L005266,2026-02-10,Manufacturing,51-200,Price quote,12.5,2,0,synthetic_demo
L008898,2026-02-10,Retail,51-200,Bulk order,2.43,1,0,synthetic_demo
L011893,2026-02-10,Healthcare,51-200,Bulk order,12.49,2,0,synthetic_demo
L008767,2026-02-10,Technology,201-1000,Product enquiry,17.59,3,0,synthetic_demo
L008431,2026-02-10,Manufacturing,1-50,Supplier request,15.1,3,0,synthetic_demo
L009188,2026-02-10,Healthcare,201-1000,Price quote,6.16,2,0,synthetic_demo
L005304,2026-02-10,Retail,51-200,Product enquiry,9.72,3,0,synthetic_demo
L010601,2026-02-10,Technology,201-1000,Product enquiry,10.35,3,0,synthetic_demo
L002708,2026-02-10,Manufacturing,51-200,Bulk order,6.25,1,1,synthetic_demo
L006203,2026-02-10,Healthcare,51-200,Price quote,23.98,4,0,synthetic_demo
L002227,2026-02-10,Technology,1-50,Price quote,23.13,1,0,synthetic_demo
L003356,2026-02-10,Retail,51-200,Bulk order,8.8,1,0,synthetic_demo
L001978,2026-02-10,Construction,1001+,Bulk order,17.59,1,1,synthetic_demo
L003983,2026-02-11,Healthcare,201-1000,Supplier request,15.7,2,0,synthetic_demo
L005430,2026-02-11,Healthcare,51-200,Product enquiry,10.97,4,0,synthetic_demo
L009907,2026-02-11,Healthcare,1-50,Price quote,2.91,1,0,synthetic_demo
L005506,2026-02-11,Retail,201-1000,Supplier request,2.1,1,0,synthetic_demo
L006869,2026-02-11,Healthcare,1-50,Product enquiry,9.63,0,0,synthetic_demo
L007240,2026-02-11,Technology,201-1000,Bulk order,13.76,3,0,synthetic_demo
L005559,2026-02-11,Technology,1-50,Bulk order,9.97,1,1,synthetic_demo
L011425,2026-02-11,Manufacturing,1001+,Bulk order,1.94,1,0,synthetic_demo
L005249,2026-02-11,Manufacturing,51-200,Price quote,23.69,3,0,synthetic_demo
L011434,2026-02-11,Technology,51-200,Bulk order,2.32,2,0,synthetic_demo
L011654,2026-02-11,Healthcare,201-1000,Supplier request,13.59,1,0,synthetic_demo
L000077,2026-02-11,Retail,51-200,Supplier request,5.49,2,0,synthetic_demo
L011046,2026-02-11,Technology,1001+,Price quote,16.64,0,0,synthetic_demo
L007632,2026-02-11,Technology,1001+,Product enquiry,3.83,2,0,synthetic_demo
L001514,2026-02-11,Technology,51-200,Bulk order,2.53,3,1,synthetic_demo
L007919,2026-02-11,Construction,1-50,Bulk order,8.0,0,0,synthetic_demo
L011591,2026-02-11,Retail,201-1000,Price quote,0.82,2,1,synthetic_demo
L008210,2026-02-11,Construction,201-1000,Bulk order,15.79,1,1,synthetic_demo
L010595,2026-02-11,Technology,51-200,Product enquiry,6.83,2,0,synthetic_demo
L009796,2026-02-11,Healthcare,1-50,Supplier request,18.15,2,0,synthetic_demo
L011493,2026-02-11,Manufacturing,1-50,Bulk order,12.13,3,1,synthetic_demo
L007289,2026-02-11,Healthcare,1-50,Supplier request,4.92,2,0,synthetic_demo
L001748,2026-02-11,Healthcare,51-200,Price quote,10.51,3,0,synthetic_demo
L007917,2026-02-11,Construction,1-50,Bulk order,9.54,3,0,synthetic_demo
L008796,2026-02-11,Healthcare,51-200,Product enquiry,44.43,4,0,synthetic_demo
L003558,2026-02-11,Construction,1-50,Product enquiry,14.14,3,0,synthetic_demo
L008199,2026-02-11,Retail,51-200,Bulk order,10.57,0,0,synthetic_demo
L011262,2026-02-11,Construction,201-1000,Price quote,12.84,4,0,synthetic_demo
L005860,2026-02-11,Manufacturing,201-1000,Bulk order,18.18,0,0,synthetic_demo
L004691,2026-02-11,Retail,1-50,Supplier request,7.55,1,0,synthetic_demo
L007319,2026-02-11,Retail,51-200,Bulk order,27.59,4,0,synthetic_demo
L009325,2026-02-11,Retail,51-200,Bulk order,10.62,1,0,synthetic_demo
L000798,2026-02-11,Manufacturing,1-50,Supplier request,25.32,4,0,synthetic_demo
L011405,2026-02-11,Healthcare,51-200,Price quote,27.65,5,0,synthetic_demo
L011218,2026-02-11,Retail,1001+,Bulk order,4.94,1,0,synthetic_demo
L000787,2026-02-11,Technology,201-1000,Bulk order,32.2,1,0,synthetic_demo
L008154,2026-02-12,Construction,201-1000,Product enquiry,13.58,0,0,synthetic_demo
L002062,2026-02-12,Manufacturing,1-50,Bulk order,17.14,1,0,synthetic_demo
L010815,2026-02-12,Manufacturing,1001+,Price quote,9.65,4,1,synthetic_demo
L010669,2026-02-12,Manufacturing,51-200,Product enquiry,27.52,2,0,synthetic_demo
L001548,2026-02-12,Technology,1-50,Price quote,8.03,4,1,synthetic_demo
L005521,2026-02-12,Retail,51-200,Bulk order,4.36,1,1,synthetic_demo
L000621,2026-02-12,Technology,201-1000,Bulk order,6.55,0,0,synthetic_demo
L006941,2026-02-12,Technology,51-200,Supplier request,11.5,2,0,synthetic_demo
L011631,2026-02-12,Technology,51-200,Price quote,0.85,2,0,synthetic_demo
L001762,2026-02-12,Manufacturing,51-200,Product enquiry,12.79,4,1,synthetic_demo
L006544,2026-02-12,Healthcare,51-200,Supplier request,7.47,1,0,synthetic_demo
L007878,2026-02-12,Technology,201-1000,Price quote,7.36,3,0,synthetic_demo
L004380,2026-02-12,Manufacturing,51-200,Bulk order,32.02,2,0,synthetic_demo
L000698,2026-02-12,Healthcare,201-1000,Price quote,6.38,3,0,synthetic_demo
L010987,2026-02-12,Manufacturing,1-50,Supplier request,12.48,2,0,synthetic_demo
L010176,2026-02-12,Technology,1-50,Bulk order,9.59,0,0,synthetic_demo
L007275,2026-02-12,Technology,1-50,Bulk order,11.45,1,0,synthetic_demo
L002453,2026-02-12,Healthcare,1-50,Product enquiry,9.94,0,0,synthetic_demo
L001853,2026-02-12,Healthcare,1-50,Price quote,23.81,1,0,synthetic_demo
L003617,2026-02-12,Retail,1001+,Price quote,11.47,1,1,synthetic_demo
L011298,2026-02-12,Construction,1-50,Product enquiry,12.99,6,1,synthetic_demo
L000769,2026-02-12,Manufacturing,51-200,Bulk order,13.82,1,0,synthetic_demo
L003545,2026-02-12,Retail,201-1000,Product enquiry,19.33,2,0,synthetic_demo
L001655,2026-02-12,Construction,51-200,Supplier request,7.38,2,1,synthetic_demo
L004789,2026-02-12,Manufacturing,201-1000,Bulk order,2.45,1,0,synthetic_demo
L001784,2026-02-12,Manufacturing,1-50,Price quote,3.13,0,0,synthetic_demo
L001580,2026-02-12,Construction,1-50,Price quote,18.54,4,0,synthetic_demo
L011200,2026-02-12,Manufacturing,1-50,Price quote,2.82,3,0,synthetic_demo
L010348,2026-02-12,Healthcare,1001+,Price quote,13.36,5,1,synthetic_demo
L000265,2026-02-12,Construction,201-1000,Price quote,6.44,2,0,synthetic_demo
L007720,2026-02-12,Retail,51-200,Supplier request,12.0,1,0,synthetic_demo
L000078,2026-02-12,Technology,1001+,Product enquiry,9.84,2,0,synthetic_demo
L011515,2026-02-12,Manufacturing,1-50,Price quote,11.36,0,0,synthetic_demo
L010079,2026-02-12,Technology,1001+,Product enquiry,2.59,1,0,synthetic_demo
L004663,2026-02-12,Retail,1-50,Supplier request,7.25,0,0,synthetic_demo
L008673,2026-02-12,Construction,1001+,Product enquiry,2.19,0,0,synthetic_demo
L009349,2026-02-13,Technology,51-200,Bulk order,16.99,3,0,synthetic_demo
L009323,2026-02-13,Manufacturing,201-1000,Bulk order,10.48,0,0,synthetic_demo
L001299,2026-02-13,Technology,51-200,Product enquiry,11.87,4,0,synthetic_demo
L009965,2026-02-13,Manufacturing,51-200,Bulk order,1.68,1,0,synthetic_demo
L004109,2026-02-13,Construction,201-1000,Supplier request,2.48,4,0,synthetic_demo
L006266,2026-02-13,Technology,201-1000,Product enquiry,11.74,1,0,synthetic_demo
L001466,2026-02-13,Technology,1-50,Product enquiry,19.23,5,0,synthetic_demo
L009945,2026-02-13,Retail,1-50,Supplier request,8.42,2,0,synthetic_demo
L008626,2026-02-13,Manufacturing,1-50,Product enquiry,11.92,3,0,synthetic_demo
L007313,2026-02-13,Retail,201-1000,Bulk order,19.12,6,1,synthetic_demo
L000176,2026-02-13,Manufacturing,51-200,Product enquiry,28.72,3,0,synthetic_demo
L003349,2026-02-13,Technology,51-200,Price quote,13.32,0,0,synthetic_demo
L005915,2026-02-13,Manufacturing,51-200,Price quote,15.27,2,0,synthetic_demo
L008968,2026-02-13,Retail,51-200,Supplier request,7.51,2,0,synthetic_demo
L000730,2026-02-13,Healthcare,201-1000,Bulk order,4.6,2,0,synthetic_demo
L001838,2026-02-13,Retail,51-200,Bulk order,19.42,1,0,synthetic_demo
L000330,2026-02-13,Retail,51-200,Supplier request,4.21,3,0,synthetic_demo
L010902,2026-02-13,Retail,1-50,Bulk order,14.35,2,0,synthetic_demo
L001473,2026-02-13,Manufacturing,1-50,Product enquiry,0.83,2,0,synthetic_demo
L004112,2026-02-13,Technology,51-200,Bulk order,14.19,3,0,synthetic_demo
L001345,2026-02-13,Construction,1-50,Bulk order,7.56,3,1,synthetic_demo
L011677,2026-02-13,Retail,201-1000,Bulk order,3.85,2,1,synthetic_demo
L000680,2026-02-13,Retail,51-200,Price quote,7.27,3,1,synthetic_demo
L009179,2026-02-13,Technology,1-50,Product enquiry,9.77,2,0,synthetic_demo
L011982,2026-02-13,Manufacturing,51-200,Bulk order,6.12,1,0,synthetic_demo
L004670,2026-02-13,Retail,51-200,Bulk order,15.13,3,0,synthetic_demo
L010790,2026-02-13,Manufacturing,51-200,Supplier request,8.42,3,1,synthetic_demo
L007470,2026-02-13,Healthcare,51-200,Price quote,4.89,2,0,synthetic_demo
L009720,2026-02-13,Manufacturing,51-200,Bulk order,17.47,1,1,synthetic_demo
L004547,2026-02-13,Construction,51-200,Price quote,2.91,1,0,synthetic_demo
L008711,2026-02-13,Technology,201-1000,Product enquiry,27.64,0,0,synthetic_demo
L001369,2026-02-13,Manufacturing,201-1000,Bulk order,7.74,5,1,synthetic_demo
L002478,2026-02-13,Manufacturing,201-1000,Price quote,2.45,2,0,synthetic_demo
L009269,2026-02-13,Construction,1001+,Price quote,9.71,1,0,synthetic_demo
L003968,2026-02-14,Manufacturing,1-50,Product enquiry,9.01,3,0,synthetic_demo
L006948,2026-02-14,Technology,1-50,Product enquiry,2.47,3,0,synthetic_demo
L008040,2026-02-14,Technology,51-200,Price quote,9.07,3,0,synthetic_demo
L006136,2026-02-14,Manufacturing,1-50,Bulk order,9.31,0,0,synthetic_demo
L011894,2026-02-14,Technology,51-200,Bulk order,3.71,2,1,synthetic_demo
L011979,2026-02-14,Manufacturing,1-50,Product enquiry,21.95,8,1,synthetic_demo
L011210,2026-02-14,Manufacturing,201-1000,Product enquiry,16.15,3,0,synthetic_demo
L009767,2026-02-14,Manufacturing,51-200,Product enquiry,0.99,3,0,synthetic_demo
L006626,2026-02-14,Construction,51-200,Supplier request,7.49,2,0,synthetic_demo
L011596,2026-02-14,Retail,1-50,Product enquiry,1.93,1,0,synthetic_demo
L000210,2026-02-14,Healthcare,1-50,Product enquiry,9.33,2,0,synthetic_demo
L009387,2026-02-14,Construction,201-1000,Bulk order,6.14,0,0,synthetic_demo
L005289,2026-02-14,Retail,51-200,Product enquiry,6.83,5,1,synthetic_demo
L009799,2026-02-14,Manufacturing,1-50,Product enquiry,9.11,1,0,synthetic_demo
L003816,2026-02-14,Retail,201-1000,Product enquiry,8.53,2,0,synthetic_demo
L010149,2026-02-14,Retail,51-200,Product enquiry,1.73,3,0,synthetic_demo
L007495,2026-02-14,Construction,1001+,Bulk order,13.84,0,1,synthetic_demo
L006325,2026-02-14,Healthcare,51-200,Product enquiry,12.54,1,0,synthetic_demo
L008524,2026-02-14,Retail,1-50,Bulk order,11.75,2,0,synthetic_demo
L005468,2026-02-14,Manufacturing,51-200,Supplier request,4.77,4,0,synthetic_demo
L009452,2026-02-14,Manufacturing,1-50,Product enquiry,9.72,5,0,synthetic_demo
L011125,2026-02-14,Construction,201-1000,Product enquiry,5.77,3,0,synthetic_demo
L000616,2026-02-14,Technology,201-1000,Bulk order,43.41,1,0,synthetic_demo
L002212,2026-02-14,Retail,51-200,Product enquiry,4.42,2,0,synthetic_demo
L008777,2026-02-14,Retail,51-200,Price quote,8.05,3,0,synthetic_demo
L005319,2026-02-14,Retail,51-200,Price quote,8.81,4,0,synthetic_demo
L006410,2026-02-14,Manufacturing,201-1000,Product enquiry,25.58,3,0,synthetic_demo
L008840,2026-02-14,Technology,1001+,Price quote,22.37,2,0,synthetic_demo
L006247,2026-02-14,Construction,201-1000,Bulk order,5.01,1,1,synthetic_demo
L008299,2026-02-14,Manufacturing,1001+,Supplier request,55.09,3,0,synthetic_demo
L006233,2026-02-14,Technology,201-1000,Product enquiry,10.38,2,1,synthetic_demo
L010276,2026-02-14,Manufacturing,1001+,Bulk order,8.65,2,1,synthetic_demo
L002709,2026-02-14,Manufacturing,51-200,Price quote,16.27,2,0,synthetic_demo
L000813,2026-02-14,Construction,1-50,Price quote,9.63,3,0,synthetic_demo
L008295,2026-02-14,Technology,1-50,Product enquiry,7.23,4,0,synthetic_demo
L005278,2026-02-14,Technology,51-200,Product enquiry,8.15,5,0,synthetic_demo
L000503,2026-02-14,Construction,1-50,Price quote,27.64,0,0,synthetic_demo
L003305,2026-02-15,Technology,1-50,Product enquiry,5.16,3,0,synthetic_demo
L009372,2026-02-15,Manufacturing,51-200,Bulk order,2.84,1,0,synthetic_demo
L000715,2026-02-15,Technology,1-50,Supplier request,1.51,3,0,synthetic_demo
L004615,2026-02-15,Retail,51-200,Price quote,13.35,2,1,synthetic_demo
L003016,2026-02-15,Technology,1001+,Bulk order,18.05,1,0,synthetic_demo
L003218,2026-02-15,Manufacturing,201-1000,Supplier request,9.63,1,0,synthetic_demo
L004225,2026-02-15,Manufacturing,51-200,Product enquiry,11.25,2,0,synthetic_demo
L003219,2026-02-15,Retail,1-50,Price quote,5.72,3,0,synthetic_demo
L007639,2026-02-15,Healthcare,51-200,Bulk order,3.44,2,0,synthetic_demo
L004755,2026-02-15,Construction,51-200,Price quote,2.09,3,1,synthetic_demo
L004673,2026-02-15,Manufacturing,1-50,Bulk order,2.94,1,0,synthetic_demo
L002831,2026-02-15,Manufacturing,51-200,Supplier request,7.63,2,0,synthetic_demo
L005821,2026-02-15,Technology,201-1000,Product enquiry,13.36,2,0,synthetic_demo
L001157,2026-02-15,Manufacturing,51-200,Product enquiry,2.95,2,0,synthetic_demo
L009827,2026-02-15,Construction,1-50,Supplier request,10.27,0,0,synthetic_demo
L002948,2026-02-15,Technology,51-200,Supplier request,15.4,3,0,synthetic_demo
L002114,2026-02-15,Healthcare,1-50,Price quote,10.33,4,0,synthetic_demo
L003779,2026-02-15,Technology,51-200,Product enquiry,20.48,3,0,synthetic_demo
L008196,2026-02-15,Healthcare,201-1000,Product enquiry,1.91,3,1,synthetic_demo
L010912,2026-02-15,Healthcare,51-200,Product enquiry,16.76,4,0,synthetic_demo
L002580,2026-02-15,Construction,1-50,Price quote,7.23,2,0,synthetic_demo
L007880,2026-02-15,Construction,201-1000,Supplier request,9.59,1,0,synthetic_demo
L005519,2026-02-15,Manufacturing,51-200,Product enquiry,23.54,4,0,synthetic_demo
L008476,2026-02-15,Manufacturing,201-1000,Price quote,5.01,3,0,synthetic_demo
L003529,2026-02-15,Technology,51-200,Product enquiry,9.52,4,0,synthetic_demo
L003841,2026-02-15,Technology,51-200,Price quote,3.4,0,0,synthetic_demo
L005310,2026-02-16,Retail,1001+,Product enquiry,9.24,1,1,synthetic_demo
L003474,2026-02-16,Retail,1001+,Product enquiry,2.12,3,1,synthetic_demo
L010085,2026-02-16,Technology,51-200,Product enquiry,16.48,1,0,synthetic_demo
L010374,2026-02-16,Manufacturing,1-50,Price quote,6.15,1,0,synthetic_demo
L004223,2026-02-16,Retail,51-200,Supplier request,22.58,2,0,synthetic_demo
L008454,2026-02-16,Construction,51-200,Supplier request,14.28,5,0,synthetic_demo
L001059,2026-02-16,Healthcare,51-200,Product enquiry,4.27,2,0,synthetic_demo
L001737,2026-02-16,Construction,51-200,Supplier request,6.7,5,0,synthetic_demo
L011183,2026-02-16,Healthcare,51-200,Price quote,2.94,3,0,synthetic_demo
L005242,2026-02-16,Retail,51-200,Price quote,16.66,3,0,synthetic_demo
L011233,2026-02-16,Manufacturing,1001+,Product enquiry,21.08,0,0,synthetic_demo
L007784,2026-02-16,Manufacturing,1-50,Supplier request,7.02,1,0,synthetic_demo
L003807,2026-02-16,Technology,201-1000,Supplier request,8.51,1,0,synthetic_demo
L001902,2026-02-16,Manufacturing,201-1000,Product enquiry,11.21,1,0,synthetic_demo
L001534,2026-02-16,Technology,1001+,Supplier request,7.86,1,1,synthetic_demo
L004418,2026-02-16,Manufacturing,201-1000,Product enquiry,11.23,3,1,synthetic_demo
L011918,2026-02-16,Technology,51-200,Price quote,10.93,1,0,synthetic_demo
L004569,2026-02-16,Healthcare,1001+,Product enquiry,9.74,3,0,synthetic_demo
L002678,2026-02-16,Technology,201-1000,Price quote,10.42,4,0,synthetic_demo
L004955,2026-02-16,Manufacturing,201-1000,Product enquiry,7.16,3,0,synthetic_demo
L009496,2026-02-16,Manufacturing,1-50,Product enquiry,8.43,1,0,synthetic_demo
L002116,2026-02-16,Construction,1-50,Bulk order,20.93,5,0,synthetic_demo
L009447,2026-02-16,Healthcare,1-50,Supplier request,28.89,1,0,synthetic_demo
L004509,2026-02-17,Technology,51-200,Price quote,7.66,2,0,synthetic_demo
L010646,2026-02-17,Retail,1001+,Price quote,4.81,2,0,synthetic_demo
L001420,2026-02-17,Construction,51-200,Supplier request,4.64,2,0,synthetic_demo
L000785,2026-02-17,Construction,51-200,Supplier request,7.62,0,0,synthetic_demo
L006007,2026-02-17,Technology,1001+,Product enquiry,15.92,2,0,synthetic_demo
L003180,2026-02-17,Healthcare,1-50,Bulk order,19.15,2,0,synthetic_demo
L000488,2026-02-17,Manufacturing,51-200,Supplier request,13.55,2,0,synthetic_demo
L009920,2026-02-17,Construction,1001+,Bulk order,12.09,3,0,synthetic_demo
L000101,2026-02-17,Construction,1-50,Bulk order,17.73,3,0,synthetic_demo
L000429,2026-02-17,Manufacturing,1001+,Price quote,32.18,8,0,synthetic_demo
L003152,2026-02-17,Healthcare,1001+,Price quote,4.39,2,0,synthetic_demo
L003201,2026-02-17,Technology,1-50,Supplier request,9.78,4,1,synthetic_demo
L010216,2026-02-17,Healthcare,201-1000,Product enquiry,4.53,3,0,synthetic_demo
L006874,2026-02-17,Retail,51-200,Bulk order,20.18,3,0,synthetic_demo
L003670,2026-02-17,Healthcare,51-200,Product enquiry,5.2,3,1,synthetic_demo
L005431,2026-02-17,Retail,1-50,Product enquiry,11.91,1,0,synthetic_demo
L001763,2026-02-17,Manufacturing,1-50,Bulk order,5.51,4,1,synthetic_demo
L002075,2026-02-17,Retail,51-200,Price quote,4.16,2,0,synthetic_demo
L003882,2026-02-17,Construction,51-200,Bulk order,9.67,4,0,synthetic_demo
L010360,2026-02-17,Technology,51-200,Product enquiry,11.16,5,1,synthetic_demo
L002876,2026-02-17,Manufacturing,201-1000,Price quote,15.18,2,0,synthetic_demo
L002120,2026-02-17,Manufacturing,1-50,Bulk order,13.85,1,0,synthetic_demo
L008353,2026-02-17,Technology,51-200,Price quote,36.65,1,0,synthetic_demo
L000819,2026-02-17,Healthcare,1-50,Bulk order,13.13,3,0,synthetic_demo
L003039,2026-02-17,Manufacturing,51-200,Product enquiry,6.5,2,0,synthetic_demo
L010167,2026-02-17,Construction,201-1000,Price quote,16.7,4,1,synthetic_demo
L000109,2026-02-17,Manufacturing,51-200,Supplier request,13.56,2,0,synthetic_demo
L004004,2026-02-17,Manufacturing,1-50,Bulk order,6.18,2,0,synthetic_demo
L005305,2026-02-17,Manufacturing,1001+,Product enquiry,7.77,3,1,synthetic_demo
L009488,2026-02-17,Healthcare,51-200,Product enquiry,3.27,5,0,synthetic_demo
L008637,2026-02-17,Manufacturing,1-50,Price quote,25.86,3,1,synthetic_demo
L000180,2026-02-17,Technology,51-200,Supplier request,6.54,2,0,synthetic_demo
L009944,2026-02-17,Healthcare,51-200,Bulk order,3.36,2,0,synthetic_demo
L002106,2026-02-17,Technology,51-200,Price quote,7.91,1,0,synthetic_demo
L000923,2026-02-17,Healthcare,1-50,Supplier request,10.55,3,1,synthetic_demo
L009004,2026-02-17,Manufacturing,201-1000,Bulk order,13.82,2,1,synthetic_demo
L004550,2026-02-17,Retail,51-200,Price quote,10.1,2,0,synthetic_demo
L001942,2026-02-17,Retail,51-200,Supplier request,6.79,2,0,synthetic_demo
L006175,2026-02-17,Retail,51-200,Bulk order,8.58,0,0,synthetic_demo
L001897,2026-02-18,Technology,51-200,Bulk order,11.05,3,0,synthetic_demo
L009803,2026-02-18,Technology,201-1000,Bulk order,12.73,1,0,synthetic_demo
L002638,2026-02-18,Manufacturing,51-200,Price quote,3.62,4,1,synthetic_demo
L000400,2026-02-18,Retail,51-200,Price quote,10.84,3,0,synthetic_demo
L007017,2026-02-18,Retail,51-200,Product enquiry,18.96,3,0,synthetic_demo
L009809,2026-02-18,Retail,51-200,Product enquiry,6.82,2,0,synthetic_demo
L007812,2026-02-18,Healthcare,1001+,Price quote,7.2,2,1,synthetic_demo
L005792,2026-02-18,Technology,1-50,Product enquiry,36.09,5,0,synthetic_demo
L000601,2026-02-18,Retail,201-1000,Bulk order,20.43,1,0,synthetic_demo
L010229,2026-02-18,Manufacturing,1-50,Supplier request,2.1,1,0,synthetic_demo
L006594,2026-02-18,Technology,1-50,Product enquiry,31.29,3,0,synthetic_demo
L002699,2026-02-18,Retail,51-200,Product enquiry,20.44,1,0,synthetic_demo
L007373,2026-02-18,Healthcare,201-1000,Supplier request,22.04,0,0,synthetic_demo
L005901,2026-02-18,Technology,51-200,Supplier request,2.91,5,1,synthetic_demo
L002745,2026-02-18,Retail,1001+,Supplier request,16.9,3,1,synthetic_demo
L004031,2026-02-18,Healthcare,1001+,Bulk order,16.06,2,1,synthetic_demo
L007048,2026-02-18,Retail,1-50,Bulk order,4.08,2,0,synthetic_demo
L008225,2026-02-18,Manufacturing,1001+,Product enquiry,2.15,1,0,synthetic_demo
L006217,2026-02-18,Healthcare,201-1000,Bulk order,9.32,3,0,synthetic_demo
L007139,2026-02-18,Technology,1-50,Product enquiry,14.79,0,0,synthetic_demo
L007438,2026-02-18,Retail,51-200,Bulk order,6.1,6,1,synthetic_demo
L007844,2026-02-18,Healthcare,51-200,Supplier request,23.25,3,0,synthetic_demo
L006323,2026-02-18,Construction,201-1000,Product enquiry,5.29,3,0,synthetic_demo
L008868,2026-02-18,Retail,1-50,Product enquiry,12.47,2,0,synthetic_demo
L004204,2026-02-18,Healthcare,201-1000,Product enquiry,24.11,2,0,synthetic_demo
L007320,2026-02-18,Retail,51-200,Product enquiry,7.75,3,1,synthetic_demo
L002913,2026-02-18,Healthcare,51-200,Price quote,3.63,2,0,synthetic_demo
L010822,2026-02-18,Manufacturing,201-1000,Price quote,3.31,2,1,synthetic_demo
L007850,2026-02-18,Technology,201-1000,Price quote,53.67,2,0,synthetic_demo
L010713,2026-02-18,Healthcare,1-50,Bulk order,26.19,2,0,synthetic_demo
L002953,2026-02-18,Manufacturing,51-200,Price quote,4.47,1,0,synthetic_demo
L006780,2026-02-19,Technology,51-200,Product enquiry,16.21,3,0,synthetic_demo
L004317,2026-02-19,Construction,201-1000,Supplier request,7.26,1,0,synthetic_demo
L008234,2026-02-19,Healthcare,51-200,Product enquiry,4.71,3,0,synthetic_demo
L005126,2026-02-19,Manufacturing,1001+,Bulk order,12.3,1,0,synthetic_demo
L006148,2026-02-19,Retail,201-1000,Supplier request,3.53,1,0,synthetic_demo
L010875,2026-02-19,Construction,51-200,Bulk order,16.39,3,0,synthetic_demo
L008047,2026-02-19,Technology,201-1000,Product enquiry,12.2,5,0,synthetic_demo
L003964,2026-02-19,Retail,1001+,Bulk order,1.39,4,1,synthetic_demo
L002018,2026-02-19,Manufacturing,1-50,Bulk order,3.37,1,0,synthetic_demo
L008439,2026-02-19,Construction,51-200,Product enquiry,4.71,3,0,synthetic_demo
L002828,2026-02-19,Manufacturing,1-50,Price quote,6.73,2,0,synthetic_demo
L010851,2026-02-19,Retail,51-200,Product enquiry,7.1,1,0,synthetic_demo
L007009,2026-02-19,Manufacturing,1-50,Price quote,3.0,2,0,synthetic_demo
L011212,2026-02-19,Technology,51-200,Supplier request,3.2,3,0,synthetic_demo
L009500,2026-02-19,Manufacturing,51-200,Bulk order,2.38,2,1,synthetic_demo
L007679,2026-02-19,Construction,201-1000,Product enquiry,3.33,2,0,synthetic_demo
L002989,2026-02-19,Manufacturing,51-200,Price quote,7.8,0,1,synthetic_demo
L000459,2026-02-19,Technology,201-1000,Price quote,17.5,1,0,synthetic_demo
L009278,2026-02-19,Manufacturing,1-50,Price quote,6.17,3,0,synthetic_demo
L003651,2026-02-19,Retail,51-200,Bulk order,15.97,5,1,synthetic_demo
L003566,2026-02-19,Technology,201-1000,Supplier request,8.03,2,1,synthetic_demo
L000042,2026-02-19,Technology,201-1000,Bulk order,7.88,1,0,synthetic_demo
L009096,2026-02-19,Healthcare,1-50,Product enquiry,4.91,4,0,synthetic_demo
L002471,2026-02-19,Retail,51-200,Product enquiry,3.27,1,0,synthetic_demo
L003692,2026-02-19,Healthcare,1-50,Price quote,2.94,3,0,synthetic_demo
L011529,2026-02-19,Technology,201-1000,Price quote,6.06,1,0,synthetic_demo
L008676,2026-02-19,Technology,201-1000,Bulk order,10.51,2,0,synthetic_demo
L004564,2026-02-19,Technology,51-200,Product enquiry,19.81,0,0,synthetic_demo
L008759,2026-02-19,Retail,1-50,Supplier request,5.76,1,0,synthetic_demo
L007022,2026-02-19,Construction,51-200,Supplier request,14.03,1,0,synthetic_demo
L007596,2026-02-19,Construction,201-1000,Price quote,4.7,3,0,synthetic_demo
L008159,2026-02-19,Manufacturing,51-200,Price quote,1.6,2,1,synthetic_demo
L002596,2026-02-19,Construction,201-1000,Bulk order,9.12,4,0,synthetic_demo
L006854,2026-02-19,Retail,201-1000,Bulk order,19.81,1,0,synthetic_demo
L001792,2026-02-19,Retail,201-1000,Price quote,10.43,2,0,synthetic_demo
L003814,2026-02-19,Manufacturing,1001+,Bulk order,18.48,3,1,synthetic_demo
L000303,2026-02-19,Healthcare,1001+,Bulk order,14.71,4,1,synthetic_demo
L004120,2026-02-19,Retail,201-1000,Supplier request,19.37,4,0,synthetic_demo
L000885,2026-02-19,Manufacturing,1001+,Price quote,2.24,0,0,synthetic_demo
L003204,2026-02-19,Healthcare,201-1000,Bulk order,2.31,0,0,synthetic_demo
L003124,2026-02-19,Retail,201-1000,Bulk order,5.63,1,0,synthetic_demo
L004773,2026-02-19,Manufacturing,1001+,Price quote,5.82,3,0,synthetic_demo
L005614,2026-02-19,Technology,51-200,Bulk order,16.98,3,0,synthetic_demo
L009887,2026-02-19,Technology,1001+,Price quote,16.87,1,0,synthetic_demo
L009953,2026-02-19,Technology,1001+,Price quote,2.19,3,0,synthetic_demo
L003271,2026-02-20,Construction,51-200,Bulk order,18.58,1,0,synthetic_demo
L003032,2026-02-20,Manufacturing,51-200,Bulk order,5.83,2,0,synthetic_demo
L002905,2026-02-20,Retail,51-200,Product enquiry,14.75,0,0,synthetic_demo
L001753,2026-02-20,Construction,1001+,Supplier request,44.1,0,0,synthetic_demo
L010299,2026-02-20,Healthcare,1-50,Product enquiry,15.02,3,0,synthetic_demo
L003088,2026-02-20,Retail,201-1000,Product enquiry,1.96,5,1,synthetic_demo
L009394,2026-02-20,Manufacturing,1-50,Bulk order,12.23,4,0,synthetic_demo
L000271,2026-02-20,Manufacturing,201-1000,Price quote,12.11,3,0,synthetic_demo
L000057,2026-02-20,Retail,51-200,Product enquiry,12.35,1,0,synthetic_demo
L001525,2026-02-20,Technology,1-50,Product enquiry,6.43,4,1,synthetic_demo
L004331,2026-02-20,Manufacturing,1-50,Product enquiry,9.27,0,0,synthetic_demo
L002429,2026-02-20,Healthcare,51-200,Bulk order,17.59,0,0,synthetic_demo
L004962,2026-02-20,Manufacturing,201-1000,Bulk order,15.7,1,0,synthetic_demo
L004139,2026-02-20,Technology,1-50,Bulk order,15.01,5,0,synthetic_demo
L001573,2026-02-20,Healthcare,1001+,Product enquiry,30.85,3,0,synthetic_demo
L007683,2026-02-20,Retail,51-200,Product enquiry,29.24,1,0,synthetic_demo
L004271,2026-02-20,Construction,1001+,Supplier request,8.89,4,0,synthetic_demo
L000660,2026-02-20,Retail,1-50,Product enquiry,23.69,3,0,synthetic_demo
L010910,2026-02-20,Construction,51-200,Product enquiry,19.57,0,0,synthetic_demo
L006360,2026-02-20,Retail,1-50,Price quote,4.88,3,0,synthetic_demo
L007294,2026-02-20,Manufacturing,1-50,Bulk order,24.36,1,0,synthetic_demo
L011951,2026-02-20,Construction,1-50,Product enquiry,0.81,6,0,synthetic_demo
L008892,2026-02-20,Technology,1-50,Price quote,7.75,3,1,synthetic_demo
L000285,2026-02-20,Healthcare,201-1000,Product enquiry,27.37,4,0,synthetic_demo
L002251,2026-02-20,Healthcare,201-1000,Bulk order,2.88,2,0,synthetic_demo
L000095,2026-02-20,Retail,51-200,Bulk order,15.3,3,0,synthetic_demo
L006950,2026-02-20,Construction,201-1000,Bulk order,4.1,2,1,synthetic_demo
L003864,2026-02-20,Retail,1001+,Supplier request,26.16,4,0,synthetic_demo
L002546,2026-02-20,Retail,51-200,Bulk order,2.52,3,0,synthetic_demo
L010849,2026-02-20,Technology,201-1000,Product enquiry,13.99,2,0,synthetic_demo
L006709,2026-02-20,Healthcare,1001+,Price quote,11.43,3,1,synthetic_demo
L006479,2026-02-20,Manufacturing,201-1000,Price quote,18.25,1,1,synthetic_demo
L000951,2026-02-20,Healthcare,51-200,Product enquiry,1.28,1,0,synthetic_demo
L006124,2026-02-20,Retail,1-50,Price quote,4.99,2,0,synthetic_demo
L003839,2026-02-20,Technology,1001+,Bulk order,3.2,0,0,synthetic_demo
L007021,2026-02-20,Construction,201-1000,Supplier request,11.39,1,1,synthetic_demo
L001405,2026-02-20,Manufacturing,1-50,Supplier request,5.97,1,0,synthetic_demo
L003254,2026-02-20,Retail,1-50,Price quote,3.05,3,0,synthetic_demo
L004718,2026-02-20,Healthcare,1-50,Supplier request,4.56,7,0,synthetic_demo
L009153,2026-02-20,Healthcare,201-1000,Product enquiry,2.97,1,0,synthetic_demo
L011740,2026-02-20,Technology,1-50,Supplier request,5.03,2,0,synthetic_demo
L009087,2026-02-21,Manufacturing,51-200,Product enquiry,8.5,0,0,synthetic_demo
L008242,2026-02-21,Construction,1-50,Bulk order,2.13,3,1,synthetic_demo
L002403,2026-02-21,Technology,1001+,Supplier request,6.32,1,0,synthetic_demo
L000181,2026-02-21,Construction,51-200,Price quote,6.26,2,1,synthetic_demo
L008043,2026-02-21,Technology,1001+,Price quote,9.59,3,1,synthetic_demo
L008340,2026-02-21,Technology,1-50,Product enquiry,1.81,5,0,synthetic_demo
L007811,2026-02-21,Manufacturing,51-200,Product enquiry,9.15,5,0,synthetic_demo
L009734,2026-02-21,Manufacturing,1-50,Bulk order,5.86,3,0,synthetic_demo
L001267,2026-02-21,Manufacturing,201-1000,Price quote,12.84,3,1,synthetic_demo
L001584,2026-02-21,Manufacturing,201-1000,Product enquiry,10.67,3,0,synthetic_demo
L011822,2026-02-21,Retail,51-200,Price quote,30.26,0,0,synthetic_demo
L002197,2026-02-21,Manufacturing,1-50,Price quote,17.5,3,0,synthetic_demo
L009493,2026-02-21,Construction,1001+,Product enquiry,1.13,4,0,synthetic_demo
L000379,2026-02-21,Retail,201-1000,Product enquiry,2.25,5,0,synthetic_demo
L000146,2026-02-21,Manufacturing,1-50,Supplier request,23.27,3,0,synthetic_demo
L004140,2026-02-21,Technology,1001+,Price quote,24.88,0,0,synthetic_demo
L003985,2026-02-21,Retail,1-50,Bulk order,20.02,0,0,synthetic_demo
L009802,2026-02-21,Healthcare,201-1000,Product enquiry,3.31,0,0,synthetic_demo
L010688,2026-02-21,Construction,1001+,Product enquiry,20.57,1,0,synthetic_demo
L000092,2026-02-21,Technology,1-50,Price quote,15.15,3,0,synthetic_demo
L009286,2026-02-21,Manufacturing,1-50,Bulk order,9.65,1,0,synthetic_demo
L001164,2026-02-21,Manufacturing,1-50,Product enquiry,25.61,2,0,synthetic_demo
L006585,2026-02-21,Retail,51-200,Price quote,22.34,1,0,synthetic_demo
L000643,2026-02-21,Manufacturing,51-200,Product enquiry,16.68,2,1,synthetic_demo
L000795,2026-02-21,Manufacturing,1-50,Price quote,3.19,1,0,synthetic_demo
L003300,2026-02-21,Manufacturing,1001+,Price quote,15.05,8,1,synthetic_demo
L009986,2026-02-21,Construction,1-50,Bulk order,15.51,3,0,synthetic_demo
L010062,2026-02-21,Retail,1-50,Product enquiry,3.98,0,0,synthetic_demo
L008608,2026-02-21,Technology,1-50,Price quote,10.65,1,0,synthetic_demo
L005171,2026-02-21,Technology,201-1000,Supplier request,4.28,0,0,synthetic_demo
L007029,2026-02-22,Healthcare,1-50,Product enquiry,5.5,1,0,synthetic_demo
L004679,2026-02-22,Manufacturing,1001+,Supplier request,0.67,2,0,synthetic_demo
L005966,2026-02-22,Manufacturing,201-1000,Supplier request,15.46,1,0,synthetic_demo
L004133,2026-02-22,Retail,51-200,Price quote,9.44,0,0,synthetic_demo
L002510,2026-02-22,Healthcare,1001+,Price quote,14.95,0,0,synthetic_demo
L001918,2026-02-22,Technology,51-200,Product enquiry,3.46,0,1,synthetic_demo
L001024,2026-02-22,Healthcare,1-50,Bulk order,6.9,5,1,synthetic_demo
L006370,2026-02-22,Technology,51-200,Supplier request,1.24,4,0,synthetic_demo
L003916,2026-02-22,Retail,1-50,Price quote,2.33,2,0,synthetic_demo
L003104,2026-02-22,Technology,1-50,Price quote,7.16,3,0,synthetic_demo
L007025,2026-02-22,Manufacturing,201-1000,Product enquiry,9.94,5,0,synthetic_demo
L002234,2026-02-22,Construction,1-50,Price quote,4.28,2,0,synthetic_demo
L006991,2026-02-22,Manufacturing,51-200,Bulk order,11.34,5,0,synthetic_demo
L007956,2026-02-22,Technology,1001+,Product enquiry,5.71,2,0,synthetic_demo
L000161,2026-02-22,Manufacturing,1-50,Product enquiry,19.02,2,0,synthetic_demo
L003904,2026-02-22,Healthcare,1001+,Price quote,19.09,2,0,synthetic_demo
L000145,2026-02-22,Retail,51-200,Bulk order,6.85,4,0,synthetic_demo
L000120,2026-02-22,Healthcare,51-200,Price quote,13.37,2,0,synthetic_demo
L005638,2026-02-22,Technology,1-50,Bulk order,25.99,1,0,synthetic_demo
L009536,2026-02-22,Retail,51-200,Product enquiry,8.39,1,0,synthetic_demo
L011937,2026-02-22,Construction,201-1000,Supplier request,13.52,1,0,synthetic_demo
L009894,2026-02-22,Construction,1-50,Price quote,4.4,4,0,synthetic_demo
L007077,2026-02-22,Manufacturing,51-200,Bulk order,15.96,5,0,synthetic_demo
L010872,2026-02-22,Manufacturing,51-200,Supplier request,7.28,0,0,synthetic_demo
L000061,2026-02-22,Technology,1-50,Product enquiry,6.11,3,0,synthetic_demo
L006830,2026-02-22,Technology,51-200,Price quote,39.03,3,0,synthetic_demo
L000917,2026-02-22,Manufacturing,51-200,Supplier request,2.93,2,0,synthetic_demo
L003966,2026-02-22,Manufacturing,201-1000,Product enquiry,5.07,1,0,synthetic_demo
L009731,2026-02-22,Retail,51-200,Product enquiry,28.51,5,0,synthetic_demo
L007674,2026-02-22,Retail,1-50,Bulk order,7.19,2,0,synthetic_demo
L005309,2026-02-22,Manufacturing,201-1000,Bulk order,3.36,4,1,synthetic_demo
L005487,2026-02-22,Construction,51-200,Bulk order,15.72,1,1,synthetic_demo
L004984,2026-02-22,Manufacturing,1-50,Bulk order,12.78,2,0,synthetic_demo
L008507,2026-02-22,Healthcare,1-50,Price quote,4.44,2,0,synthetic_demo
L009851,2026-02-22,Manufacturing,1001+,Price quote,12.3,1,0,synthetic_demo
L005939,2026-02-22,Technology,51-200,Price quote,8.79,1,0,synthetic_demo
L010101,2026-02-23,Construction,201-1000,Product enquiry,18.45,2,0,synthetic_demo
L005212,2026-02-23,Manufacturing,201-1000,Price quote,9.94,3,0,synthetic_demo
L005551,2026-02-23,Retail,51-200,Price quote,9.75,3,0,synthetic_demo
L007766,2026-02-23,Manufacturing,1001+,Supplier request,6.83,3,0,synthetic_demo
L007856,2026-02-23,Technology,1-50,Product enquiry,12.06,4,0,synthetic_demo
L008211,2026-02-23,Retail,1001+,Price quote,16.82,2,0,synthetic_demo
L003752,2026-02-23,Healthcare,201-1000,Bulk order,5.66,0,0,synthetic_demo
L010638,2026-02-23,Construction,51-200,Product enquiry,6.3,3,0,synthetic_demo
L006391,2026-02-23,Manufacturing,1-50,Product enquiry,19.66,4,0,synthetic_demo
L009347,2026-02-23,Retail,51-200,Bulk order,3.92,3,0,synthetic_demo
L008113,2026-02-23,Construction,51-200,Product enquiry,10.12,2,0,synthetic_demo
L010742,2026-02-23,Technology,51-200,Bulk order,5.89,3,1,synthetic_demo
L005168,2026-02-23,Technology,1-50,Price quote,13.82,1,0,synthetic_demo
L006783,2026-02-23,Healthcare,1-50,Bulk order,17.01,1,0,synthetic_demo
L007065,2026-02-23,Retail,51-200,Product enquiry,4.33,5,1,synthetic_demo
L009711,2026-02-23,Technology,201-1000,Product enquiry,9.44,1,0,synthetic_demo
L007174,2026-02-23,Healthcare,51-200,Product enquiry,15.14,1,0,synthetic_demo
L009784,2026-02-23,Manufacturing,201-1000,Price quote,1.98,1,0,synthetic_demo
L011869,2026-02-23,Manufacturing,1-50,Bulk order,16.31,3,0,synthetic_demo
L006918,2026-02-23,Technology,201-1000,Bulk order,3.7,2,0,synthetic_demo
L011166,2026-02-23,Healthcare,1-50,Bulk order,1.88,1,0,synthetic_demo
L009217,2026-02-23,Construction,1-50,Product enquiry,2.86,0,0,synthetic_demo
L011617,2026-02-23,Retail,1-50,Price quote,2.24,1,0,synthetic_demo
L000905,2026-02-23,Construction,1-50,Product enquiry,10.09,1,0,synthetic_demo
L007099,2026-02-23,Manufacturing,1-50,Bulk order,11.44,4,0,synthetic_demo
L002129,2026-02-23,Manufacturing,1001+,Product enquiry,3.76,1,0,synthetic_demo
L007564,2026-02-23,Retail,51-200,Bulk order,5.82,4,1,synthetic_demo
L006192,2026-02-23,Manufacturing,1-50,Product enquiry,17.81,3,0,synthetic_demo
L001787,2026-02-24,Retail,51-200,Price quote,19.55,3,0,synthetic_demo
L011543,2026-02-24,Retail,201-1000,Supplier request,4.53,3,0,synthetic_demo
L005639,2026-02-24,Manufacturing,1001+,Bulk order,17.1,2,1,synthetic_demo
L003587,2026-02-24,Retail,1-50,Product enquiry,3.34,5,0,synthetic_demo
L010301,2026-02-24,Manufacturing,201-1000,Product enquiry,5.77,2,0,synthetic_demo
L005123,2026-02-24,Retail,51-200,Price quote,1.85,1,0,synthetic_demo
L008309,2026-02-24,Retail,1001+,Price quote,14.99,3,0,synthetic_demo
L003957,2026-02-24,Construction,201-1000,Product enquiry,1.7,2,1,synthetic_demo
L002396,2026-02-24,Construction,1-50,Supplier request,5.55,3,0,synthetic_demo
L008208,2026-02-24,Retail,51-200,Product enquiry,9.98,3,0,synthetic_demo
L011055,2026-02-24,Retail,51-200,Product enquiry,4.07,1,0,synthetic_demo
L007755,2026-02-24,Retail,51-200,Product enquiry,9.26,3,0,synthetic_demo
L001418,2026-02-24,Healthcare,51-200,Supplier request,2.54,3,1,synthetic_demo
L002025,2026-02-24,Retail,51-200,Product enquiry,12.18,4,0,synthetic_demo
L003806,2026-02-24,Manufacturing,201-1000,Supplier request,4.91,0,1,synthetic_demo
L006191,2026-02-24,Technology,1001+,Price quote,4.81,1,0,synthetic_demo
L010368,2026-02-24,Retail,1-50,Product enquiry,8.21,2,0,synthetic_demo
L004322,2026-02-24,Healthcare,201-1000,Product enquiry,19.33,2,0,synthetic_demo
L003344,2026-02-24,Manufacturing,1-50,Price quote,1.82,0,0,synthetic_demo
L007862,2026-02-24,Manufacturing,51-200,Bulk order,9.43,0,0,synthetic_demo
L007317,2026-02-24,Construction,51-200,Price quote,5.17,3,0,synthetic_demo
L000650,2026-02-24,Manufacturing,51-200,Price quote,0.6,4,0,synthetic_demo
L001395,2026-02-24,Technology,1-50,Bulk order,8.52,2,0,synthetic_demo
L011010,2026-02-24,Construction,1001+,Product enquiry,21.75,1,1,synthetic_demo
L010885,2026-02-24,Construction,1-50,Supplier request,5.77,3,0,synthetic_demo
L004680,2026-02-24,Construction,51-200,Product enquiry,11.66,2,0,synthetic_demo
L002762,2026-02-24,Construction,51-200,Price quote,12.61,3,0,synthetic_demo
L008650,2026-02-24,Healthcare,1-50,Bulk order,9.04,3,1,synthetic_demo
L005663,2026-02-24,Healthcare,1-50,Product enquiry,6.18,3,0,synthetic_demo
L001282,2026-02-24,Retail,1-50,Price quote,6.26,4,1,synthetic_demo
L009797,2026-02-24,Manufacturing,201-1000,Supplier request,23.27,4,0,synthetic_demo
L006658,2026-02-24,Construction,1-50,Product enquiry,5.69,2,0,synthetic_demo
L010813,2026-02-24,Retail,201-1000,Product enquiry,15.61,2,0,synthetic_demo
L004093,2026-02-24,Technology,1-50,Bulk order,6.52,1,0,synthetic_demo
L011000,2026-02-24,Construction,201-1000,Product enquiry,6.71,4,1,synthetic_demo
L004481,2026-02-24,Retail,201-1000,Bulk order,4.88,0,0,synthetic_demo
L000984,2026-02-24,Retail,51-200,Bulk order,3.31,5,0,synthetic_demo
L011713,2026-02-24,Manufacturing,51-200,Product enquiry,1.72,3,0,synthetic_demo
L003057,2026-02-24,Healthcare,201-1000,Product enquiry,13.28,3,0,synthetic_demo
L007945,2026-02-24,Healthcare,1-50,Bulk order,11.75,2,0,synthetic_demo
L010042,2026-02-25,Healthcare,51-200,Price quote,6.12,6,0,synthetic_demo
L009465,2026-02-25,Construction,1-50,Product enquiry,22.94,2,0,synthetic_demo
L006678,2026-02-25,Construction,1-50,Price quote,6.67,5,1,synthetic_demo
L009634,2026-02-25,Retail,51-200,Bulk order,16.74,0,0,synthetic_demo
L000059,2026-02-25,Manufacturing,51-200,Bulk order,19.18,0,0,synthetic_demo
L003977,2026-02-25,Manufacturing,51-200,Supplier request,23.52,3,0,synthetic_demo
L006200,2026-02-25,Construction,1-50,Product enquiry,15.63,5,0,synthetic_demo
L005048,2026-02-25,Technology,201-1000,Supplier request,21.48,3,0,synthetic_demo
L003479,2026-02-25,Construction,1-50,Product enquiry,21.68,1,0,synthetic_demo
L000327,2026-02-25,Technology,51-200,Product enquiry,8.32,2,0,synthetic_demo
L000845,2026-02-25,Manufacturing,1-50,Price quote,10.95,3,0,synthetic_demo
L003489,2026-02-25,Manufacturing,51-200,Product enquiry,9.35,3,1,synthetic_demo
L005713,2026-02-25,Construction,1001+,Price quote,14.34,4,1,synthetic_demo
L011698,2026-02-25,Healthcare,201-1000,Bulk order,8.01,1,0,synthetic_demo
L000825,2026-02-25,Technology,201-1000,Price quote,11.02,2,0,synthetic_demo
L000016,2026-02-25,Manufacturing,1-50,Price quote,8.8,3,0,synthetic_demo
L006857,2026-02-25,Manufacturing,51-200,Bulk order,4.25,1,0,synthetic_demo
L004536,2026-02-25,Manufacturing,1-50,Bulk order,11.6,3,0,synthetic_demo
L008122,2026-02-25,Healthcare,51-200,Bulk order,8.95,2,0,synthetic_demo
L010243,2026-02-25,Manufacturing,1-50,Bulk order,13.12,1,0,synthetic_demo
L002376,2026-02-25,Manufacturing,51-200,Bulk order,3.67,1,0,synthetic_demo
L009713,2026-02-25,Construction,51-200,Bulk order,12.56,3,1,synthetic_demo
L002790,2026-02-25,Retail,51-200,Bulk order,15.06,3,1,synthetic_demo
L005856,2026-02-25,Technology,1-50,Price quote,30.76,2,0,synthetic_demo
L004463,2026-02-25,Retail,1-50,Product enquiry,19.25,2,0,synthetic_demo
L000934,2026-02-25,Technology,201-1000,Price quote,21.24,1,1,synthetic_demo
L005282,2026-02-25,Retail,1001+,Bulk order,10.81,3,1,synthetic_demo
L011946,2026-02-25,Healthcare,1-50,Product enquiry,25.04,2,0,synthetic_demo
L006453,2026-02-25,Healthcare,201-1000,Supplier request,5.23,6,1,synthetic_demo
L010538,2026-02-25,Technology,1-50,Price quote,9.52,2,0,synthetic_demo
L006504,2026-02-25,Construction,1-50,Product enquiry,31.25,3,0,synthetic_demo
L008447,2026-02-25,Retail,1-50,Product enquiry,7.63,1,0,synthetic_demo
L002584,2026-02-26,Manufacturing,201-1000,Product enquiry,8.05,1,1,synthetic_demo
L001457,2026-02-26,Manufacturing,1-50,Price quote,20.99,2,0,synthetic_demo
L005731,2026-02-26,Retail,51-200,Supplier request,25.08,3,0,synthetic_demo
L008267,2026-02-26,Construction,1-50,Supplier request,2.64,1,0,synthetic_demo
L007831,2026-02-26,Construction,201-1000,Supplier request,6.89,2,0,synthetic_demo
L005361,2026-02-26,Healthcare,1001+,Supplier request,18.68,1,0,synthetic_demo
L006745,2026-02-26,Manufacturing,51-200,Product enquiry,6.49,2,0,synthetic_demo
L008617,2026-02-26,Healthcare,51-200,Bulk order,15.71,2,0,synthetic_demo
L001233,2026-02-26,Manufacturing,201-1000,Supplier request,9.71,1,0,synthetic_demo
L002893,2026-02-26,Healthcare,1-50,Product enquiry,14.36,2,0,synthetic_demo
L005653,2026-02-26,Healthcare,1-50,Price quote,8.32,2,0,synthetic_demo
L000850,2026-02-26,Construction,51-200,Product enquiry,7.49,3,0,synthetic_demo
L001704,2026-02-26,Healthcare,51-200,Product enquiry,4.75,4,0,synthetic_demo
L010170,2026-02-26,Manufacturing,51-200,Supplier request,5.25,5,0,synthetic_demo
L001905,2026-02-26,Healthcare,1-50,Bulk order,12.49,5,0,synthetic_demo
L003903,2026-02-26,Technology,201-1000,Supplier request,6.24,2,0,synthetic_demo
L008245,2026-02-26,Construction,201-1000,Supplier request,5.0,1,1,synthetic_demo
L000448,2026-02-26,Healthcare,51-200,Price quote,5.75,0,1,synthetic_demo
L001482,2026-02-26,Manufacturing,1-50,Product enquiry,11.1,1,0,synthetic_demo
L002850,2026-02-26,Retail,1-50,Bulk order,3.56,1,0,synthetic_demo
L001502,2026-02-26,Construction,51-200,Price quote,7.05,1,0,synthetic_demo
L010147,2026-02-26,Manufacturing,201-1000,Price quote,15.37,1,0,synthetic_demo
L008220,2026-02-26,Technology,1001+,Product enquiry,12.41,1,0,synthetic_demo
L008951,2026-02-26,Retail,1001+,Product enquiry,12.06,2,0,synthetic_demo
L003599,2026-02-26,Construction,201-1000,Bulk order,8.35,3,1,synthetic_demo
L002544,2026-02-26,Manufacturing,1001+,Product enquiry,6.07,1,1,synthetic_demo
L002331,2026-02-26,Healthcare,1-50,Price quote,7.68,2,1,synthetic_demo
L009386,2026-02-26,Healthcare,1-50,Supplier request,23.6,3,0,synthetic_demo
L002077,2026-02-26,Construction,1-50,Product enquiry,14.54,3,0,synthetic_demo
L009098,2026-02-26,Retail,51-200,Supplier request,21.29,0,0,synthetic_demo
L009576,2026-02-26,Healthcare,1-50,Price quote,2.49,2,0,synthetic_demo
L006593,2026-02-26,Retail,51-200,Bulk order,12.75,0,0,synthetic_demo
L010896,2026-02-26,Construction,51-200,Price quote,7.59,6,0,synthetic_demo
L006711,2026-02-26,Manufacturing,51-200,Product enquiry,4.57,2,0,synthetic_demo
L000190,2026-02-26,Manufacturing,1-50,Product enquiry,9.29,4,0,synthetic_demo
L006261,2026-02-27,Construction,201-1000,Bulk order,11.22,3,0,synthetic_demo
L005470,2026-02-27,Manufacturing,1-50,Product enquiry,17.84,0,0,synthetic_demo
L007693,2026-02-27,Retail,201-1000,Bulk order,5.35,2,0,synthetic_demo
L006707,2026-02-27,Manufacturing,51-200,Bulk order,1.9,2,0,synthetic_demo
L011370,2026-02-27,Technology,1-50,Price quote,3.32,4,0,synthetic_demo
L005716,2026-02-27,Manufacturing,201-1000,Bulk order,2.13,4,0,synthetic_demo
L010028,2026-02-27,Manufacturing,51-200,Bulk order,17.13,1,0,synthetic_demo
L001681,2026-02-27,Technology,1-50,Product enquiry,8.19,1,0,synthetic_demo
L007334,2026-02-27,Technology,51-200,Supplier request,6.55,3,0,synthetic_demo
L003167,2026-02-27,Manufacturing,1-50,Bulk order,13.74,4,0,synthetic_demo
L006253,2026-02-27,Retail,51-200,Product enquiry,6.9,3,0,synthetic_demo
L011139,2026-02-27,Retail,1-50,Price quote,11.18,2,0,synthetic_demo
L007509,2026-02-27,Healthcare,1-50,Price quote,8.68,2,0,synthetic_demo
L010726,2026-02-27,Construction,51-200,Product enquiry,4.84,1,0,synthetic_demo
L010323,2026-02-27,Manufacturing,201-1000,Bulk order,19.85,1,1,synthetic_demo
L007355,2026-02-27,Retail,1001+,Price quote,10.12,1,0,synthetic_demo
L003022,2026-02-27,Technology,1001+,Price quote,9.0,3,0,synthetic_demo
L004956,2026-02-27,Manufacturing,1-50,Product enquiry,8.51,0,0,synthetic_demo
L008634,2026-02-27,Healthcare,1001+,Supplier request,19.68,2,0,synthetic_demo
L010355,2026-02-27,Retail,1001+,Price quote,12.48,4,0,synthetic_demo
L005863,2026-02-27,Healthcare,1-50,Supplier request,6.49,1,0,synthetic_demo
L009459,2026-02-27,Healthcare,201-1000,Product enquiry,4.22,1,0,synthetic_demo
L005112,2026-02-27,Healthcare,201-1000,Bulk order,6.55,4,0,synthetic_demo
L005326,2026-02-27,Manufacturing,51-200,Bulk order,7.29,1,0,synthetic_demo
L000501,2026-02-27,Technology,201-1000,Supplier request,17.62,0,0,synthetic_demo
L002190,2026-02-27,Construction,201-1000,Price quote,42.56,5,0,synthetic_demo
L003728,2026-02-27,Manufacturing,201-1000,Bulk order,8.78,1,0,synthetic_demo
L008357,2026-02-27,Technology,1-50,Product enquiry,23.84,4,0,synthetic_demo
L001004,2026-02-27,Manufacturing,51-200,Bulk order,7.15,4,0,synthetic_demo
L002175,2026-02-27,Retail,1-50,Supplier request,6.85,4,1,synthetic_demo
L007747,2026-02-27,Healthcare,201-1000,Bulk order,4.54,0,0,synthetic_demo
L001592,2026-02-27,Manufacturing,201-1000,Bulk order,1.73,1,0,synthetic_demo
L003713,2026-02-27,Construction,51-200,Price quote,6.04,1,0,synthetic_demo
L007010,2026-02-27,Healthcare,201-1000,Bulk order,0.31,3,1,synthetic_demo
L010567,2026-02-28,Manufacturing,51-200,Price quote,14.59,0,0,synthetic_demo
L006146,2026-02-28,Technology,1-50,Price quote,18.22,1,0,synthetic_demo
L011572,2026-02-28,Construction,201-1000,Supplier request,2.19,1,0,synthetic_demo
L006568,2026-02-28,Healthcare,1-50,Price quote,13.84,2,0,synthetic_demo
L000726,2026-02-28,Manufacturing,1-50,Product enquiry,5.94,3,0,synthetic_demo
L006279,2026-02-28,Technology,1-50,Bulk order,16.64,1,1,synthetic_demo
L009770,2026-02-28,Manufacturing,51-200,Product enquiry,28.84,2,0,synthetic_demo
L007482,2026-02-28,Construction,1-50,Product enquiry,9.9,2,0,synthetic_demo
L010469,2026-02-28,Retail,1-50,Price quote,13.26,2,0,synthetic_demo
L010863,2026-02-28,Retail,201-1000,Product enquiry,17.5,4,1,synthetic_demo
L010508,2026-02-28,Manufacturing,201-1000,Bulk order,5.56,2,1,synthetic_demo
L011708,2026-02-28,Manufacturing,1-50,Product enquiry,2.33,3,0,synthetic_demo
L000584,2026-02-28,Retail,201-1000,Price quote,9.17,3,0,synthetic_demo
L011733,2026-02-28,Construction,201-1000,Bulk order,4.25,2,0,synthetic_demo
L011692,2026-02-28,Technology,201-1000,Supplier request,12.19,1,0,synthetic_demo
L010781,2026-02-28,Retail,1-50,Supplier request,2.03,3,0,synthetic_demo
L002978,2026-02-28,Technology,51-200,Supplier request,20.98,5,0,synthetic_demo
L009117,2026-02-28,Manufacturing,51-200,Product enquiry,18.98,4,0,synthetic_demo
L001591,2026-02-28,Manufacturing,1-50,Price quote,9.37,1,0,synthetic_demo
L004674,2026-02-28,Retail,51-200,Price quote,6.41,5,0,synthetic_demo
L006320,2026-02-28,Healthcare,1-50,Price quote,22.56,3,0,synthetic_demo
L008173,2026-02-28,Healthcare,201-1000,Bulk order,4.56,2,1,synthetic_demo
L009573,2026-02-28,Retail,201-1000,Price quote,10.3,3,1,synthetic_demo
L007496,2026-02-28,Technology,51-200,Supplier request,9.6,1,0,synthetic_demo
L011296,2026-02-28,Construction,201-1000,Product enquiry,6.58,0,0,synthetic_demo
L006849,2026-02-28,Manufacturing,1001+,Price quote,10.69,2,0,synthetic_demo
L008146,2026-02-28,Healthcare,201-1000,Product enquiry,16.07,2,0,synthetic_demo
L009489,2026-02-28,Construction,1-50,Product enquiry,5.28,2,0,synthetic_demo
L005943,2026-02-28,Manufacturing,1-50,Price quote,3.94,2,0,synthetic_demo
L007499,2026-02-28,Technology,1-50,Product enquiry,12.63,2,0,synthetic_demo
L011184,2026-02-28,Construction,201-1000,Product enquiry,15.79,3,0,synthetic_demo
L007107,2026-02-28,Healthcare,201-1000,Price quote,20.21,4,0,synthetic_demo
L010386,2026-02-28,Retail,1-50,Price quote,11.71,3,0,synthetic_demo
L003912,2026-02-28,Retail,201-1000,Bulk order,5.19,3,0,synthetic_demo
L011855,2026-02-28,Manufacturing,1-50,Bulk order,11.49,3,0,synthetic_demo
L000396,2026-02-28,Retail,51-200,Bulk order,1.91,2,0,synthetic_demo
L008881,2026-02-28,Technology,51-200,Bulk order,19.3,4,0,synthetic_demo
L007493,2026-02-28,Technology,1-50,Price quote,14.75,2,0,synthetic_demo
L004345,2026-02-28,Technology,201-1000,Product enquiry,18.84,1,0,synthetic_demo
L005608,2026-02-28,Healthcare,1-50,Product enquiry,23.91,2,0,synthetic_demo
L003762,2026-02-28,Retail,1001+,Bulk order,25.95,5,1,synthetic_demo
L004224,2026-03-01,Manufacturing,201-1000,Supplier request,15.79,2,0,synthetic_demo
L001711,2026-03-01,Technology,1-50,Price quote,5.96,2,0,synthetic_demo
L011064,2026-03-01,Retail,201-1000,Price quote,8.56,5,1,synthetic_demo
L006045,2026-03-01,Healthcare,1001+,Product enquiry,4.17,4,1,synthetic_demo
L006886,2026-03-01,Construction,201-1000,Supplier request,5.93,6,0,synthetic_demo
L004784,2026-03-01,Healthcare,1-50,Bulk order,6.91,2,1,synthetic_demo
L000523,2026-03-01,Manufacturing,1001+,Price quote,14.61,2,0,synthetic_demo
L001885,2026-03-01,Retail,51-200,Price quote,14.54,7,0,synthetic_demo
L000288,2026-03-01,Retail,201-1000,Supplier request,18.52,3,0,synthetic_demo
L000063,2026-03-01,Healthcare,201-1000,Product enquiry,11.81,1,0,synthetic_demo
L001500,2026-03-01,Technology,201-1000,Price quote,8.66,1,1,synthetic_demo
L000411,2026-03-01,Technology,201-1000,Supplier request,3.75,0,0,synthetic_demo
L008287,2026-03-01,Retail,201-1000,Product enquiry,5.75,4,0,synthetic_demo
L008954,2026-03-01,Construction,1-50,Price quote,4.66,0,0,synthetic_demo
L010886,2026-03-01,Manufacturing,51-200,Price quote,17.01,3,0,synthetic_demo
L001281,2026-03-01,Retail,51-200,Bulk order,4.93,1,1,synthetic_demo
L011463,2026-03-01,Technology,1-50,Product enquiry,16.69,1,0,synthetic_demo
L000340,2026-03-01,Construction,201-1000,Bulk order,26.25,4,1,synthetic_demo
L008185,2026-03-01,Retail,1-50,Bulk order,4.15,2,0,synthetic_demo
L004230,2026-03-01,Manufacturing,1001+,Product enquiry,10.6,1,0,synthetic_demo
L001335,2026-03-01,Construction,51-200,Price quote,12.79,4,0,synthetic_demo
L006398,2026-03-01,Manufacturing,51-200,Product enquiry,9.4,1,0,synthetic_demo
L010456,2026-03-01,Technology,201-1000,Product enquiry,7.76,2,0,synthetic_demo
L008181,2026-03-01,Manufacturing,1-50,Bulk order,6.05,5,0,synthetic_demo
L005517,2026-03-01,Manufacturing,51-200,Bulk order,4.76,3,1,synthetic_demo
L011259,2026-03-01,Retail,1001+,Bulk order,9.66,0,0,synthetic_demo
L004899,2026-03-01,Construction,1001+,Bulk order,8.58,1,0,synthetic_demo
L005273,2026-03-01,Technology,51-200,Product enquiry,4.15,2,0,synthetic_demo
L002849,2026-03-01,Technology,1-50,Bulk order,6.91,3,1,synthetic_demo
L000462,2026-03-01,Manufacturing,51-200,Product enquiry,19.58,1,0,synthetic_demo
L009277,2026-03-01,Construction,1-50,Bulk order,4.62,1,0,synthetic_demo
L011194,2026-03-01,Healthcare,51-200,Bulk order,13.63,2,0,synthetic_demo
L009830,2026-03-01,Healthcare,51-200,Product enquiry,23.23,2,0,synthetic_demo
L007552,2026-03-01,Technology,1-50,Product enquiry,2.73,2,1,synthetic_demo
L006914,2026-03-01,Technology,201-1000,Product enquiry,6.08,0,0,synthetic_demo
L010804,2026-03-01,Manufacturing,1001+,Price quote,16.79,1,0,synthetic_demo
L005025,2026-03-01,Healthcare,1-50,Product enquiry,45.97,1,0,synthetic_demo
L000246,2026-03-01,Construction,51-200,Supplier request,4.09,3,1,synthetic_demo
L005973,2026-03-01,Healthcare,1-50,Product enquiry,4.01,2,0,synthetic_demo
L010095,2026-03-02,Construction,201-1000,Supplier request,8.61,3,0,synthetic_demo
L009211,2026-03-02,Construction,201-1000,Product enquiry,15.39,1,0,synthetic_demo
L000389,2026-03-02,Manufacturing,201-1000,Product enquiry,13.94,3,0,synthetic_demo
L008206,2026-03-02,Retail,201-1000,Product enquiry,9.04,1,0,synthetic_demo
L003894,2026-03-02,Healthcare,201-1000,Price quote,3.55,1,0,synthetic_demo
L008787,2026-03-02,Healthcare,1-50,Bulk order,6.05,4,1,synthetic_demo
L009124,2026-03-02,Retail,51-200,Product enquiry,8.67,2,0,synthetic_demo
L002971,2026-03-02,Retail,201-1000,Price quote,0.51,5,0,synthetic_demo
L009089,2026-03-02,Healthcare,1001+,Price quote,11.5,3,0,synthetic_demo
L000526,2026-03-02,Retail,1-50,Bulk order,8.34,2,0,synthetic_demo
L006602,2026-03-02,Manufacturing,1-50,Price quote,4.71,1,0,synthetic_demo
L007085,2026-03-02,Healthcare,201-1000,Bulk order,9.18,4,1,synthetic_demo
L008393,2026-03-02,Retail,1-50,Price quote,10.65,1,0,synthetic_demo
L008382,2026-03-02,Healthcare,201-1000,Bulk order,7.38,0,0,synthetic_demo
L011195,2026-03-02,Healthcare,51-200,Bulk order,14.01,4,0,synthetic_demo
L002391,2026-03-02,Healthcare,201-1000,Price quote,0.81,2,0,synthetic_demo
L004753,2026-03-02,Retail,51-200,Bulk order,1.95,0,0,synthetic_demo
L000261,2026-03-02,Manufacturing,51-200,Price quote,5.21,0,0,synthetic_demo
L004190,2026-03-02,Healthcare,1-50,Price quote,8.15,1,1,synthetic_demo
L009074,2026-03-02,Technology,201-1000,Price quote,20.03,3,0,synthetic_demo
L001868,2026-03-02,Manufacturing,201-1000,Price quote,9.63,0,0,synthetic_demo
L005684,2026-03-02,Healthcare,1001+,Product enquiry,6.6,5,1,synthetic_demo
L011096,2026-03-02,Technology,201-1000,Product enquiry,18.44,2,0,synthetic_demo
L006240,2026-03-02,Healthcare,1-50,Bulk order,15.24,1,0,synthetic_demo
L011036,2026-03-02,Construction,1-50,Product enquiry,4.89,5,0,synthetic_demo
L001889,2026-03-02,Construction,201-1000,Product enquiry,12.89,6,1,synthetic_demo
L011479,2026-03-02,Technology,1-50,Supplier request,11.6,5,0,synthetic_demo
L010272,2026-03-02,Construction,1-50,Price quote,3.98,2,0,synthetic_demo
L005534,2026-03-02,Retail,1-50,Product enquiry,5.18,2,0,synthetic_demo
L006362,2026-03-02,Healthcare,51-200,Product enquiry,3.66,1,0,synthetic_demo
L001607,2026-03-02,Construction,1-50,Price quote,21.68,0,0,synthetic_demo
L005997,2026-03-02,Healthcare,201-1000,Supplier request,10.44,1,1,synthetic_demo
L005961,2026-03-02,Manufacturing,51-200,Product enquiry,8.14,3,0,synthetic_demo
L002435,2026-03-02,Technology,1-50,Price quote,4.92,3,1,synthetic_demo
L009324,2026-03-02,Technology,1-50,Bulk order,7.42,4,0,synthetic_demo
L009307,2026-03-02,Technology,201-1000,Product enquiry,2.11,4,1,synthetic_demo
L002589,2026-03-02,Retail,201-1000,Product enquiry,19.88,6,0,synthetic_demo
L011213,2026-03-02,Retail,51-200,Bulk order,6.14,2,0,synthetic_demo
L011522,2026-03-02,Manufacturing,51-200,Supplier request,25.08,3,0,synthetic_demo
L010942,2026-03-02,Construction,1-50,Product enquiry,3.7,3,0,synthetic_demo
L008298,2026-03-03,Retail,1001+,Product enquiry,23.56,2,0,synthetic_demo
L005599,2026-03-03,Healthcare,1-50,Product enquiry,23.24,5,0,synthetic_demo
L004704,2026-03-03,Retail,201-1000,Supplier request,1.23,1,0,synthetic_demo
L010555,2026-03-03,Technology,1-50,Bulk order,7.19,4,0,synthetic_demo
L011827,2026-03-03,Retail,201-1000,Price quote,11.6,4,0,synthetic_demo
L006037,2026-03-03,Construction,51-200,Product enquiry,5.51,1,0,synthetic_demo
L000886,2026-03-03,Retail,201-1000,Product enquiry,18.43,5,0,synthetic_demo
L010326,2026-03-03,Manufacturing,1001+,Price quote,6.9,2,0,synthetic_demo
L008523,2026-03-03,Construction,51-200,Price quote,5.45,2,0,synthetic_demo
L004195,2026-03-03,Retail,51-200,Price quote,10.15,2,0,synthetic_demo
L008024,2026-03-03,Retail,1-50,Price quote,27.08,3,0,synthetic_demo
L011045,2026-03-03,Healthcare,201-1000,Bulk order,16.89,2,0,synthetic_demo
L007179,2026-03-03,Construction,201-1000,Price quote,7.43,2,0,synthetic_demo
L010956,2026-03-03,Construction,51-200,Bulk order,4.78,0,0,synthetic_demo
L005186,2026-03-03,Construction,51-200,Product enquiry,9.11,4,0,synthetic_demo
L011373,2026-03-03,Manufacturing,51-200,Supplier request,10.83,3,0,synthetic_demo
L009868,2026-03-03,Technology,201-1000,Price quote,16.78,1,0,synthetic_demo
L006834,2026-03-03,Construction,51-200,Supplier request,2.32,4,0,synthetic_demo
L009399,2026-03-03,Technology,1001+,Product enquiry,19.34,1,0,synthetic_demo
L008815,2026-03-03,Construction,51-200,Bulk order,8.46,5,0,synthetic_demo
L000082,2026-03-03,Retail,1001+,Price quote,6.01,4,0,synthetic_demo
L002308,2026-03-03,Retail,1001+,Price quote,22.2,3,0,synthetic_demo
L011258,2026-03-03,Retail,1001+,Bulk order,12.1,0,1,synthetic_demo
L011514,2026-03-03,Manufacturing,1-50,Price quote,3.26,2,1,synthetic_demo
L005526,2026-03-03,Construction,51-200,Supplier request,7.45,3,0,synthetic_demo
L002957,2026-03-03,Manufacturing,1-50,Price quote,15.61,0,0,synthetic_demo
L011681,2026-03-03,Retail,1001+,Product enquiry,9.53,2,0,synthetic_demo
L005038,2026-03-03,Manufacturing,1-50,Product enquiry,20.19,2,0,synthetic_demo
L000945,2026-03-03,Retail,51-200,Bulk order,17.1,1,0,synthetic_demo
L001448,2026-03-04,Healthcare,1-50,Bulk order,3.46,2,0,synthetic_demo
L010263,2026-03-04,Manufacturing,201-1000,Supplier request,17.51,2,0,synthetic_demo
L004519,2026-03-04,Technology,51-200,Price quote,3.29,3,0,synthetic_demo
L007538,2026-03-04,Technology,1-50,Bulk order,9.06,3,0,synthetic_demo
L011134,2026-03-04,Construction,201-1000,Supplier request,3.31,1,0,synthetic_demo
L007803,2026-03-04,Retail,51-200,Price quote,13.76,4,0,synthetic_demo
L007456,2026-03-04,Healthcare,1001+,Price quote,6.07,0,0,synthetic_demo
L011573,2026-03-04,Retail,201-1000,Price quote,8.34,0,0,synthetic_demo
L007767,2026-03-04,Technology,51-200,Supplier request,7.42,0,0,synthetic_demo
L006284,2026-03-04,Manufacturing,51-200,Product enquiry,10.92,2,0,synthetic_demo
L005247,2026-03-04,Healthcare,1-50,Price quote,18.78,3,0,synthetic_demo
L007295,2026-03-04,Healthcare,1-50,Supplier request,3.94,0,0,synthetic_demo
L004603,2026-03-04,Construction,1-50,Supplier request,11.71,5,0,synthetic_demo
L011731,2026-03-04,Construction,51-200,Product enquiry,12.85,1,0,synthetic_demo
L007118,2026-03-04,Technology,1-50,Product enquiry,30.27,1,0,synthetic_demo
L009404,2026-03-04,Retail,51-200,Price quote,7.16,2,0,synthetic_demo
L004468,2026-03-04,Technology,1001+,Price quote,10.02,2,1,synthetic_demo
L000935,2026-03-04,Technology,1001+,Price quote,10.84,2,1,synthetic_demo
L001189,2026-03-04,Manufacturing,1-50,Price quote,5.66,0,1,synthetic_demo
L003052,2026-03-04,Manufacturing,201-1000,Price quote,10.23,1,0,synthetic_demo
L000547,2026-03-05,Retail,201-1000,Product enquiry,13.72,1,0,synthetic_demo
L005667,2026-03-05,Manufacturing,51-200,Price quote,3.66,2,0,synthetic_demo
L003443,2026-03-05,Manufacturing,201-1000,Product enquiry,13.52,4,0,synthetic_demo
L001446,2026-03-05,Healthcare,1-50,Supplier request,1.5,5,0,synthetic_demo
L008942,2026-03-05,Manufacturing,51-200,Price quote,13.1,3,1,synthetic_demo
L007347,2026-03-05,Retail,201-1000,Supplier request,13.83,0,0,synthetic_demo
L004648,2026-03-05,Manufacturing,1-50,Bulk order,7.39,1,0,synthetic_demo
L000953,2026-03-05,Manufacturing,1-50,Bulk order,20.82,2,0,synthetic_demo
L001880,2026-03-05,Healthcare,51-200,Price quote,18.32,1,1,synthetic_demo
L004815,2026-03-05,Retail,1001+,Supplier request,11.71,2,0,synthetic_demo
L009761,2026-03-05,Construction,51-200,Product enquiry,6.11,2,0,synthetic_demo
L007400,2026-03-05,Technology,51-200,Bulk order,7.1,2,0,synthetic_demo
L009415,2026-03-05,Construction,1001+,Price quote,15.04,3,0,synthetic_demo
L010470,2026-03-05,Manufacturing,51-200,Bulk order,3.54,3,1,synthetic_demo
L007287,2026-03-05,Technology,201-1000,Product enquiry,8.43,2,0,synthetic_demo
L010913,2026-03-05,Technology,1-50,Bulk order,8.24,4,1,synthetic_demo
L002155,2026-03-05,Healthcare,51-200,Bulk order,4.31,1,0,synthetic_demo
L000896,2026-03-05,Construction,51-200,Supplier request,6.25,2,0,synthetic_demo
L001181,2026-03-05,Technology,51-200,Bulk order,2.42,3,1,synthetic_demo
L008003,2026-03-05,Retail,1-50,Bulk order,11.3,4,0,synthetic_demo
L002819,2026-03-05,Retail,51-200,Product enquiry,1.82,0,0,synthetic_demo
L002091,2026-03-05,Retail,51-200,Product enquiry,11.16,1,0,synthetic_demo
L011693,2026-03-05,Manufacturing,51-200,Product enquiry,6.05,2,0,synthetic_demo
L008120,2026-03-05,Technology,1-50,Price quote,14.54,1,0,synthetic_demo
L011736,2026-03-05,Construction,201-1000,Price quote,15.9,0,0,synthetic_demo
L006716,2026-03-05,Technology,1001+,Product enquiry,14.31,3,0,synthetic_demo
L007915,2026-03-05,Construction,1-50,Price quote,8.08,1,0,synthetic_demo
L006969,2026-03-05,Healthcare,51-200,Bulk order,6.65,1,0,synthetic_demo
L011344,2026-03-05,Manufacturing,201-1000,Price quote,11.83,1,0,synthetic_demo
L009457,2026-03-06,Manufacturing,201-1000,Product enquiry,6.7,4,1,synthetic_demo
L003580,2026-03-06,Manufacturing,51-200,Price quote,6.84,1,0,synthetic_demo
L002130,2026-03-06,Manufacturing,1-50,Bulk order,7.42,1,0,synthetic_demo
L009913,2026-03-06,Construction,51-200,Supplier request,14.78,7,0,synthetic_demo
L004334,2026-03-06,Retail,201-1000,Price quote,7.77,4,1,synthetic_demo
L009483,2026-03-06,Construction,1-50,Bulk order,7.46,5,0,synthetic_demo
L001334,2026-03-06,Construction,51-200,Bulk order,5.44,1,0,synthetic_demo
L006255,2026-03-06,Construction,201-1000,Product enquiry,6.42,3,1,synthetic_demo
L002738,2026-03-06,Healthcare,51-200,Price quote,28.26,6,0,synthetic_demo
L004986,2026-03-06,Retail,51-200,Bulk order,9.72,3,0,synthetic_demo
L003500,2026-03-06,Construction,1-50,Bulk order,4.18,3,0,synthetic_demo
L004383,2026-03-06,Manufacturing,201-1000,Supplier request,9.64,2,1,synthetic_demo
L007310,2026-03-06,Retail,201-1000,Price quote,5.54,2,1,synthetic_demo
L011724,2026-03-06,Retail,51-200,Price quote,10.13,0,0,synthetic_demo
L003003,2026-03-06,Manufacturing,51-200,Bulk order,10.2,0,0,synthetic_demo
L011299,2026-03-06,Technology,51-200,Price quote,10.88,5,0,synthetic_demo
L001084,2026-03-06,Technology,201-1000,Price quote,9.22,2,0,synthetic_demo
L000970,2026-03-06,Manufacturing,51-200,Product enquiry,6.38,2,0,synthetic_demo
L003330,2026-03-06,Manufacturing,1-50,Supplier request,24.11,3,0,synthetic_demo
L000321,2026-03-06,Construction,51-200,Product enquiry,2.74,0,0,synthetic_demo
L008625,2026-03-06,Retail,51-200,Price quote,18.16,3,1,synthetic_demo
L004123,2026-03-06,Construction,1-50,Product enquiry,22.27,0,0,synthetic_demo
L009855,2026-03-06,Manufacturing,1-50,Price quote,3.66,4,0,synthetic_demo
L011322,2026-03-06,Retail,1-50,Price quote,2.1,3,0,synthetic_demo
L011772,2026-03-06,Healthcare,1-50,Supplier request,16.49,1,0,synthetic_demo
L001707,2026-03-06,Manufacturing,1-50,Product enquiry,21.32,4,0,synthetic_demo
L002386,2026-03-06,Technology,201-1000,Price quote,4.76,3,0,synthetic_demo
L006170,2026-03-06,Technology,201-1000,Supplier request,16.42,2,1,synthetic_demo
L000369,2026-03-06,Retail,51-200,Price quote,13.34,3,0,synthetic_demo
L008558,2026-03-06,Technology,201-1000,Product enquiry,5.57,0,0,synthetic_demo
L007653,2026-03-06,Healthcare,51-200,Supplier request,0.16,2,0,synthetic_demo
L008054,2026-03-06,Technology,1-50,Price quote,12.17,4,0,synthetic_demo
L008058,2026-03-06,Retail,1001+,Product enquiry,3.49,2,0,synthetic_demo
L003822,2026-03-06,Healthcare,51-200,Price quote,23.83,5,0,synthetic_demo
L006174,2026-03-06,Retail,1001+,Bulk order,3.19,3,1,synthetic_demo
L007256,2026-03-07,Manufacturing,1-50,Product enquiry,4.42,1,0,synthetic_demo
L003824,2026-03-07,Manufacturing,51-200,Price quote,15.31,3,0,synthetic_demo
L005852,2026-03-07,Construction,201-1000,Product enquiry,5.41,4,0,synthetic_demo
L001402,2026-03-07,Manufacturing,51-200,Price quote,10.8,4,1,synthetic_demo
L005387,2026-03-07,Manufacturing,201-1000,Bulk order,1.98,0,0,synthetic_demo
L000872,2026-03-07,Manufacturing,1-50,Supplier request,14.02,3,0,synthetic_demo
L006855,2026-03-07,Manufacturing,201-1000,Product enquiry,5.81,1,0,synthetic_demo
L008073,2026-03-07,Manufacturing,51-200,Price quote,8.17,3,1,synthetic_demo
L006259,2026-03-07,Retail,51-200,Supplier request,10.11,1,0,synthetic_demo
L003560,2026-03-07,Healthcare,1001+,Bulk order,2.93,4,1,synthetic_demo
L000236,2026-03-07,Technology,1001+,Bulk order,3.58,1,1,synthetic_demo
L009980,2026-03-07,Manufacturing,1-50,Price quote,8.7,0,0,synthetic_demo
L011263,2026-03-07,Healthcare,51-200,Product enquiry,34.65,1,0,synthetic_demo
L002744,2026-03-07,Technology,51-200,Supplier request,5.91,1,0,synthetic_demo
L007635,2026-03-07,Manufacturing,201-1000,Bulk order,20.06,4,1,synthetic_demo
L007290,2026-03-07,Manufacturing,1-50,Price quote,5.16,4,1,synthetic_demo
L009077,2026-03-07,Technology,51-200,Price quote,7.15,1,0,synthetic_demo
L007781,2026-03-07,Technology,201-1000,Price quote,3.94,5,1,synthetic_demo
L009522,2026-03-07,Healthcare,1001+,Product enquiry,3.43,0,0,synthetic_demo
L011266,2026-03-07,Manufacturing,1-50,Price quote,22.28,1,0,synthetic_demo
L010564,2026-03-07,Manufacturing,1-50,Product enquiry,2.59,3,0,synthetic_demo
L000764,2026-03-07,Manufacturing,201-1000,Price quote,21.9,4,1,synthetic_demo
L007121,2026-03-07,Retail,51-200,Product enquiry,19.98,1,0,synthetic_demo
L010830,2026-03-07,Retail,1-50,Product enquiry,22.55,2,0,synthetic_demo
L003691,2026-03-07,Manufacturing,1-50,Product enquiry,4.87,3,0,synthetic_demo
L004887,2026-03-07,Manufacturing,201-1000,Bulk order,13.76,0,0,synthetic_demo
L002487,2026-03-07,Technology,1-50,Price quote,16.96,2,0,synthetic_demo
L009897,2026-03-07,Technology,1-50,Product enquiry,18.48,2,0,synthetic_demo
L004799,2026-03-07,Technology,51-200,Bulk order,10.41,2,0,synthetic_demo
L006299,2026-03-07,Retail,201-1000,Price quote,22.99,2,0,synthetic_demo
L000657,2026-03-07,Construction,1-50,Price quote,4.85,2,0,synthetic_demo
L000651,2026-03-07,Retail,1-50,Price quote,3.09,0,0,synthetic_demo
L010759,2026-03-07,Construction,51-200,Product enquiry,7.8,1,0,synthetic_demo
L006402,2026-03-07,Manufacturing,51-200,Price quote,11.65,1,0,synthetic_demo
L008108,2026-03-07,Technology,201-1000,Supplier request,11.87,0,0,synthetic_demo
L007000,2026-03-08,Technology,51-200,Price quote,14.06,3,0,synthetic_demo
L007907,2026-03-08,Healthcare,51-200,Product enquiry,22.37,2,0,synthetic_demo
L004237,2026-03-08,Retail,201-1000,Price quote,1.55,2,0,synthetic_demo
L007064,2026-03-08,Manufacturing,1001+,Product enquiry,18.64,1,0,synthetic_demo
L010226,2026-03-08,Technology,1-50,Product enquiry,10.74,0,0,synthetic_demo
L000442,2026-03-08,Manufacturing,201-1000,Product enquiry,3.83,4,1,synthetic_demo
L008260,2026-03-08,Healthcare,1001+,Price quote,15.26,0,1,synthetic_demo
L000414,2026-03-08,Construction,1001+,Supplier request,5.8,3,0,synthetic_demo
L003534,2026-03-08,Manufacturing,1001+,Product enquiry,11.5,1,0,synthetic_demo
L001082,2026-03-08,Construction,51-200,Product enquiry,20.62,1,0,synthetic_demo
L008130,2026-03-08,Retail,1-50,Bulk order,20.27,1,0,synthetic_demo
L001341,2026-03-08,Manufacturing,1-50,Price quote,19.34,0,0,synthetic_demo
L009683,2026-03-08,Construction,51-200,Supplier request,18.79,2,0,synthetic_demo
L011315,2026-03-08,Manufacturing,201-1000,Bulk order,7.84,3,1,synthetic_demo
L000522,2026-03-08,Retail,51-200,Bulk order,2.98,0,0,synthetic_demo
L007011,2026-03-08,Manufacturing,1-50,Price quote,5.78,2,0,synthetic_demo
L003337,2026-03-08,Healthcare,51-200,Supplier request,10.29,1,0,synthetic_demo
L007875,2026-03-08,Healthcare,1-50,Product enquiry,9.14,1,0,synthetic_demo
L008286,2026-03-08,Manufacturing,51-200,Product enquiry,3.05,7,0,synthetic_demo
L006165,2026-03-08,Construction,1-50,Product enquiry,23.73,1,0,synthetic_demo
L008079,2026-03-08,Construction,1-50,Supplier request,15.4,2,0,synthetic_demo
L009118,2026-03-08,Healthcare,51-200,Supplier request,13.41,4,0,synthetic_demo
L002011,2026-03-08,Manufacturing,1001+,Price quote,5.35,5,1,synthetic_demo
L000817,2026-03-08,Construction,1001+,Bulk order,2.42,0,0,synthetic_demo
L007361,2026-03-08,Retail,201-1000,Product enquiry,45.75,3,0,synthetic_demo
L004911,2026-03-08,Manufacturing,51-200,Product enquiry,4.81,2,0,synthetic_demo
L000268,2026-03-08,Manufacturing,1-50,Supplier request,12.23,2,0,synthetic_demo
L001312,2026-03-08,Construction,201-1000,Supplier request,15.55,5,0,synthetic_demo
L001475,2026-03-08,Healthcare,51-200,Price quote,4.96,4,1,synthetic_demo
L000518,2026-03-08,Technology,51-200,Supplier request,20.81,2,1,synthetic_demo
L005494,2026-03-09,Retail,1-50,Price quote,5.18,6,1,synthetic_demo
L000159,2026-03-09,Technology,1-50,Supplier request,11.33,0,0,synthetic_demo
L005909,2026-03-09,Retail,201-1000,Product enquiry,20.85,3,0,synthetic_demo
L009122,2026-03-09,Construction,1-50,Bulk order,19.05,3,0,synthetic_demo
L005334,2026-03-09,Manufacturing,201-1000,Price quote,25.81,2,0,synthetic_demo
L010819,2026-03-09,Manufacturing,201-1000,Product enquiry,14.36,3,0,synthetic_demo
L003536,2026-03-09,Technology,1-50,Bulk order,6.53,1,0,synthetic_demo
L010535,2026-03-09,Manufacturing,201-1000,Price quote,5.83,3,0,synthetic_demo
L006016,2026-03-09,Manufacturing,51-200,Supplier request,4.79,1,0,synthetic_demo
L011398,2026-03-09,Technology,201-1000,Bulk order,9.3,3,0,synthetic_demo
L004318,2026-03-09,Technology,51-200,Supplier request,15.31,4,1,synthetic_demo
L003017,2026-03-09,Construction,51-200,Price quote,5.45,2,0,synthetic_demo
L002383,2026-03-09,Manufacturing,201-1000,Bulk order,2.54,2,1,synthetic_demo
L001291,2026-03-09,Retail,201-1000,Supplier request,13.5,0,0,synthetic_demo
L010707,2026-03-09,Construction,51-200,Product enquiry,0.7,2,0,synthetic_demo
L008457,2026-03-09,Construction,1001+,Bulk order,7.89,2,0,synthetic_demo
L011504,2026-03-09,Healthcare,51-200,Price quote,7.73,1,0,synthetic_demo
L010448,2026-03-09,Manufacturing,201-1000,Bulk order,15.2,0,0,synthetic_demo
L001568,2026-03-09,Manufacturing,1-50,Product enquiry,7.15,0,0,synthetic_demo
L009215,2026-03-09,Manufacturing,201-1000,Bulk order,23.7,0,1,synthetic_demo
L011667,2026-03-09,Technology,201-1000,Bulk order,21.74,1,0,synthetic_demo
L002286,2026-03-09,Manufacturing,1-50,Product enquiry,6.01,0,0,synthetic_demo
L010040,2026-03-09,Healthcare,1001+,Supplier request,15.57,1,0,synthetic_demo
L006662,2026-03-09,Construction,1-50,Product enquiry,1.73,3,1,synthetic_demo
L008427,2026-03-09,Technology,201-1000,Product enquiry,24.65,3,0,synthetic_demo
L008470,2026-03-09,Retail,1-50,Bulk order,26.99,3,0,synthetic_demo
L002051,2026-03-09,Construction,51-200,Bulk order,15.4,3,0,synthetic_demo
L005315,2026-03-09,Retail,51-200,Price quote,4.8,4,0,synthetic_demo
L003319,2026-03-09,Manufacturing,51-200,Supplier request,7.44,4,0,synthetic_demo
L008305,2026-03-09,Technology,201-1000,Bulk order,19.56,3,0,synthetic_demo
L004530,2026-03-09,Healthcare,1-50,Product enquiry,19.89,0,0,synthetic_demo
L007008,2026-03-09,Manufacturing,51-200,Price quote,21.03,0,0,synthetic_demo
L008647,2026-03-09,Technology,201-1000,Product enquiry,3.55,1,0,synthetic_demo
L011939,2026-03-09,Retail,201-1000,Product enquiry,2.61,1,0,synthetic_demo
L006264,2026-03-09,Technology,51-200,Product enquiry,20.18,3,1,synthetic_demo
L006379,2026-03-10,Retail,1001+,Product enquiry,7.02,2,0,synthetic_demo
L004047,2026-03-10,Manufacturing,51-200,Price quote,11.06,3,0,synthetic_demo
L002250,2026-03-10,Retail,51-200,Product enquiry,1.14,2,0,synthetic_demo
L003092,2026-03-10,Construction,201-1000,Supplier request,15.14,1,0,synthetic_demo
L002364,2026-03-10,Construction,51-200,Bulk order,8.47,1,0,synthetic_demo
L008312,2026-03-10,Retail,1-50,Price quote,18.21,0,0,synthetic_demo
L008501,2026-03-10,Manufacturing,1001+,Price quote,13.62,0,0,synthetic_demo
L007776,2026-03-10,Retail,1-50,Price quote,15.86,4,0,synthetic_demo
L005458,2026-03-10,Healthcare,51-200,Price quote,20.63,4,0,synthetic_demo
L002281,2026-03-10,Retail,51-200,Price quote,13.99,4,0,synthetic_demo
L002159,2026-03-10,Retail,201-1000,Product enquiry,2.29,3,0,synthetic_demo
L003478,2026-03-10,Construction,201-1000,Bulk order,18.21,2,0,synthetic_demo
L005120,2026-03-10,Healthcare,201-1000,Price quote,2.71,1,0,synthetic_demo
L007872,2026-03-10,Manufacturing,51-200,Bulk order,8.01,2,0,synthetic_demo
L001357,2026-03-10,Healthcare,1-50,Bulk order,6.29,0,0,synthetic_demo
L004329,2026-03-10,Technology,1-50,Price quote,12.14,2,0,synthetic_demo
L011421,2026-03-10,Technology,1-50,Supplier request,13.63,0,0,synthetic_demo
L008350,2026-03-10,Manufacturing,1-50,Bulk order,13.75,2,0,synthetic_demo
L007709,2026-03-10,Retail,51-200,Product enquiry,6.58,1,0,synthetic_demo
L005660,2026-03-10,Technology,1-50,Price quote,13.12,1,0,synthetic_demo
L008652,2026-03-10,Construction,51-200,Bulk order,24.18,0,0,synthetic_demo
L006288,2026-03-10,Construction,201-1000,Bulk order,22.06,2,0,synthetic_demo
L006659,2026-03-10,Technology,51-200,Bulk order,11.02,1,0,synthetic_demo
L000868,2026-03-10,Technology,201-1000,Product enquiry,6.11,4,1,synthetic_demo
L002717,2026-03-10,Healthcare,51-200,Price quote,8.67,0,0,synthetic_demo
L011374,2026-03-10,Construction,51-200,Supplier request,15.08,3,0,synthetic_demo
L008744,2026-03-10,Technology,1-50,Price quote,17.39,1,0,synthetic_demo
L004682,2026-03-10,Manufacturing,51-200,Bulk order,1.05,5,0,synthetic_demo
L001937,2026-03-10,Retail,201-1000,Bulk order,12.72,2,0,synthetic_demo
L002517,2026-03-10,Manufacturing,51-200,Price quote,3.07,4,1,synthetic_demo
L011225,2026-03-10,Manufacturing,1-50,Product enquiry,1.26,3,1,synthetic_demo
L009699,2026-03-11,Manufacturing,51-200,Product enquiry,1.58,4,0,synthetic_demo
L000516,2026-03-11,Manufacturing,201-1000,Bulk order,18.19,2,0,synthetic_demo
L007367,2026-03-11,Manufacturing,1-50,Product enquiry,3.63,0,0,synthetic_demo
L002704,2026-03-11,Technology,1-50,Bulk order,14.68,1,0,synthetic_demo
L009382,2026-03-11,Retail,51-200,Price quote,11.51,4,0,synthetic_demo
L002127,2026-03-11,Retail,51-200,Bulk order,24.57,0,0,synthetic_demo
L006648,2026-03-11,Manufacturing,1001+,Supplier request,4.05,6,1,synthetic_demo
L004301,2026-03-11,Retail,1-50,Supplier request,32.83,4,0,synthetic_demo
L006216,2026-03-11,Manufacturing,1001+,Supplier request,4.24,4,0,synthetic_demo
L004957,2026-03-11,Construction,1-50,Price quote,16.62,3,0,synthetic_demo
L010053,2026-03-11,Technology,51-200,Product enquiry,6.66,4,1,synthetic_demo
L006227,2026-03-11,Retail,1-50,Bulk order,3.06,1,0,synthetic_demo
L011461,2026-03-11,Healthcare,51-200,Supplier request,22.77,3,0,synthetic_demo
L002626,2026-03-11,Retail,1-50,Product enquiry,3.26,2,0,synthetic_demo
L000989,2026-03-11,Retail,201-1000,Product enquiry,9.71,2,1,synthetic_demo
L001950,2026-03-11,Construction,51-200,Product enquiry,14.73,2,0,synthetic_demo
L003891,2026-03-11,Manufacturing,51-200,Bulk order,17.45,1,1,synthetic_demo
L008870,2026-03-11,Healthcare,1001+,Price quote,4.74,4,0,synthetic_demo
L008110,2026-03-11,Healthcare,1-50,Product enquiry,10.17,1,0,synthetic_demo
L004105,2026-03-11,Construction,51-200,Product enquiry,12.72,1,0,synthetic_demo
L008740,2026-03-11,Healthcare,51-200,Price quote,14.18,2,0,synthetic_demo
L001021,2026-03-11,Construction,1001+,Price quote,3.98,2,1,synthetic_demo
L009884,2026-03-11,Retail,201-1000,Bulk order,2.64,1,0,synthetic_demo
L007601,2026-03-11,Construction,51-200,Product enquiry,30.41,1,1,synthetic_demo
L011409,2026-03-11,Healthcare,51-200,Supplier request,7.76,3,0,synthetic_demo
L006561,2026-03-11,Retail,51-200,Product enquiry,8.28,4,1,synthetic_demo
L004184,2026-03-11,Retail,1-50,Price quote,3.52,2,0,synthetic_demo
L010017,2026-03-11,Healthcare,1-50,Price quote,8.12,4,0,synthetic_demo
L005841,2026-03-11,Retail,1-50,Product enquiry,4.96,3,0,synthetic_demo
L008392,2026-03-12,Retail,201-1000,Supplier request,4.05,3,0,synthetic_demo
L004174,2026-03-12,Retail,1-50,Bulk order,8.58,3,0,synthetic_demo
L003463,2026-03-12,Manufacturing,201-1000,Product enquiry,3.47,1,0,synthetic_demo
L008847,2026-03-12,Technology,201-1000,Bulk order,9.04,3,0,synthetic_demo
L008440,2026-03-12,Manufacturing,1-50,Price quote,8.88,1,0,synthetic_demo
L009390,2026-03-12,Manufacturing,1-50,Price quote,3.32,1,0,synthetic_demo
L007145,2026-03-12,Construction,201-1000,Bulk order,11.72,7,1,synthetic_demo
L004180,2026-03-12,Construction,1001+,Price quote,18.49,4,0,synthetic_demo
L003131,2026-03-12,Retail,201-1000,Price quote,3.87,4,0,synthetic_demo
L011236,2026-03-12,Healthcare,1-50,Product enquiry,4.77,3,0,synthetic_demo
L003378,2026-03-12,Construction,1-50,Supplier request,2.77,3,0,synthetic_demo
L000608,2026-03-12,Manufacturing,1001+,Product enquiry,3.83,0,0,synthetic_demo
L001612,2026-03-12,Technology,51-200,Bulk order,5.78,2,0,synthetic_demo
L006965,2026-03-12,Manufacturing,51-200,Price quote,6.57,0,0,synthetic_demo
L004782,2026-03-12,Construction,201-1000,Product enquiry,14.66,1,0,synthetic_demo
L002607,2026-03-12,Healthcare,1-50,Product enquiry,9.79,0,0,synthetic_demo
L008317,2026-03-12,Construction,1001+,Product enquiry,3.53,1,1,synthetic_demo
L006867,2026-03-12,Healthcare,1-50,Bulk order,2.17,1,0,synthetic_demo
L011447,2026-03-12,Technology,51-200,Product enquiry,3.26,1,0,synthetic_demo
L006818,2026-03-12,Manufacturing,1-50,Bulk order,4.53,1,0,synthetic_demo
L005723,2026-03-12,Manufacturing,201-1000,Product enquiry,4.11,4,0,synthetic_demo
L005441,2026-03-12,Manufacturing,1-50,Product enquiry,5.66,2,1,synthetic_demo
L000409,2026-03-12,Manufacturing,201-1000,Price quote,10.86,3,0,synthetic_demo
L001782,2026-03-12,Technology,1001+,Product enquiry,19.68,1,0,synthetic_demo
L002833,2026-03-12,Retail,1001+,Product enquiry,13.23,1,0,synthetic_demo
L008325,2026-03-12,Construction,1001+,Product enquiry,5.47,2,0,synthetic_demo
L007340,2026-03-12,Construction,201-1000,Supplier request,20.53,4,0,synthetic_demo
L001449,2026-03-12,Healthcare,1001+,Product enquiry,3.96,1,0,synthetic_demo
L002815,2026-03-12,Manufacturing,1-50,Price quote,7.22,0,0,synthetic_demo
L002241,2026-03-12,Retail,1-50,Bulk order,0.7,0,1,synthetic_demo
L003629,2026-03-12,Healthcare,201-1000,Supplier request,17.55,1,0,synthetic_demo
L003331,2026-03-12,Construction,201-1000,Bulk order,3.56,2,1,synthetic_demo
L000514,2026-03-12,Retail,201-1000,Price quote,4.9,4,1,synthetic_demo
L007306,2026-03-12,Retail,51-200,Supplier request,6.12,1,0,synthetic_demo
L000381,2026-03-12,Healthcare,201-1000,Bulk order,14.97,1,0,synthetic_demo
L011219,2026-03-12,Healthcare,1001+,Product enquiry,6.0,3,0,synthetic_demo
L009095,2026-03-12,Manufacturing,51-200,Product enquiry,6.46,0,0,synthetic_demo
L010120,2026-03-13,Retail,51-200,Bulk order,7.97,2,0,synthetic_demo
L009020,2026-03-13,Technology,1-50,Supplier request,26.55,1,0,synthetic_demo
L006006,2026-03-13,Healthcare,201-1000,Bulk order,16.9,1,0,synthetic_demo
L006769,2026-03-13,Technology,201-1000,Product enquiry,23.7,3,1,synthetic_demo
L006970,2026-03-13,Healthcare,1-50,Bulk order,14.13,3,0,synthetic_demo
L009908,2026-03-13,Technology,51-200,Product enquiry,6.42,4,0,synthetic_demo
L005473,2026-03-13,Construction,201-1000,Product enquiry,17.77,2,1,synthetic_demo
L003329,2026-03-13,Healthcare,51-200,Supplier request,2.75,1,0,synthetic_demo
L005888,2026-03-13,Manufacturing,201-1000,Bulk order,2.45,3,1,synthetic_demo
L005988,2026-03-13,Retail,1-50,Bulk order,9.84,4,1,synthetic_demo
L010186,2026-03-13,Manufacturing,1-50,Supplier request,17.57,0,0,synthetic_demo
L005824,2026-03-13,Manufacturing,201-1000,Price quote,8.15,0,0,synthetic_demo
L008182,2026-03-13,Technology,201-1000,Bulk order,9.38,3,0,synthetic_demo
L006887,2026-03-13,Retail,51-200,Price quote,7.0,3,0,synthetic_demo
L001356,2026-03-13,Manufacturing,51-200,Price quote,7.09,4,1,synthetic_demo
L006290,2026-03-13,Construction,201-1000,Product enquiry,11.17,1,0,synthetic_demo
L008415,2026-03-13,Manufacturing,1-50,Price quote,11.95,3,0,synthetic_demo
L003183,2026-03-13,Healthcare,201-1000,Supplier request,17.14,2,1,synthetic_demo
L000053,2026-03-13,Technology,1-50,Bulk order,6.97,2,0,synthetic_demo
L011243,2026-03-13,Healthcare,201-1000,Bulk order,8.45,3,1,synthetic_demo
L002455,2026-03-13,Healthcare,201-1000,Bulk order,23.77,2,0,synthetic_demo
L007413,2026-03-13,Manufacturing,51-200,Bulk order,8.89,2,1,synthetic_demo
L007152,2026-03-13,Technology,201-1000,Product enquiry,16.62,2,0,synthetic_demo
L005755,2026-03-13,Manufacturing,51-200,Bulk order,14.95,1,0,synthetic_demo
L004111,2026-03-13,Retail,201-1000,Product enquiry,6.28,3,0,synthetic_demo
L008996,2026-03-13,Construction,201-1000,Bulk order,11.8,0,0,synthetic_demo
L002214,2026-03-13,Retail,1-50,Bulk order,10.19,0,0,synthetic_demo
L000525,2026-03-13,Manufacturing,201-1000,Price quote,5.09,2,0,synthetic_demo
L000014,2026-03-13,Technology,1-50,Product enquiry,6.55,1,0,synthetic_demo
L009642,2026-03-13,Manufacturing,1-50,Supplier request,9.66,4,1,synthetic_demo
L008300,2026-03-13,Retail,1-50,Product enquiry,1.91,2,0,synthetic_demo
L010373,2026-03-13,Manufacturing,51-200,Product enquiry,5.87,1,0,synthetic_demo
L005844,2026-03-13,Healthcare,51-200,Price quote,15.46,6,1,synthetic_demo
L004842,2026-03-13,Retail,51-200,Bulk order,19.2,2,1,synthetic_demo
L005578,2026-03-13,Technology,1-50,Price quote,0.44,2,0,synthetic_demo
L006149,2026-03-13,Construction,201-1000,Bulk order,12.1,4,1,synthetic_demo
L008991,2026-03-13,Construction,1-50,Product enquiry,5.6,3,0,synthetic_demo
L004639,2026-03-13,Manufacturing,1-50,Product enquiry,19.42,3,0,synthetic_demo
L011237,2026-03-13,Retail,201-1000,Bulk order,7.31,4,1,synthetic_demo
L001022,2026-03-14,Technology,51-200,Bulk order,11.83,1,0,synthetic_demo
L008802,2026-03-14,Retail,1001+,Bulk order,17.64,6,1,synthetic_demo
L006571,2026-03-14,Technology,201-1000,Price quote,6.33,2,1,synthetic_demo
L002890,2026-03-14,Manufacturing,51-200,Supplier request,6.25,1,0,synthetic_demo
L007604,2026-03-14,Healthcare,51-200,Product enquiry,8.15,2,1,synthetic_demo
L001054,2026-03-14,Manufacturing,51-200,Product enquiry,15.97,1,0,synthetic_demo
L002511,2026-03-14,Retail,1001+,Price quote,5.83,3,0,synthetic_demo
L011068,2026-03-14,Retail,1-50,Bulk order,13.93,3,1,synthetic_demo
L006852,2026-03-14,Retail,51-200,Bulk order,7.09,2,0,synthetic_demo
L011172,2026-03-14,Technology,51-200,Bulk order,6.24,1,1,synthetic_demo
L001481,2026-03-14,Retail,51-200,Bulk order,15.73,1,0,synthetic_demo
L011925,2026-03-14,Manufacturing,51-200,Product enquiry,7.38,2,0,synthetic_demo
L001524,2026-03-14,Technology,1-50,Supplier request,18.77,5,0,synthetic_demo
L003320,2026-03-14,Retail,1-50,Product enquiry,6.89,5,0,synthetic_demo
L005549,2026-03-14,Technology,51-200,Product enquiry,7.54,1,0,synthetic_demo
L009902,2026-03-14,Manufacturing,1-50,Product enquiry,9.11,2,0,synthetic_demo
L009613,2026-03-14,Healthcare,51-200,Supplier request,14.03,0,0,synthetic_demo
L004282,2026-03-14,Retail,201-1000,Product enquiry,9.27,6,0,synthetic_demo
L001224,2026-03-14,Healthcare,1-50,Product enquiry,6.57,2,1,synthetic_demo
L010225,2026-03-14,Technology,1-50,Price quote,4.15,1,0,synthetic_demo
L003753,2026-03-14,Retail,51-200,Product enquiry,5.45,2,0,synthetic_demo
L011883,2026-03-14,Healthcare,1-50,Bulk order,2.75,3,0,synthetic_demo
L009369,2026-03-14,Technology,51-200,Bulk order,26.92,2,0,synthetic_demo
L002927,2026-03-14,Technology,51-200,Supplier request,3.89,3,0,synthetic_demo
L006446,2026-03-14,Manufacturing,1-50,Price quote,5.55,1,0,synthetic_demo
L010483,2026-03-14,Technology,201-1000,Supplier request,4.48,0,1,synthetic_demo
L010565,2026-03-14,Healthcare,51-200,Product enquiry,25.86,3,0,synthetic_demo
L006532,2026-03-15,Construction,1001+,Price quote,15.21,2,1,synthetic_demo
L003243,2026-03-15,Construction,1-50,Bulk order,13.8,1,0,synthetic_demo
L002379,2026-03-15,Manufacturing,1001+,Supplier request,11.79,2,0,synthetic_demo
L000182,2026-03-15,Construction,201-1000,Supplier request,22.24,2,0,synthetic_demo
L000466,2026-03-15,Technology,201-1000,Supplier request,4.86,2,0,synthetic_demo
L004392,2026-03-15,Technology,1001+,Bulk order,15.36,2,0,synthetic_demo
L007677,2026-03-15,Manufacturing,51-200,Product enquiry,19.11,3,0,synthetic_demo
L007427,2026-03-15,Construction,201-1000,Price quote,10.56,3,0,synthetic_demo
L004368,2026-03-15,Healthcare,51-200,Price quote,5.67,5,0,synthetic_demo
L003256,2026-03-15,Technology,1-50,Price quote,38.2,2,0,synthetic_demo
L004978,2026-03-15,Manufacturing,201-1000,Product enquiry,37.32,2,0,synthetic_demo
L010387,2026-03-15,Healthcare,51-200,Product enquiry,9.8,0,0,synthetic_demo
L000305,2026-03-15,Construction,201-1000,Product enquiry,24.58,2,1,synthetic_demo
L007178,2026-03-15,Construction,1-50,Price quote,3.21,0,0,synthetic_demo
L010502,2026-03-15,Manufacturing,1-50,Price quote,19.12,6,0,synthetic_demo
L009198,2026-03-15,Manufacturing,201-1000,Price quote,19.39,2,1,synthetic_demo
L008819,2026-03-15,Technology,201-1000,Product enquiry,2.84,4,1,synthetic_demo
L001860,2026-03-15,Manufacturing,201-1000,Supplier request,17.03,3,0,synthetic_demo
L009811,2026-03-15,Retail,201-1000,Bulk order,3.57,1,0,synthetic_demo
L003403,2026-03-15,Healthcare,1-50,Supplier request,17.86,1,0,synthetic_demo
L001714,2026-03-15,Construction,51-200,Price quote,9.67,1,0,synthetic_demo
L010559,2026-03-15,Technology,51-200,Bulk order,14.66,0,0,synthetic_demo
L006931,2026-03-15,Manufacturing,1001+,Bulk order,12.84,3,1,synthetic_demo
L001167,2026-03-15,Technology,1-50,Price quote,15.16,4,0,synthetic_demo
L006569,2026-03-15,Healthcare,201-1000,Price quote,3.77,3,0,synthetic_demo
L000966,2026-03-15,Retail,201-1000,Price quote,6.68,3,1,synthetic_demo
L005649,2026-03-15,Retail,51-200,Product enquiry,7.9,1,0,synthetic_demo
L000099,2026-03-15,Manufacturing,201-1000,Price quote,1.86,1,0,synthetic_demo
L009859,2026-03-15,Healthcare,51-200,Product enquiry,5.87,5,0,synthetic_demo
L001507,2026-03-15,Technology,1-50,Supplier request,12.36,2,0,synthetic_demo
L001468,2026-03-15,Manufacturing,201-1000,Supplier request,13.89,4,0,synthetic_demo
L001512,2026-03-15,Manufacturing,51-200,Bulk order,14.13,2,0,synthetic_demo
L003281,2026-03-15,Technology,201-1000,Product enquiry,3.54,4,0,synthetic_demo
L006956,2026-03-15,Retail,201-1000,Bulk order,4.26,3,0,synthetic_demo
L010526,2026-03-15,Retail,51-200,Bulk order,2.9,1,0,synthetic_demo
L011960,2026-03-15,Manufacturing,1-50,Supplier request,18.77,2,1,synthetic_demo
L001936,2026-03-15,Manufacturing,51-200,Product enquiry,12.65,4,0,synthetic_demo
L010904,2026-03-15,Retail,201-1000,Bulk order,11.93,3,1,synthetic_demo
L005367,2026-03-15,Retail,1001+,Supplier request,14.34,1,0,synthetic_demo
L008758,2026-03-15,Manufacturing,51-200,Bulk order,33.56,5,0,synthetic_demo
L001745,2026-03-15,Technology,51-200,Product enquiry,7.14,1,0,synthetic_demo
L008555,2026-03-15,Technology,1-50,Product enquiry,9.56,2,0,synthetic_demo
L002332,2026-03-15,Retail,51-200,Price quote,4.91,2,1,synthetic_demo
L001047,2026-03-15,Manufacturing,201-1000,Product enquiry,9.76,5,1,synthetic_demo
L005031,2026-03-15,Manufacturing,201-1000,Bulk order,7.15,1,0,synthetic_demo
L004548,2026-03-15,Manufacturing,51-200,Supplier request,12.91,3,0,synthetic_demo
L005193,2026-03-15,Manufacturing,1-50,Supplier request,4.88,1,0,synthetic_demo
L005044,2026-03-15,Retail,1-50,Bulk order,15.45,4,1,synthetic_demo
L002926,2026-03-15,Healthcare,201-1000,Supplier request,3.72,2,1,synthetic_demo
L002995,2026-03-15,Healthcare,201-1000,Product enquiry,4.6,1,0,synthetic_demo
L009467,2026-03-16,Manufacturing,201-1000,Supplier request,10.06,2,0,synthetic_demo
L004626,2026-03-16,Healthcare,201-1000,Product enquiry,9.72,1,0,synthetic_demo
L002601,2026-03-16,Retail,201-1000,Supplier request,2.25,9,0,synthetic_demo
L006573,2026-03-16,Healthcare,51-200,Product enquiry,13.34,1,0,synthetic_demo
L009498,2026-03-16,Manufacturing,51-200,Price quote,9.36,4,0,synthetic_demo
L009874,2026-03-16,Manufacturing,201-1000,Product enquiry,5.49,0,0,synthetic_demo
L007114,2026-03-16,Healthcare,51-200,Supplier request,18.59,2,0,synthetic_demo
L011099,2026-03-16,Manufacturing,51-200,Product enquiry,5.62,2,0,synthetic_demo
L003041,2026-03-16,Retail,51-200,Price quote,5.8,4,0,synthetic_demo
L008139,2026-03-16,Technology,51-200,Price quote,32.3,3,0,synthetic_demo
L008145,2026-03-16,Healthcare,1-50,Price quote,32.7,0,0,synthetic_demo
L010628,2026-03-16,Manufacturing,51-200,Supplier request,2.45,4,0,synthetic_demo
L001246,2026-03-16,Manufacturing,1001+,Price quote,18.41,2,0,synthetic_demo
L007666,2026-03-16,Retail,51-200,Bulk order,6.41,1,0,synthetic_demo
L001034,2026-03-16,Construction,1-50,Bulk order,14.26,3,1,synthetic_demo
L005254,2026-03-16,Technology,1-50,Price quote,23.88,2,0,synthetic_demo
L002228,2026-03-16,Manufacturing,51-200,Product enquiry,3.55,4,0,synthetic_demo
L008950,2026-03-16,Manufacturing,1-50,Price quote,5.52,5,0,synthetic_demo
L007961,2026-03-16,Manufacturing,201-1000,Price quote,18.86,4,0,synthetic_demo
L000824,2026-03-16,Technology,201-1000,Product enquiry,0.1,0,1,synthetic_demo
L007689,2026-03-16,Retail,1-50,Supplier request,13.69,1,0,synthetic_demo
L000294,2026-03-16,Manufacturing,201-1000,Bulk order,21.92,2,0,synthetic_demo
L010518,2026-03-16,Technology,51-200,Supplier request,12.64,3,0,synthetic_demo
L005953,2026-03-16,Retail,1-50,Product enquiry,16.46,0,0,synthetic_demo
L001326,2026-03-16,Construction,51-200,Supplier request,8.74,4,0,synthetic_demo
L011205,2026-03-16,Manufacturing,201-1000,Product enquiry,3.55,2,0,synthetic_demo
L004125,2026-03-16,Construction,51-200,Product enquiry,22.43,5,0,synthetic_demo
L009305,2026-03-16,Manufacturing,51-200,Bulk order,4.05,2,0,synthetic_demo
L010678,2026-03-16,Technology,51-200,Bulk order,1.9,4,0,synthetic_demo
L000648,2026-03-16,Healthcare,51-200,Price quote,23.69,2,0,synthetic_demo
L005479,2026-03-16,Healthcare,51-200,Product enquiry,2.23,1,0,synthetic_demo
L000615,2026-03-16,Retail,1-50,Price quote,5.0,0,0,synthetic_demo
L003030,2026-03-16,Retail,51-200,Supplier request,20.48,5,0,synthetic_demo
L006929,2026-03-17,Retail,201-1000,Bulk order,10.94,1,1,synthetic_demo
L000687,2026-03-17,Retail,201-1000,Price quote,3.12,2,0,synthetic_demo
L004803,2026-03-17,Manufacturing,1-50,Product enquiry,11.83,4,0,synthetic_demo
L007600,2026-03-17,Healthcare,51-200,Price quote,6.42,2,0,synthetic_demo
L005002,2026-03-17,Technology,1-50,Price quote,8.28,2,0,synthetic_demo
L001286,2026-03-17,Construction,201-1000,Supplier request,16.87,3,0,synthetic_demo
L006194,2026-03-17,Retail,51-200,Price quote,11.6,2,0,synthetic_demo
L003333,2026-03-17,Manufacturing,1-50,Bulk order,7.59,2,1,synthetic_demo
L002889,2026-03-17,Manufacturing,201-1000,Bulk order,8.2,5,0,synthetic_demo
L004634,2026-03-17,Retail,1-50,Supplier request,2.98,3,0,synthetic_demo
L004280,2026-03-17,Technology,1-50,Price quote,4.89,4,0,synthetic_demo
L010580,2026-03-17,Manufacturing,201-1000,Supplier request,5.68,1,0,synthetic_demo
L005160,2026-03-17,Retail,51-200,Price quote,6.19,5,0,synthetic_demo
L006179,2026-03-17,Retail,201-1000,Product enquiry,10.04,4,0,synthetic_demo
L010295,2026-03-17,Manufacturing,1-50,Price quote,4.44,0,0,synthetic_demo
L003715,2026-03-17,Construction,51-200,Product enquiry,18.45,3,0,synthetic_demo
L011197,2026-03-17,Manufacturing,51-200,Product enquiry,34.4,2,0,synthetic_demo
L004063,2026-03-17,Manufacturing,51-200,Product enquiry,14.39,3,0,synthetic_demo
L002813,2026-03-17,Technology,1001+,Product enquiry,7.19,4,1,synthetic_demo
L009479,2026-03-17,Retail,1001+,Bulk order,2.4,0,0,synthetic_demo
L002137,2026-03-17,Retail,51-200,Bulk order,3.67,2,0,synthetic_demo
L007176,2026-03-17,Manufacturing,1-50,Bulk order,4.11,2,1,synthetic_demo
L007274,2026-03-17,Manufacturing,1-50,Bulk order,12.45,2,1,synthetic_demo
L001176,2026-03-17,Technology,1-50,Supplier request,5.14,2,0,synthetic_demo
L002242,2026-03-17,Manufacturing,1-50,Price quote,8.17,1,1,synthetic_demo
L010499,2026-03-17,Technology,51-200,Product enquiry,8.84,1,0,synthetic_demo
L011013,2026-03-17,Technology,201-1000,Product enquiry,8.28,0,0,synthetic_demo
L011444,2026-03-17,Manufacturing,1-50,Price quote,14.15,1,0,synthetic_demo
L006066,2026-03-17,Construction,201-1000,Product enquiry,7.52,5,1,synthetic_demo
L011642,2026-03-17,Manufacturing,1001+,Price quote,9.02,3,1,synthetic_demo
L003157,2026-03-17,Manufacturing,51-200,Price quote,11.57,2,0,synthetic_demo
L003640,2026-03-17,Healthcare,51-200,Price quote,3.91,1,0,synthetic_demo
L006654,2026-03-17,Healthcare,1-50,Bulk order,6.55,3,0,synthetic_demo
L009866,2026-03-17,Retail,1-50,Product enquiry,2.91,3,0,synthetic_demo
L008670,2026-03-17,Construction,51-200,Bulk order,11.25,3,0,synthetic_demo
L004366,2026-03-17,Manufacturing,1-50,Supplier request,2.62,1,0,synthetic_demo
L009502,2026-03-17,Healthcare,51-200,Product enquiry,9.36,3,0,synthetic_demo
L002088,2026-03-17,Retail,1-50,Product enquiry,13.45,3,0,synthetic_demo
L002099,2026-03-17,Manufacturing,1001+,Supplier request,11.21,1,0,synthetic_demo
L003253,2026-03-17,Retail,201-1000,Bulk order,8.68,4,0,synthetic_demo
L008095,2026-03-18,Manufacturing,1-50,Bulk order,8.23,1,0,synthetic_demo
L005013,2026-03-18,Manufacturing,1001+,Price quote,7.82,6,1,synthetic_demo
L005685,2026-03-18,Retail,51-200,Bulk order,11.01,3,0,synthetic_demo
L004987,2026-03-18,Healthcare,1-50,Supplier request,9.11,4,0,synthetic_demo
L010927,2026-03-18,Healthcare,1-50,Price quote,4.36,2,1,synthetic_demo
L001187,2026-03-18,Retail,1-50,Product enquiry,12.59,3,1,synthetic_demo
L005082,2026-03-18,Healthcare,51-200,Bulk order,1.42,4,1,synthetic_demo
L003210,2026-03-18,Manufacturing,201-1000,Bulk order,7.34,0,0,synthetic_demo
L003208,2026-03-18,Manufacturing,201-1000,Bulk order,5.69,0,0,synthetic_demo
L003645,2026-03-18,Manufacturing,201-1000,Price quote,8.26,2,1,synthetic_demo
L009154,2026-03-18,Construction,1-50,Supplier request,4.59,1,0,synthetic_demo
L000946,2026-03-18,Manufacturing,51-200,Product enquiry,31.14,4,0,synthetic_demo
L002354,2026-03-18,Healthcare,1-50,Price quote,1.71,1,0,synthetic_demo
L009072,2026-03-18,Retail,1-50,Product enquiry,19.66,3,0,synthetic_demo
L004570,2026-03-18,Healthcare,1-50,Price quote,6.23,0,0,synthetic_demo
L000782,2026-03-18,Construction,201-1000,Product enquiry,2.28,2,1,synthetic_demo
L007881,2026-03-18,Retail,1-50,Supplier request,13.92,2,0,synthetic_demo
L000656,2026-03-18,Retail,51-200,Supplier request,14.58,1,0,synthetic_demo
L004778,2026-03-18,Manufacturing,51-200,Bulk order,13.45,3,0,synthetic_demo
L009088,2026-03-18,Technology,1-50,Price quote,8.01,3,0,synthetic_demo
L010955,2026-03-18,Construction,51-200,Product enquiry,18.61,3,0,synthetic_demo
L002884,2026-03-18,Retail,1-50,Price quote,10.98,2,0,synthetic_demo
L007623,2026-03-18,Manufacturing,201-1000,Product enquiry,3.92,2,0,synthetic_demo
L008000,2026-03-18,Construction,1-50,Bulk order,20.52,1,0,synthetic_demo
L000465,2026-03-18,Healthcare,201-1000,Product enquiry,7.88,0,0,synthetic_demo
L002516,2026-03-18,Technology,51-200,Product enquiry,23.69,4,0,synthetic_demo
L002225,2026-03-18,Construction,51-200,Supplier request,8.05,5,0,synthetic_demo
L006435,2026-03-18,Healthcare,201-1000,Product enquiry,24.82,2,0,synthetic_demo
L011783,2026-03-18,Healthcare,1-50,Price quote,9.8,3,1,synthetic_demo
L002682,2026-03-18,Construction,201-1000,Product enquiry,11.25,4,0,synthetic_demo
L006196,2026-03-18,Retail,51-200,Price quote,5.69,0,0,synthetic_demo
L008005,2026-03-18,Technology,51-200,Supplier request,10.89,3,0,synthetic_demo
L008480,2026-03-19,Technology,201-1000,Bulk order,8.35,1,0,synthetic_demo
L008919,2026-03-19,Construction,1-50,Price quote,12.92,4,0,synthetic_demo
L000513,2026-03-19,Manufacturing,1-50,Price quote,4.3,2,0,synthetic_demo
L000734,2026-03-19,Retail,201-1000,Supplier request,2.64,4,1,synthetic_demo
L001238,2026-03-19,Retail,201-1000,Product enquiry,2.69,2,0,synthetic_demo
L007593,2026-03-19,Technology,51-200,Product enquiry,8.33,3,0,synthetic_demo
L002030,2026-03-19,Healthcare,201-1000,Product enquiry,16.24,3,0,synthetic_demo
L010410,2026-03-19,Manufacturing,51-200,Product enquiry,2.08,0,0,synthetic_demo
L010246,2026-03-19,Technology,1-50,Product enquiry,9.24,2,0,synthetic_demo
L008076,2026-03-19,Retail,1001+,Product enquiry,7.74,0,0,synthetic_demo
L003683,2026-03-19,Retail,1-50,Price quote,14.92,1,0,synthetic_demo
L004985,2026-03-19,Retail,51-200,Supplier request,8.5,5,0,synthetic_demo
L004379,2026-03-19,Construction,1-50,Bulk order,6.44,2,0,synthetic_demo
L005977,2026-03-19,Technology,51-200,Product enquiry,10.19,2,0,synthetic_demo
L011664,2026-03-19,Retail,51-200,Price quote,0.92,4,1,synthetic_demo
L000390,2026-03-19,Construction,201-1000,Product enquiry,8.14,1,0,synthetic_demo
L000943,2026-03-19,Manufacturing,51-200,Product enquiry,1.67,1,0,synthetic_demo
L004010,2026-03-19,Healthcare,201-1000,Bulk order,2.74,4,1,synthetic_demo
L010604,2026-03-19,Technology,201-1000,Product enquiry,37.28,3,0,synthetic_demo
L001786,2026-03-19,Technology,201-1000,Supplier request,12.21,4,0,synthetic_demo
L004630,2026-03-19,Manufacturing,1-50,Supplier request,6.45,1,0,synthetic_demo
L002252,2026-03-19,Technology,1-50,Product enquiry,16.85,2,0,synthetic_demo
L002922,2026-03-19,Manufacturing,201-1000,Supplier request,3.54,4,0,synthetic_demo
L005323,2026-03-19,Construction,1001+,Product enquiry,13.61,2,0,synthetic_demo
L010433,2026-03-19,Retail,1001+,Bulk order,13.11,1,0,synthetic_demo
L000752,2026-03-19,Retail,1-50,Product enquiry,1.72,4,1,synthetic_demo
L007825,2026-03-19,Construction,1-50,Bulk order,8.15,3,0,synthetic_demo
L011756,2026-03-19,Technology,201-1000,Price quote,59.44,6,0,synthetic_demo
L003359,2026-03-19,Technology,201-1000,Product enquiry,2.77,3,0,synthetic_demo
L001294,2026-03-19,Retail,1-50,Supplier request,11.17,5,1,synthetic_demo
L002522,2026-03-19,Healthcare,51-200,Price quote,7.87,5,0,synthetic_demo
L008330,2026-03-19,Retail,201-1000,Product enquiry,4.71,1,1,synthetic_demo
L009828,2026-03-20,Healthcare,1-50,Supplier request,2.9,3,0,synthetic_demo
L002454,2026-03-20,Technology,51-200,Product enquiry,5.62,2,0,synthetic_demo
L008686,2026-03-20,Manufacturing,51-200,Supplier request,9.6,2,0,synthetic_demo
L002466,2026-03-20,Technology,201-1000,Price quote,15.31,4,0,synthetic_demo
L011397,2026-03-20,Technology,51-200,Price quote,8.09,2,0,synthetic_demo
L001072,2026-03-20,Healthcare,1-50,Bulk order,14.16,1,0,synthetic_demo
L010390,2026-03-20,Manufacturing,201-1000,Bulk order,1.4,2,1,synthetic_demo
L005672,2026-03-20,Construction,51-200,Supplier request,17.0,3,0,synthetic_demo
L008715,2026-03-20,Manufacturing,201-1000,Supplier request,22.44,4,0,synthetic_demo
L007136,2026-03-20,Technology,201-1000,Product enquiry,4.9,7,1,synthetic_demo
L011406,2026-03-20,Retail,51-200,Product enquiry,8.38,2,0,synthetic_demo
L010432,2026-03-20,Healthcare,201-1000,Supplier request,10.09,1,0,synthetic_demo
L006804,2026-03-20,Retail,51-200,Bulk order,9.65,2,1,synthetic_demo
L004898,2026-03-20,Healthcare,1001+,Product enquiry,36.37,3,0,synthetic_demo
L001206,2026-03-20,Manufacturing,51-200,Product enquiry,24.17,4,0,synthetic_demo
L002141,2026-03-20,Construction,51-200,Product enquiry,2.81,1,0,synthetic_demo
L007492,2026-03-20,Construction,201-1000,Price quote,3.6,2,0,synthetic_demo
L010159,2026-03-20,Retail,1-50,Supplier request,1.35,2,0,synthetic_demo
L011471,2026-03-20,Retail,1-50,Supplier request,4.56,6,1,synthetic_demo
L006280,2026-03-20,Manufacturing,1-50,Bulk order,0.67,0,0,synthetic_demo
L002772,2026-03-20,Technology,201-1000,Product enquiry,13.63,3,0,synthetic_demo
L003109,2026-03-20,Manufacturing,51-200,Price quote,20.57,2,0,synthetic_demo
L001688,2026-03-20,Healthcare,51-200,Price quote,5.0,0,0,synthetic_demo
L000993,2026-03-20,Technology,51-200,Bulk order,2.79,3,0,synthetic_demo
L002345,2026-03-20,Technology,51-200,Supplier request,6.34,3,0,synthetic_demo
L007550,2026-03-20,Manufacturing,1-50,Bulk order,7.49,1,1,synthetic_demo
L007879,2026-03-20,Construction,1-50,Price quote,17.29,3,0,synthetic_demo
L004551,2026-03-20,Manufacturing,1-50,Product enquiry,14.86,3,0,synthetic_demo
L004594,2026-03-20,Manufacturing,1-50,Price quote,6.76,2,0,synthetic_demo
L002144,2026-03-20,Technology,201-1000,Bulk order,2.17,4,1,synthetic_demo
L003394,2026-03-20,Manufacturing,51-200,Price quote,3.89,1,0,synthetic_demo
L004090,2026-03-20,Manufacturing,1-50,Product enquiry,4.97,2,0,synthetic_demo
L009819,2026-03-20,Retail,1-50,Bulk order,13.08,4,0,synthetic_demo
L001411,2026-03-20,Technology,201-1000,Bulk order,16.02,2,0,synthetic_demo
L007227,2026-03-20,Manufacturing,1-50,Product enquiry,15.37,1,0,synthetic_demo
L002419,2026-03-20,Manufacturing,51-200,Price quote,16.4,2,0,synthetic_demo
L003782,2026-03-20,Technology,51-200,Price quote,8.24,6,0,synthetic_demo
L001636,2026-03-20,Retail,1-50,Price quote,6.44,3,0,synthetic_demo
L000889,2026-03-20,Manufacturing,1001+,Product enquiry,1.45,1,0,synthetic_demo
L006395,2026-03-21,Healthcare,51-200,Product enquiry,4.54,0,0,synthetic_demo
L008326,2026-03-21,Manufacturing,201-1000,Price quote,0.92,1,0,synthetic_demo
L009521,2026-03-21,Construction,1001+,Product enquiry,4.63,4,1,synthetic_demo
L004101,2026-03-21,Retail,201-1000,Bulk order,9.46,3,0,synthetic_demo
L004421,2026-03-21,Retail,1001+,Price quote,6.12,1,0,synthetic_demo
L002970,2026-03-21,Manufacturing,1001+,Bulk order,10.74,4,1,synthetic_demo
L010071,2026-03-21,Healthcare,51-200,Bulk order,4.07,2,0,synthetic_demo
L005823,2026-03-21,Technology,51-200,Price quote,18.23,2,0,synthetic_demo
L003687,2026-03-21,Retail,1001+,Price quote,17.19,1,0,synthetic_demo
L004858,2026-03-21,Healthcare,201-1000,Bulk order,9.77,3,0,synthetic_demo
L001159,2026-03-21,Retail,1001+,Product enquiry,5.59,3,0,synthetic_demo
L000045,2026-03-21,Technology,1-50,Price quote,8.48,3,0,synthetic_demo
L002940,2026-03-21,Manufacturing,1-50,Price quote,2.31,3,0,synthetic_demo
L005612,2026-03-21,Technology,51-200,Product enquiry,20.47,4,0,synthetic_demo
L011521,2026-03-21,Retail,51-200,Product enquiry,30.74,1,0,synthetic_demo
L002499,2026-03-21,Technology,51-200,Price quote,15.88,0,0,synthetic_demo
L006539,2026-03-21,Healthcare,201-1000,Bulk order,9.77,2,1,synthetic_demo
L009570,2026-03-21,Healthcare,1001+,Price quote,10.86,0,0,synthetic_demo
L002148,2026-03-21,Construction,1001+,Product enquiry,21.11,3,1,synthetic_demo
L002617,2026-03-21,Manufacturing,51-200,Supplier request,3.63,1,0,synthetic_demo
L001805,2026-03-21,Technology,51-200,Bulk order,11.44,2,1,synthetic_demo
L007519,2026-03-21,Retail,1001+,Bulk order,16.22,2,1,synthetic_demo
L001809,2026-03-21,Retail,51-200,Supplier request,8.29,6,1,synthetic_demo
L001469,2026-03-21,Technology,1-50,Product enquiry,15.78,2,0,synthetic_demo
L002518,2026-03-21,Manufacturing,1-50,Product enquiry,15.4,2,0,synthetic_demo
L010914,2026-03-21,Technology,1001+,Price quote,3.28,2,1,synthetic_demo
L007929,2026-03-21,Manufacturing,201-1000,Product enquiry,2.79,1,0,synthetic_demo
L010620,2026-03-21,Technology,51-200,Product enquiry,9.05,0,0,synthetic_demo
L000721,2026-03-21,Healthcare,1-50,Supplier request,16.29,5,0,synthetic_demo
L004197,2026-03-21,Manufacturing,51-200,Product enquiry,7.65,4,0,synthetic_demo
L008782,2026-03-21,Manufacturing,51-200,Product enquiry,14.99,0,0,synthetic_demo
L006293,2026-03-21,Construction,1001+,Supplier request,31.83,2,0,synthetic_demo
L000427,2026-03-21,Manufacturing,201-1000,Product enquiry,22.25,1,0,synthetic_demo
L003159,2026-03-21,Construction,201-1000,Price quote,10.4,2,0,synthetic_demo
L008793,2026-03-21,Retail,1001+,Bulk order,9.07,2,0,synthetic_demo
L008228,2026-03-21,Manufacturing,201-1000,Supplier request,8.76,2,0,synthetic_demo
L000879,2026-03-21,Healthcare,201-1000,Price quote,21.51,0,0,synthetic_demo
L008041,2026-03-22,Manufacturing,1001+,Product enquiry,4.56,4,0,synthetic_demo
L011202,2026-03-22,Manufacturing,201-1000,Price quote,1.77,2,0,synthetic_demo
L011037,2026-03-22,Healthcare,1001+,Bulk order,9.93,5,0,synthetic_demo
L005800,2026-03-22,Retail,201-1000,Supplier request,34.43,1,0,synthetic_demo
L008057,2026-03-22,Healthcare,1001+,Product enquiry,2.86,2,0,synthetic_demo
L010161,2026-03-22,Manufacturing,1-50,Bulk order,1.67,4,1,synthetic_demo
L007277,2026-03-22,Retail,1-50,Supplier request,16.01,3,0,synthetic_demo
L010653,2026-03-22,Technology,201-1000,Product enquiry,12.82,3,1,synthetic_demo
L009008,2026-03-22,Healthcare,1001+,Product enquiry,2.18,3,0,synthetic_demo
L000593,2026-03-22,Retail,201-1000,Supplier request,10.7,0,0,synthetic_demo
L006366,2026-03-22,Retail,51-200,Bulk order,5.66,4,1,synthetic_demo
L002620,2026-03-22,Construction,1-50,Supplier request,13.0,0,0,synthetic_demo
L003437,2026-03-22,Retail,51-200,Product enquiry,8.52,1,0,synthetic_demo
L007918,2026-03-22,Manufacturing,1001+,Price quote,9.71,2,0,synthetic_demo
L002627,2026-03-22,Healthcare,201-1000,Product enquiry,19.16,3,0,synthetic_demo
L000087,2026-03-22,Technology,201-1000,Bulk order,8.65,2,0,synthetic_demo
L001975,2026-03-22,Manufacturing,1-50,Product enquiry,9.8,2,0,synthetic_demo
L011643,2026-03-22,Retail,1001+,Price quote,1.48,1,0,synthetic_demo
L011365,2026-03-22,Healthcare,201-1000,Supplier request,5.72,2,0,synthetic_demo
L006729,2026-03-22,Technology,51-200,Bulk order,23.3,2,0,synthetic_demo
L011104,2026-03-22,Healthcare,201-1000,Price quote,17.32,1,0,synthetic_demo
L011175,2026-03-22,Healthcare,201-1000,Price quote,23.14,2,1,synthetic_demo
L007005,2026-03-22,Construction,51-200,Supplier request,17.74,3,0,synthetic_demo
L006267,2026-03-22,Manufacturing,51-200,Bulk order,12.02,2,0,synthetic_demo
L011905,2026-03-23,Retail,1001+,Supplier request,3.49,3,1,synthetic_demo
L010346,2026-03-23,Technology,201-1000,Supplier request,21.0,5,1,synthetic_demo
L000852,2026-03-23,Manufacturing,1001+,Bulk order,5.23,3,0,synthetic_demo
L011281,2026-03-23,Manufacturing,51-200,Bulk order,8.13,5,0,synthetic_demo
L003930,2026-03-23,Construction,1-50,Bulk order,6.19,0,1,synthetic_demo
L004444,2026-03-23,Construction,201-1000,Price quote,3.72,1,0,synthetic_demo
L003015,2026-03-23,Retail,51-200,Price quote,2.64,4,0,synthetic_demo
L007328,2026-03-23,Retail,1-50,Price quote,10.61,3,0,synthetic_demo
L002337,2026-03-23,Construction,51-200,Price quote,2.31,5,1,synthetic_demo
L002936,2026-03-23,Retail,1-50,Supplier request,27.19,4,0,synthetic_demo
L001988,2026-03-23,Technology,1001+,Price quote,26.25,2,0,synthetic_demo
L004614,2026-03-23,Retail,201-1000,Bulk order,15.66,3,1,synthetic_demo
L000634,2026-03-23,Retail,51-200,Price quote,5.53,0,0,synthetic_demo
L007032,2026-03-23,Manufacturing,201-1000,Price quote,4.41,1,0,synthetic_demo
L000208,2026-03-23,Technology,51-200,Price quote,6.65,0,0,synthetic_demo
L008231,2026-03-23,Manufacturing,1-50,Product enquiry,16.6,5,1,synthetic_demo
L005611,2026-03-23,Manufacturing,1-50,Product enquiry,4.97,0,0,synthetic_demo
L006081,2026-03-23,Manufacturing,1001+,Product enquiry,6.52,3,1,synthetic_demo
L003571,2026-03-23,Technology,1-50,Price quote,18.31,4,0,synthetic_demo
L001194,2026-03-23,Construction,51-200,Price quote,9.26,4,0,synthetic_demo
L004150,2026-03-23,Retail,1-50,Bulk order,7.52,1,1,synthetic_demo
L003744,2026-03-23,Healthcare,51-200,Price quote,8.26,5,0,synthetic_demo
L006095,2026-03-23,Construction,51-200,Bulk order,6.38,2,0,synthetic_demo
L011674,2026-03-23,Technology,1001+,Product enquiry,6.59,2,0,synthetic_demo
L011977,2026-03-23,Manufacturing,1001+,Price quote,9.74,1,0,synthetic_demo
L010242,2026-03-23,Manufacturing,51-200,Supplier request,17.35,4,0,synthetic_demo
L008595,2026-03-23,Manufacturing,51-200,Price quote,10.39,1,0,synthetic_demo
L008134,2026-03-23,Technology,1-50,Product enquiry,1.06,1,0,synthetic_demo
L011583,2026-03-23,Retail,51-200,Bulk order,29.7,4,0,synthetic_demo
L007079,2026-03-23,Manufacturing,1-50,Supplier request,13.79,1,0,synthetic_demo
L008138,2026-03-23,Manufacturing,1-50,Supplier request,12.92,7,1,synthetic_demo
L011766,2026-03-23,Manufacturing,201-1000,Product enquiry,4.03,1,0,synthetic_demo
L007436,2026-03-23,Retail,201-1000,Supplier request,15.42,1,0,synthetic_demo
L004194,2026-03-23,Technology,201-1000,Bulk order,19.61,3,0,synthetic_demo
L011130,2026-03-24,Technology,1-50,Price quote,4.38,3,0,synthetic_demo
L004367,2026-03-24,Retail,51-200,Supplier request,6.27,0,0,synthetic_demo
L005601,2026-03-24,Healthcare,51-200,Bulk order,30.07,1,0,synthetic_demo
L005722,2026-03-24,Manufacturing,1-50,Price quote,5.34,3,1,synthetic_demo
L000188,2026-03-24,Manufacturing,1-50,Supplier request,8.49,3,1,synthetic_demo
L011474,2026-03-24,Manufacturing,1001+,Bulk order,3.07,3,0,synthetic_demo
L006827,2026-03-24,Manufacturing,51-200,Bulk order,10.62,2,0,synthetic_demo
L007708,2026-03-24,Retail,201-1000,Bulk order,22.42,3,0,synthetic_demo
L001898,2026-03-24,Retail,51-200,Price quote,2.88,2,1,synthetic_demo
L009327,2026-03-24,Healthcare,51-200,Product enquiry,9.89,2,1,synthetic_demo
L003179,2026-03-24,Manufacturing,51-200,Price quote,5.05,4,0,synthetic_demo
L004850,2026-03-24,Technology,51-200,Bulk order,20.35,3,0,synthetic_demo
L010409,2026-03-24,Healthcare,1-50,Price quote,29.16,4,0,synthetic_demo
L009133,2026-03-24,Retail,51-200,Product enquiry,4.29,2,0,synthetic_demo
L002895,2026-03-24,Construction,51-200,Price quote,16.89,2,0,synthetic_demo
L009833,2026-03-24,Technology,201-1000,Product enquiry,6.5,1,0,synthetic_demo
L007575,2026-03-24,Manufacturing,201-1000,Product enquiry,10.35,2,1,synthetic_demo
L006282,2026-03-24,Manufacturing,51-200,Supplier request,6.32,2,0,synthetic_demo
L000007,2026-03-24,Technology,1-50,Product enquiry,32.8,7,1,synthetic_demo
L001527,2026-03-24,Retail,201-1000,Price quote,9.67,1,0,synthetic_demo
L005151,2026-03-24,Technology,1001+,Price quote,3.89,2,0,synthetic_demo
L005024,2026-03-24,Healthcare,201-1000,Supplier request,16.23,4,0,synthetic_demo
L003090,2026-03-24,Construction,51-200,Supplier request,14.53,5,0,synthetic_demo
L010562,2026-03-24,Healthcare,51-200,Price quote,8.24,1,0,synthetic_demo
L003722,2026-03-24,Healthcare,1-50,Supplier request,5.77,8,0,synthetic_demo
L010844,2026-03-24,Technology,201-1000,Bulk order,8.53,2,0,synthetic_demo
L007821,2026-03-24,Healthcare,1001+,Supplier request,15.97,5,0,synthetic_demo
L010613,2026-03-24,Construction,51-200,Price quote,1.83,3,0,synthetic_demo
L006231,2026-03-24,Construction,1-50,Price quote,15.4,1,0,synthetic_demo
L000724,2026-03-24,Construction,1001+,Bulk order,5.89,0,0,synthetic_demo
L003149,2026-03-24,Construction,51-200,Price quote,8.02,2,0,synthetic_demo
L008334,2026-03-24,Healthcare,1-50,Bulk order,11.16,2,0,synthetic_demo
L011714,2026-03-24,Retail,1001+,Product enquiry,12.61,1,1,synthetic_demo
L009808,2026-03-24,Manufacturing,51-200,Supplier request,15.39,1,0,synthetic_demo
L003233,2026-03-24,Healthcare,1-50,Price quote,9.66,3,0,synthetic_demo
L004889,2026-03-25,Retail,1-50,Supplier request,31.87,2,0,synthetic_demo
L005421,2026-03-25,Retail,51-200,Product enquiry,14.53,4,0,synthetic_demo
L006239,2026-03-25,Technology,51-200,Supplier request,25.86,3,0,synthetic_demo
L011186,2026-03-25,Retail,1-50,Price quote,11.2,3,1,synthetic_demo
L003636,2026-03-25,Manufacturing,1001+,Price quote,8.91,2,0,synthetic_demo
L006881,2026-03-25,Manufacturing,51-200,Bulk order,7.35,0,1,synthetic_demo
L004102,2026-03-25,Technology,51-200,Supplier request,32.83,1,0,synthetic_demo
L007967,2026-03-25,Healthcare,201-1000,Supplier request,9.7,1,0,synthetic_demo
L002578,2026-03-25,Construction,1-50,Price quote,23.56,2,0,synthetic_demo
L004214,2026-03-25,Manufacturing,1-50,Product enquiry,4.25,2,0,synthetic_demo
L000768,2026-03-25,Manufacturing,51-200,Price quote,4.87,2,1,synthetic_demo
L007887,2026-03-25,Retail,51-200,Product enquiry,3.21,1,0,synthetic_demo
L006896,2026-03-25,Manufacturing,51-200,Product enquiry,16.16,4,0,synthetic_demo
L009003,2026-03-25,Retail,201-1000,Supplier request,3.86,3,0,synthetic_demo
L010401,2026-03-25,Construction,51-200,Product enquiry,11.35,1,0,synthetic_demo
L011759,2026-03-25,Retail,1-50,Bulk order,25.16,1,0,synthetic_demo
L002183,2026-03-25,Technology,51-200,Supplier request,15.59,2,0,synthetic_demo
L011776,2026-03-25,Manufacturing,1-50,Supplier request,7.38,5,0,synthetic_demo
L005474,2026-03-25,Manufacturing,51-200,Price quote,31.78,2,0,synthetic_demo
L000933,2026-03-25,Retail,51-200,Product enquiry,6.7,1,0,synthetic_demo
L006496,2026-03-25,Manufacturing,201-1000,Bulk order,1.08,3,0,synthetic_demo
L009534,2026-03-25,Healthcare,51-200,Price quote,16.43,1,0,synthetic_demo
L008940,2026-03-25,Construction,1-50,Price quote,6.12,2,0,synthetic_demo
L004007,2026-03-25,Healthcare,201-1000,Supplier request,7.89,3,0,synthetic_demo
L011929,2026-03-25,Technology,201-1000,Bulk order,5.85,2,0,synthetic_demo
L009623,2026-03-25,Construction,1-50,Supplier request,9.21,2,0,synthetic_demo
L004759,2026-03-25,Manufacturing,51-200,Supplier request,7.57,4,0,synthetic_demo
L011040,2026-03-25,Technology,51-200,Bulk order,24.75,1,0,synthetic_demo
L004576,2026-03-25,Manufacturing,51-200,Supplier request,2.46,5,0,synthetic_demo
L010251,2026-03-25,Technology,51-200,Bulk order,14.36,1,0,synthetic_demo
L008459,2026-03-25,Technology,201-1000,Bulk order,11.75,2,0,synthetic_demo
L007411,2026-03-25,Technology,201-1000,Supplier request,15.5,2,0,synthetic_demo
L001736,2026-03-25,Technology,201-1000,Price quote,1.68,1,0,synthetic_demo
L005710,2026-03-25,Healthcare,201-1000,Price quote,12.03,3,0,synthetic_demo
L005808,2026-03-25,Technology,201-1000,Bulk order,13.6,1,0,synthetic_demo
L011791,2026-03-26,Technology,201-1000,Supplier request,9.95,2,0,synthetic_demo
L005132,2026-03-26,Manufacturing,1-50,Bulk order,15.5,3,0,synthetic_demo
L010979,2026-03-26,Healthcare,1-50,Bulk order,4.46,4,0,synthetic_demo
L006469,2026-03-26,Construction,201-1000,Product enquiry,8.34,1,0,synthetic_demo
L011757,2026-03-26,Construction,51-200,Price quote,3.31,3,0,synthetic_demo
L007642,2026-03-26,Construction,51-200,Supplier request,8.75,3,0,synthetic_demo
L001184,2026-03-26,Manufacturing,1-50,Product enquiry,16.28,1,0,synthetic_demo
L001672,2026-03-26,Healthcare,1001+,Price quote,23.79,2,0,synthetic_demo
L002206,2026-03-26,Healthcare,1-50,Product enquiry,6.85,3,0,synthetic_demo
L011440,2026-03-26,Technology,51-200,Supplier request,3.91,4,1,synthetic_demo
L001058,2026-03-26,Manufacturing,51-200,Price quote,8.79,5,1,synthetic_demo
L005072,2026-03-26,Retail,1-50,Price quote,23.81,1,0,synthetic_demo
L008503,2026-03-26,Manufacturing,1-50,Price quote,5.62,5,1,synthetic_demo
L001074,2026-03-26,Construction,1-50,Bulk order,9.53,3,0,synthetic_demo
L006992,2026-03-26,Manufacturing,51-200,Product enquiry,6.97,6,0,synthetic_demo
L007559,2026-03-26,Construction,201-1000,Supplier request,17.27,2,0,synthetic_demo
L008428,2026-03-26,Manufacturing,201-1000,Product enquiry,2.25,1,0,synthetic_demo
L008323,2026-03-26,Manufacturing,201-1000,Supplier request,13.47,2,0,synthetic_demo
L008442,2026-03-26,Retail,201-1000,Price quote,16.07,1,0,synthetic_demo
L005816,2026-03-26,Technology,51-200,Price quote,4.4,1,1,synthetic_demo
L002277,2026-03-26,Healthcare,201-1000,Supplier request,2.73,0,0,synthetic_demo
L002068,2026-03-26,Construction,201-1000,Price quote,8.65,3,0,synthetic_demo
L003791,2026-03-26,Manufacturing,201-1000,Price quote,6.37,2,1,synthetic_demo
L010652,2026-03-26,Retail,51-200,Bulk order,2.79,0,0,synthetic_demo
L007481,2026-03-26,Healthcare,201-1000,Price quote,11.34,1,0,synthetic_demo
L009520,2026-03-26,Manufacturing,1001+,Supplier request,0.6,1,1,synthetic_demo
L011911,2026-03-26,Construction,1001+,Bulk order,19.56,2,0,synthetic_demo
L006584,2026-03-26,Manufacturing,1001+,Supplier request,18.23,6,1,synthetic_demo
L009681,2026-03-26,Healthcare,1-50,Price quote,2.24,1,0,synthetic_demo
L011508,2026-03-26,Manufacturing,51-200,Bulk order,8.65,1,0,synthetic_demo
L001702,2026-03-26,Construction,51-200,Product enquiry,2.35,1,0,synthetic_demo
L010078,2026-03-27,Manufacturing,51-200,Bulk order,4.04,4,0,synthetic_demo
L001968,2026-03-27,Technology,201-1000,Bulk order,21.06,3,1,synthetic_demo
L008274,2026-03-27,Technology,1-50,Price quote,4.75,2,1,synthetic_demo
L003920,2026-03-27,Retail,1001+,Product enquiry,9.93,1,0,synthetic_demo
L010544,2026-03-27,Technology,1-50,Product enquiry,2.14,2,0,synthetic_demo
L004306,2026-03-27,Manufacturing,201-1000,Supplier request,9.6,1,0,synthetic_demo
L011017,2026-03-27,Healthcare,1-50,Supplier request,16.74,1,0,synthetic_demo
L011285,2026-03-27,Construction,1-50,Bulk order,6.46,1,0,synthetic_demo
L009882,2026-03-27,Manufacturing,51-200,Supplier request,8.89,3,0,synthetic_demo
L005567,2026-03-27,Technology,1-50,Supplier request,3.62,0,0,synthetic_demo
L002793,2026-03-27,Technology,1001+,Supplier request,9.27,1,0,synthetic_demo
L005546,2026-03-27,Retail,1-50,Supplier request,12.57,2,0,synthetic_demo
L011249,2026-03-27,Manufacturing,51-200,Product enquiry,8.43,1,0,synthetic_demo
L003327,2026-03-27,Retail,1-50,Product enquiry,18.03,4,0,synthetic_demo
L007296,2026-03-27,Construction,1-50,Product enquiry,11.45,3,0,synthetic_demo
L008293,2026-03-27,Retail,51-200,Bulk order,15.62,6,1,synthetic_demo
L007909,2026-03-27,Healthcare,1001+,Product enquiry,9.93,1,0,synthetic_demo
L006746,2026-03-27,Manufacturing,1001+,Bulk order,5.36,2,0,synthetic_demo
L010200,2026-03-27,Technology,201-1000,Product enquiry,14.62,3,0,synthetic_demo
L001998,2026-03-27,Retail,51-200,Product enquiry,10.52,4,0,synthetic_demo
L009354,2026-03-27,Technology,201-1000,Supplier request,3.03,2,0,synthetic_demo
L010212,2026-03-27,Retail,201-1000,Product enquiry,8.17,1,0,synthetic_demo
L001323,2026-03-27,Manufacturing,201-1000,Supplier request,16.13,0,0,synthetic_demo
L010434,2026-03-27,Healthcare,201-1000,Price quote,20.74,2,0,synthetic_demo
L003648,2026-03-27,Retail,201-1000,Bulk order,8.06,3,0,synthetic_demo
L003659,2026-03-27,Construction,201-1000,Price quote,10.84,3,0,synthetic_demo
L003800,2026-03-27,Retail,1001+,Supplier request,8.7,1,0,synthetic_demo
L011430,2026-03-27,Construction,1-50,Price quote,5.01,0,0,synthetic_demo
L010941,2026-03-27,Technology,1-50,Supplier request,15.14,2,0,synthetic_demo
L009635,2026-03-27,Healthcare,1-50,Price quote,6.25,1,0,synthetic_demo
L009739,2026-03-27,Healthcare,1-50,Price quote,3.73,4,0,synthetic_demo
L009772,2026-03-27,Technology,51-200,Price quote,4.99,0,0,synthetic_demo
L002959,2026-03-27,Manufacturing,1001+,Price quote,7.54,0,1,synthetic_demo
L007417,2026-03-27,Manufacturing,51-200,Price quote,2.83,3,1,synthetic_demo
L000799,2026-03-27,Technology,51-200,Product enquiry,1.66,4,0,synthetic_demo
L005377,2026-03-27,Manufacturing,1001+,Bulk order,6.36,3,0,synthetic_demo
L002859,2026-03-28,Technology,1-50,Price quote,3.57,1,0,synthetic_demo
L009346,2026-03-28,Healthcare,51-200,Product enquiry,22.36,1,0,synthetic_demo
L002514,2026-03-28,Manufacturing,201-1000,Bulk order,8.99,1,0,synthetic_demo
L006557,2026-03-28,Construction,201-1000,Product enquiry,22.56,4,0,synthetic_demo
L011965,2026-03-28,Manufacturing,51-200,Product enquiry,2.07,2,0,synthetic_demo
L008420,2026-03-28,Manufacturing,1001+,Price quote,17.56,3,1,synthetic_demo
L009113,2026-03-28,Healthcare,51-200,Supplier request,10.09,2,1,synthetic_demo
L006022,2026-03-28,Construction,201-1000,Product enquiry,4.13,1,0,synthetic_demo
L004253,2026-03-28,Manufacturing,51-200,Product enquiry,19.37,0,0,synthetic_demo
L001839,2026-03-28,Technology,51-200,Bulk order,19.12,0,0,synthetic_demo
L007270,2026-03-28,Retail,1-50,Bulk order,2.9,2,0,synthetic_demo
L004808,2026-03-28,Healthcare,1-50,Price quote,2.33,1,0,synthetic_demo
L004785,2026-03-28,Construction,51-200,Bulk order,10.32,1,1,synthetic_demo
L005857,2026-03-28,Healthcare,201-1000,Price quote,5.48,0,0,synthetic_demo
L007446,2026-03-28,Technology,51-200,Bulk order,23.69,2,0,synthetic_demo
L003483,2026-03-28,Technology,51-200,Product enquiry,3.74,2,0,synthetic_demo
L010162,2026-03-28,Healthcare,51-200,Price quote,9.4,4,0,synthetic_demo
L009638,2026-03-28,Technology,201-1000,Bulk order,13.09,0,1,synthetic_demo
L009159,2026-03-28,Manufacturing,1001+,Product enquiry,21.49,4,0,synthetic_demo
L002908,2026-03-28,Manufacturing,1-50,Product enquiry,3.23,1,0,synthetic_demo
L011586,2026-03-28,Construction,51-200,Price quote,5.22,1,0,synthetic_demo
L005469,2026-03-28,Healthcare,201-1000,Price quote,19.06,2,0,synthetic_demo
L004714,2026-03-28,Construction,51-200,Bulk order,4.96,1,0,synthetic_demo
L008044,2026-03-28,Retail,1-50,Price quote,5.79,0,0,synthetic_demo
L003857,2026-03-28,Technology,201-1000,Bulk order,3.32,2,0,synthetic_demo
L003552,2026-03-28,Healthcare,51-200,Bulk order,16.44,1,0,synthetic_demo
L007955,2026-03-28,Technology,201-1000,Price quote,6.67,2,0,synthetic_demo
L007646,2026-03-28,Manufacturing,201-1000,Product enquiry,20.87,3,1,synthetic_demo
L009114,2026-03-29,Retail,201-1000,Bulk order,7.46,1,0,synthetic_demo
L001289,2026-03-29,Retail,51-200,Product enquiry,16.26,5,0,synthetic_demo
L007698,2026-03-29,Technology,1-50,Price quote,4.84,1,0,synthetic_demo
L003007,2026-03-29,Healthcare,51-200,Product enquiry,23.29,0,0,synthetic_demo
L001329,2026-03-29,Retail,1-50,Product enquiry,12.09,2,0,synthetic_demo
L002848,2026-03-29,Manufacturing,51-200,Price quote,10.0,4,1,synthetic_demo
L007848,2026-03-29,Retail,201-1000,Price quote,6.97,2,0,synthetic_demo
L005356,2026-03-29,Construction,1001+,Product enquiry,5.25,1,0,synthetic_demo
L001731,2026-03-29,Construction,51-200,Bulk order,9.52,3,0,synthetic_demo
L000829,2026-03-29,Construction,201-1000,Product enquiry,8.22,0,1,synthetic_demo
L010843,2026-03-29,Manufacturing,201-1000,Supplier request,72.0,1,0,synthetic_demo
L000247,2026-03-29,Healthcare,51-200,Bulk order,6.54,2,0,synthetic_demo
L004924,2026-03-29,Construction,201-1000,Product enquiry,1.06,3,0,synthetic_demo
L004901,2026-03-29,Healthcare,1-50,Price quote,7.25,1,0,synthetic_demo
L009260,2026-03-29,Retail,51-200,Bulk order,7.92,1,0,synthetic_demo
L011539,2026-03-29,Technology,1001+,Supplier request,10.87,1,0,synthetic_demo
L011393,2026-03-29,Technology,201-1000,Price quote,6.9,4,0,synthetic_demo
L004882,2026-03-29,Healthcare,1-50,Supplier request,4.84,4,1,synthetic_demo
L000796,2026-03-29,Retail,201-1000,Supplier request,9.87,2,0,synthetic_demo
L003435,2026-03-29,Manufacturing,1-50,Bulk order,2.6,2,0,synthetic_demo
L011599,2026-03-29,Technology,201-1000,Supplier request,6.65,0,0,synthetic_demo
L005268,2026-03-29,Construction,1-50,Price quote,14.98,2,1,synthetic_demo
L007120,2026-03-29,Technology,1-50,Supplier request,6.79,3,1,synthetic_demo
L009421,2026-03-29,Manufacturing,1001+,Price quote,2.07,1,0,synthetic_demo
L005885,2026-03-29,Healthcare,51-200,Bulk order,9.15,2,0,synthetic_demo
L004029,2026-03-29,Retail,201-1000,Bulk order,7.13,1,1,synthetic_demo
L005876,2026-03-29,Retail,1-50,Supplier request,8.86,2,1,synthetic_demo
L001389,2026-03-29,Construction,51-200,Supplier request,6.14,2,0,synthetic_demo
L008497,2026-03-29,Manufacturing,1001+,Price quote,12.65,2,0,synthetic_demo
L000807,2026-03-29,Technology,1001+,Supplier request,19.24,0,0,synthetic_demo
L001663,2026-03-29,Technology,1001+,Supplier request,13.57,3,0,synthetic_demo
L002207,2026-03-29,Technology,201-1000,Bulk order,5.76,2,0,synthetic_demo
L006121,2026-03-29,Manufacturing,201-1000,Price quote,10.43,1,0,synthetic_demo
L005103,2026-03-29,Manufacturing,201-1000,Supplier request,12.42,3,0,synthetic_demo
L001776,2026-03-29,Healthcare,51-200,Supplier request,8.97,1,0,synthetic_demo
L001700,2026-03-29,Technology,1-50,Price quote,2.73,3,0,synthetic_demo
L005550,2026-03-29,Retail,1-50,Bulk order,15.41,0,0,synthetic_demo
L000539,2026-03-29,Manufacturing,201-1000,Bulk order,4.52,4,1,synthetic_demo
L006177,2026-03-29,Technology,1-50,Price quote,4.13,1,0,synthetic_demo
L004263,2026-03-29,Retail,1001+,Product enquiry,13.34,5,0,synthetic_demo
L008273,2026-03-29,Construction,1-50,Price quote,26.56,5,0,synthetic_demo
L000677,2026-03-30,Construction,1-50,Product enquiry,16.25,6,0,synthetic_demo
L008677,2026-03-30,Technology,1001+,Bulk order,5.94,0,0,synthetic_demo
L005814,2026-03-30,Technology,51-200,Supplier request,1.21,3,1,synthetic_demo
L000840,2026-03-30,Healthcare,1001+,Product enquiry,9.78,0,0,synthetic_demo
L004665,2026-03-30,Healthcare,201-1000,Price quote,6.59,2,0,synthetic_demo
L002305,2026-03-30,Retail,1001+,Product enquiry,35.2,3,0,synthetic_demo
L006961,2026-03-30,Retail,1-50,Product enquiry,5.47,1,0,synthetic_demo
L006232,2026-03-30,Retail,51-200,Supplier request,9.55,2,0,synthetic_demo
L001999,2026-03-30,Technology,1-50,Bulk order,22.25,1,0,synthetic_demo
L009492,2026-03-30,Construction,51-200,Product enquiry,26.91,1,0,synthetic_demo
L000204,2026-03-30,Manufacturing,1001+,Product enquiry,11.66,1,1,synthetic_demo
L011488,2026-03-30,Construction,201-1000,Price quote,14.38,1,0,synthetic_demo
L004307,2026-03-30,Healthcare,51-200,Price quote,10.39,1,0,synthetic_demo
L002260,2026-03-30,Retail,201-1000,Bulk order,14.61,3,0,synthetic_demo
L010240,2026-03-30,Retail,1-50,Product enquiry,17.54,1,0,synthetic_demo
L004974,2026-03-30,Construction,1-50,Product enquiry,7.13,2,0,synthetic_demo
L011638,2026-03-30,Technology,201-1000,Bulk order,23.27,2,0,synthetic_demo
L006062,2026-03-30,Retail,1-50,Price quote,8.17,5,0,synthetic_demo
L009138,2026-03-30,Healthcare,1001+,Bulk order,2.73,3,1,synthetic_demo
L003720,2026-03-30,Retail,201-1000,Supplier request,14.31,2,0,synthetic_demo
L004851,2026-03-30,Manufacturing,201-1000,Product enquiry,10.79,4,1,synthetic_demo
L008696,2026-03-30,Retail,51-200,Supplier request,22.26,2,0,synthetic_demo
L002602,2026-03-30,Technology,201-1000,Supplier request,5.89,2,0,synthetic_demo
L006405,2026-03-30,Manufacturing,1-50,Supplier request,9.98,0,0,synthetic_demo
L001780,2026-03-31,Retail,51-200,Price quote,9.92,2,0,synthetic_demo
L011972,2026-03-31,Manufacturing,51-200,Price quote,5.13,2,1,synthetic_demo
L009718,2026-03-31,Manufacturing,51-200,Price quote,3.62,5,0,synthetic_demo
L009791,2026-03-31,Manufacturing,51-200,Product enquiry,5.35,4,1,synthetic_demo
L004791,2026-03-31,Healthcare,201-1000,Price quote,7.93,2,1,synthetic_demo
L001938,2026-03-31,Healthcare,51-200,Supplier request,4.17,0,0,synthetic_demo
L004969,2026-03-31,Manufacturing,1-50,Price quote,18.23,2,0,synthetic_demo
L004701,2026-03-31,Construction,51-200,Product enquiry,3.39,2,1,synthetic_demo
L000667,2026-03-31,Technology,1-50,Bulk order,4.87,2,1,synthetic_demo
L008632,2026-03-31,Healthcare,51-200,Supplier request,17.58,2,0,synthetic_demo
L003318,2026-03-31,Manufacturing,1-50,Price quote,5.45,2,0,synthetic_demo
L002703,2026-03-31,Retail,51-200,Price quote,32.48,0,0,synthetic_demo
L006903,2026-03-31,Technology,1-50,Price quote,6.51,2,0,synthetic_demo
L010583,2026-03-31,Healthcare,1001+,Product enquiry,5.28,4,0,synthetic_demo
L011433,2026-03-31,Technology,1001+,Bulk order,19.98,4,1,synthetic_demo
L005691,2026-03-31,Healthcare,1-50,Product enquiry,23.98,2,1,synthetic_demo
L009224,2026-03-31,Technology,1001+,Price quote,7.78,1,0,synthetic_demo
L003103,2026-03-31,Construction,201-1000,Price quote,12.43,2,0,synthetic_demo
L006676,2026-03-31,Manufacturing,1-50,Supplier request,1.76,2,0,synthetic_demo
L002545,2026-03-31,Healthcare,1-50,Bulk order,9.62,1,0,synthetic_demo
L001174,2026-03-31,Technology,51-200,Price quote,3.96,2,0,synthetic_demo
L010923,2026-03-31,Technology,201-1000,Bulk order,14.9,1,0,synthetic_demo
L005994,2026-03-31,Construction,1-50,Bulk order,13.0,0,0,synthetic_demo
L008052,2026-03-31,Technology,201-1000,Product enquiry,4.46,1,0,synthetic_demo
L007395,2026-03-31,Construction,51-200,Supplier request,6.53,1,0,synthetic_demo
L001169,2026-03-31,Technology,51-200,Bulk order,11.55,1,0,synthetic_demo
L005746,2026-03-31,Manufacturing,201-1000,Bulk order,8.82,2,1,synthetic_demo
L001674,2026-03-31,Manufacturing,1-50,Price quote,5.7,3,1,synthetic_demo
L005866,2026-03-31,Retail,51-200,Price quote,24.56,2,0,synthetic_demo
L002861,2026-03-31,Retail,1-50,Price quote,2.51,2,0,synthetic_demo
L008737,2026-03-31,Healthcare,201-1000,Price quote,3.01,5,0,synthetic_demo
L006981,2026-03-31,Construction,51-200,Product enquiry,2.6,1,0,synthetic_demo
L001104,2026-03-31,Technology,201-1000,Product enquiry,7.85,2,1,synthetic_demo
L002958,2026-03-31,Manufacturing,51-200,Supplier request,35.07,4,0,synthetic_demo
L005347,2026-04-01,Technology,201-1000,Bulk order,11.63,2,0,synthetic_demo
L011789,2026-04-01,Technology,1-50,Bulk order,10.88,3,0,synthetic_demo
L011623,2026-04-01,Healthcare,1-50,Price quote,9.99,4,0,synthetic_demo
L004034,2026-04-01,Healthcare,51-200,Price quote,10.89,5,0,synthetic_demo
L004774,2026-04-01,Retail,1-50,Bulk order,6.07,3,0,synthetic_demo
L000306,2026-04-01,Retail,51-200,Product enquiry,14.84,4,0,synthetic_demo
L000661,2026-04-01,Retail,1001+,Bulk order,24.07,1,0,synthetic_demo
L004012,2026-04-01,Manufacturing,51-200,Supplier request,4.2,2,0,synthetic_demo
L002563,2026-04-01,Technology,1001+,Product enquiry,7.03,1,0,synthetic_demo
L010125,2026-04-01,Manufacturing,51-200,Supplier request,20.71,4,0,synthetic_demo
L002046,2026-04-01,Manufacturing,1-50,Supplier request,3.59,1,0,synthetic_demo
L009539,2026-04-01,Technology,1-50,Price quote,6.91,2,0,synthetic_demo
L003622,2026-04-01,Retail,51-200,Supplier request,5.33,4,0,synthetic_demo
L009541,2026-04-01,Construction,201-1000,Price quote,8.33,0,0,synthetic_demo
L011204,2026-04-01,Manufacturing,51-200,Price quote,5.65,1,0,synthetic_demo
L011832,2026-04-01,Manufacturing,51-200,Bulk order,7.79,4,0,synthetic_demo
L003700,2026-04-01,Retail,1-50,Price quote,5.65,0,0,synthetic_demo
L002907,2026-04-01,Construction,201-1000,Price quote,4.55,2,1,synthetic_demo
L005384,2026-04-01,Manufacturing,201-1000,Bulk order,9.66,2,0,synthetic_demo
L008854,2026-04-01,Healthcare,201-1000,Product enquiry,6.54,1,0,synthetic_demo
L011301,2026-04-01,Healthcare,51-200,Price quote,6.3,2,0,synthetic_demo
L010880,2026-04-01,Technology,51-200,Supplier request,8.04,3,0,synthetic_demo
L006429,2026-04-01,Retail,51-200,Price quote,15.45,1,0,synthetic_demo
L004731,2026-04-01,Retail,1-50,Product enquiry,12.76,1,1,synthetic_demo
L010682,2026-04-01,Technology,51-200,Bulk order,10.49,3,0,synthetic_demo
L011734,2026-04-01,Manufacturing,51-200,Product enquiry,0.65,1,0,synthetic_demo
L006521,2026-04-01,Construction,51-200,Product enquiry,5.82,2,0,synthetic_demo
L003236,2026-04-01,Manufacturing,1001+,Price quote,37.01,2,0,synthetic_demo
L009481,2026-04-01,Construction,201-1000,Bulk order,4.75,2,0,synthetic_demo
L008133,2026-04-01,Technology,201-1000,Product enquiry,2.05,6,1,synthetic_demo
L004966,2026-04-01,Manufacturing,201-1000,Price quote,11.87,2,0,synthetic_demo
L009216,2026-04-01,Technology,201-1000,Supplier request,23.61,1,0,synthetic_demo
L009909,2026-04-01,Retail,201-1000,Bulk order,11.03,3,0,synthetic_demo
L010876,2026-04-01,Healthcare,201-1000,Product enquiry,3.98,1,0,synthetic_demo
L011117,2026-04-01,Manufacturing,1001+,Product enquiry,8.92,1,0,synthetic_demo
L000659,2026-04-01,Healthcare,1001+,Bulk order,2.51,5,0,synthetic_demo
L005671,2026-04-01,Healthcare,51-200,Bulk order,13.24,0,0,synthetic_demo
L001353,2026-04-01,Retail,201-1000,Price quote,6.46,0,0,synthetic_demo
L011375,2026-04-02,Manufacturing,51-200,Product enquiry,3.97,3,0,synthetic_demo
L003375,2026-04-02,Healthcare,201-1000,Price quote,11.84,3,0,synthetic_demo
L009164,2026-04-02,Healthcare,1-50,Bulk order,5.06,3,0,synthetic_demo
L006164,2026-04-02,Healthcare,201-1000,Bulk order,0.99,2,1,synthetic_demo
L002930,2026-04-02,Technology,51-200,Price quote,4.84,1,1,synthetic_demo
L011992,2026-04-02,Manufacturing,201-1000,Product enquiry,5.73,4,0,synthetic_demo
L001494,2026-04-02,Technology,51-200,Product enquiry,2.33,3,0,synthetic_demo
L002483,2026-04-02,Manufacturing,201-1000,Price quote,12.33,2,0,synthetic_demo
L009697,2026-04-02,Retail,1-50,Product enquiry,7.64,2,0,synthetic_demo
L004839,2026-04-02,Manufacturing,51-200,Product enquiry,13.63,2,0,synthetic_demo
L002735,2026-04-02,Retail,201-1000,Supplier request,7.32,3,0,synthetic_demo
L003447,2026-04-02,Technology,51-200,Bulk order,2.26,2,1,synthetic_demo
L006223,2026-04-02,Healthcare,1-50,Price quote,4.87,1,0,synthetic_demo
L001816,2026-04-02,Healthcare,1001+,Product enquiry,2.1,1,0,synthetic_demo
L009257,2026-04-02,Healthcare,1-50,Price quote,5.67,0,0,synthetic_demo
L006168,2026-04-02,Retail,201-1000,Product enquiry,5.1,3,1,synthetic_demo
L004945,2026-04-02,Healthcare,1001+,Supplier request,9.19,3,0,synthetic_demo
L003669,2026-04-02,Retail,1-50,Supplier request,7.25,2,1,synthetic_demo
L008203,2026-04-02,Manufacturing,1001+,Product enquiry,9.77,2,0,synthetic_demo
L000258,2026-04-02,Manufacturing,1-50,Price quote,4.34,3,0,synthetic_demo
L002300,2026-04-02,Technology,51-200,Product enquiry,3.67,4,0,synthetic_demo
L002313,2026-04-02,Retail,201-1000,Bulk order,12.04,2,1,synthetic_demo
L009422,2026-04-02,Manufacturing,51-200,Bulk order,5.85,3,1,synthetic_demo
L004705,2026-04-02,Manufacturing,51-200,Product enquiry,8.72,2,0,synthetic_demo
L004229,2026-04-02,Healthcare,1-50,Bulk order,22.31,1,0,synthetic_demo
L004131,2026-04-02,Technology,1-50,Supplier request,0.99,1,1,synthetic_demo
L000911,2026-04-02,Technology,51-200,Supplier request,7.0,1,0,synthetic_demo
L000853,2026-04-02,Construction,1-50,Product enquiry,40.84,4,0,synthetic_demo
L009432,2026-04-02,Manufacturing,201-1000,Product enquiry,5.59,0,0,synthetic_demo
L010339,2026-04-02,Retail,1-50,Supplier request,8.19,2,0,synthetic_demo
L009512,2026-04-02,Retail,51-200,Product enquiry,12.02,2,0,synthetic_demo
L009358,2026-04-02,Healthcare,201-1000,Price quote,2.19,3,1,synthetic_demo
L009962,2026-04-02,Retail,1001+,Product enquiry,3.39,2,0,synthetic_demo
L006982,2026-04-02,Construction,51-200,Price quote,11.15,1,0,synthetic_demo
L003836,2026-04-02,Retail,201-1000,Product enquiry,24.08,3,0,synthetic_demo
L001989,2026-04-02,Construction,201-1000,Bulk order,8.63,3,0,synthetic_demo
L011150,2026-04-02,Technology,51-200,Supplier request,12.86,4,0,synthetic_demo
L001953,2026-04-02,Technology,1001+,Price quote,10.06,0,0,synthetic_demo
L009608,2026-04-02,Healthcare,1001+,Supplier request,3.07,0,0,synthetic_demo
L011432,2026-04-03,Manufacturing,1-50,Bulk order,1.42,3,0,synthetic_demo
L004826,2026-04-03,Retail,51-200,Supplier request,23.11,3,0,synthetic_demo
L001788,2026-04-03,Technology,1-50,Product enquiry,15.32,4,0,synthetic_demo
L008338,2026-04-03,Manufacturing,1-50,Supplier request,6.09,1,1,synthetic_demo
L002635,2026-04-03,Healthcare,1-50,Product enquiry,12.72,3,0,synthetic_demo
L011647,2026-04-03,Healthcare,1-50,Bulk order,7.46,3,0,synthetic_demo
L011513,2026-04-03,Healthcare,51-200,Product enquiry,12.26,1,0,synthetic_demo
L007975,2026-04-03,Technology,1-50,Product enquiry,6.72,6,0,synthetic_demo
L001773,2026-04-03,Healthcare,51-200,Product enquiry,18.08,0,0,synthetic_demo
L006932,2026-04-03,Technology,51-200,Bulk order,6.91,0,0,synthetic_demo
L002816,2026-04-03,Healthcare,51-200,Product enquiry,17.88,4,0,synthetic_demo
L000631,2026-04-03,Construction,51-200,Supplier request,4.02,3,0,synthetic_demo
L007867,2026-04-03,Manufacturing,201-1000,Product enquiry,10.47,1,1,synthetic_demo
L001091,2026-04-03,Manufacturing,51-200,Bulk order,13.0,2,0,synthetic_demo
L010182,2026-04-03,Healthcare,51-200,Product enquiry,1.02,3,0,synthetic_demo
L007154,2026-04-03,Healthcare,201-1000,Product enquiry,7.59,2,0,synthetic_demo
L003749,2026-04-03,Retail,51-200,Product enquiry,12.48,2,0,synthetic_demo
L004065,2026-04-03,Manufacturing,51-200,Price quote,7.44,6,1,synthetic_demo
L003620,2026-04-03,Construction,51-200,Bulk order,20.11,1,0,synthetic_demo
L009302,2026-04-03,Retail,51-200,Product enquiry,17.26,4,1,synthetic_demo
L009393,2026-04-03,Healthcare,1-50,Bulk order,11.77,1,0,synthetic_demo
L009380,2026-04-03,Manufacturing,1001+,Bulk order,1.41,3,1,synthetic_demo
L010986,2026-04-03,Manufacturing,1001+,Supplier request,0.68,1,0,synthetic_demo
L008235,2026-04-03,Construction,1-50,Bulk order,7.68,2,0,synthetic_demo
L011779,2026-04-03,Retail,1-50,Bulk order,9.98,1,0,synthetic_demo
L002604,2026-04-03,Technology,1001+,Product enquiry,13.98,4,0,synthetic_demo
L003465,2026-04-03,Technology,201-1000,Price quote,10.86,1,0,synthetic_demo
L002394,2026-04-03,Manufacturing,1001+,Bulk order,6.33,6,1,synthetic_demo
L002538,2026-04-03,Retail,1001+,Supplier request,0.76,3,0,synthetic_demo
L004628,2026-04-04,Retail,51-200,Price quote,15.24,4,0,synthetic_demo
L000632,2026-04-04,Technology,201-1000,Price quote,8.83,1,0,synthetic_demo
L001594,2026-04-04,Retail,1-50,Bulk order,10.28,3,0,synthetic_demo
L009955,2026-04-04,Technology,1-50,Product enquiry,13.8,2,0,synthetic_demo
L010412,2026-04-04,Manufacturing,201-1000,Supplier request,11.12,1,0,synthetic_demo
L001049,2026-04-04,Construction,1001+,Price quote,6.66,4,1,synthetic_demo
L009618,2026-04-04,Manufacturing,51-200,Product enquiry,8.76,3,0,synthetic_demo
L003874,2026-04-04,Manufacturing,201-1000,Bulk order,9.63,3,0,synthetic_demo
L000809,2026-04-04,Healthcare,1001+,Product enquiry,5.26,3,0,synthetic_demo
L011618,2026-04-04,Manufacturing,1001+,Product enquiry,11.73,2,0,synthetic_demo
L002426,2026-04-04,Technology,51-200,Supplier request,13.22,2,0,synthetic_demo
L001043,2026-04-04,Technology,1-50,Supplier request,6.11,1,1,synthetic_demo
L010025,2026-04-04,Manufacturing,201-1000,Product enquiry,18.25,0,0,synthetic_demo
L009337,2026-04-04,Retail,51-200,Price quote,9.67,1,0,synthetic_demo
L003775,2026-04-04,Technology,51-200,Bulk order,1.62,3,1,synthetic_demo
L003062,2026-04-04,Retail,1001+,Price quote,17.84,1,0,synthetic_demo
L000437,2026-04-04,Manufacturing,1-50,Bulk order,8.37,4,1,synthetic_demo
L006295,2026-04-04,Manufacturing,1001+,Price quote,1.01,2,0,synthetic_demo
L010639,2026-04-04,Healthcare,51-200,Price quote,12.06,3,0,synthetic_demo
L007809,2026-04-04,Construction,1-50,Bulk order,14.75,2,0,synthetic_demo
L011590,2026-04-04,Manufacturing,51-200,Price quote,8.86,3,0,synthetic_demo
L001914,2026-04-04,Healthcare,1-50,Supplier request,6.7,3,0,synthetic_demo
L002594,2026-04-04,Manufacturing,1001+,Price quote,19.26,6,0,synthetic_demo
L008611,2026-04-04,Manufacturing,201-1000,Supplier request,4.11,2,0,synthetic_demo
L002591,2026-04-04,Technology,1001+,Bulk order,17.34,2,1,synthetic_demo
L007744,2026-04-04,Construction,1-50,Supplier request,0.63,1,1,synthetic_demo
L001065,2026-04-04,Retail,51-200,Price quote,30.04,1,0,synthetic_demo
L004760,2026-04-04,Construction,201-1000,Supplier request,4.87,2,0,synthetic_demo
L001113,2026-04-04,Healthcare,1-50,Supplier request,5.43,1,1,synthetic_demo
L006900,2026-04-04,Construction,51-200,Product enquiry,13.03,2,0,synthetic_demo
L010309,2026-04-04,Technology,1001+,Price quote,9.2,1,0,synthetic_demo
L007440,2026-04-04,Construction,1-50,Price quote,26.35,1,1,synthetic_demo
L010596,2026-04-04,Retail,1-50,Bulk order,6.1,4,0,synthetic_demo
L002147,2026-04-04,Manufacturing,51-200,Product enquiry,10.79,3,1,synthetic_demo
L008896,2026-04-04,Manufacturing,51-200,Product enquiry,14.7,0,0,synthetic_demo
L009275,2026-04-04,Healthcare,51-200,Bulk order,14.98,4,1,synthetic_demo
L011480,2026-04-04,Technology,201-1000,Product enquiry,10.49,3,0,synthetic_demo
L001112,2026-04-05,Retail,1-50,Bulk order,3.7,1,0,synthetic_demo
L011392,2026-04-05,Retail,1-50,Product enquiry,21.69,1,0,synthetic_demo
L011268,2026-04-05,Technology,51-200,Supplier request,5.26,0,0,synthetic_demo
L011347,2026-04-05,Technology,1-50,Price quote,2.45,5,0,synthetic_demo
L001350,2026-04-05,Manufacturing,201-1000,Price quote,3.34,4,1,synthetic_demo
L008770,2026-04-05,Manufacturing,201-1000,Product enquiry,21.5,5,0,synthetic_demo
L001252,2026-04-05,Manufacturing,1-50,Supplier request,7.02,2,0,synthetic_demo
L007210,2026-04-05,Healthcare,1001+,Product enquiry,14.06,4,0,synthetic_demo
L006294,2026-04-05,Construction,51-200,Bulk order,7.27,1,0,synthetic_demo
L006449,2026-04-05,Technology,51-200,Bulk order,16.94,4,0,synthetic_demo
L002425,2026-04-05,Construction,1-50,Bulk order,10.52,2,0,synthetic_demo
L006748,2026-04-05,Healthcare,51-200,Price quote,10.57,4,1,synthetic_demo
L002161,2026-04-05,Retail,51-200,Bulk order,3.2,3,0,synthetic_demo
L009864,2026-04-05,Construction,1-50,Price quote,0.74,0,0,synthetic_demo
L006564,2026-04-05,Construction,1-50,Bulk order,3.02,3,1,synthetic_demo
L000705,2026-04-05,Retail,51-200,Price quote,23.19,3,0,synthetic_demo
L007847,2026-04-05,Healthcare,201-1000,Bulk order,18.16,3,1,synthetic_demo
L008277,2026-04-05,Retail,51-200,Bulk order,15.05,2,0,synthetic_demo
L009969,2026-04-05,Manufacturing,51-200,Supplier request,19.01,5,0,synthetic_demo
L004523,2026-04-05,Technology,201-1000,Product enquiry,15.35,2,1,synthetic_demo
L011742,2026-04-05,Retail,201-1000,Bulk order,16.79,4,0,synthetic_demo
L004469,2026-04-05,Construction,51-200,Bulk order,7.67,3,1,synthetic_demo
L003409,2026-04-05,Healthcare,51-200,Bulk order,16.94,0,0,synthetic_demo
L005456,2026-04-05,Healthcare,1001+,Product enquiry,1.87,5,1,synthetic_demo
L009208,2026-04-05,Retail,201-1000,Product enquiry,8.75,3,0,synthetic_demo
L000337,2026-04-05,Manufacturing,1-50,Product enquiry,11.73,4,1,synthetic_demo
L009264,2026-04-05,Construction,1-50,Product enquiry,4.49,2,1,synthetic_demo
L000454,2026-04-05,Manufacturing,201-1000,Product enquiry,20.39,0,0,synthetic_demo
L011215,2026-04-05,Manufacturing,51-200,Bulk order,9.47,0,0,synthetic_demo
L001811,2026-04-05,Manufacturing,1-50,Product enquiry,4.24,0,0,synthetic_demo
L010426,2026-04-05,Retail,201-1000,Supplier request,12.83,2,0,synthetic_demo
L009400,2026-04-06,Technology,1-50,Product enquiry,9.26,7,1,synthetic_demo
L000757,2026-04-06,Retail,1-50,Price quote,35.64,2,0,synthetic_demo
L000761,2026-04-06,Technology,201-1000,Product enquiry,7.31,1,1,synthetic_demo
L005760,2026-04-06,Manufacturing,1-50,Price quote,9.7,0,1,synthetic_demo
L000499,2026-04-06,Retail,1-50,Bulk order,23.53,4,0,synthetic_demo
L004155,2026-04-06,Healthcare,51-200,Bulk order,18.76,2,0,synthetic_demo
L008761,2026-04-06,Healthcare,1-50,Product enquiry,12.23,4,0,synthetic_demo
L007765,2026-04-06,Healthcare,51-200,Price quote,26.92,0,0,synthetic_demo
L011657,2026-04-06,Retail,201-1000,Product enquiry,4.91,1,1,synthetic_demo
L008248,2026-04-06,Manufacturing,51-200,Product enquiry,5.99,3,0,synthetic_demo
L004117,2026-04-06,Healthcare,1-50,Product enquiry,10.64,4,0,synthetic_demo
L010814,2026-04-06,Technology,201-1000,Bulk order,8.16,4,0,synthetic_demo
L003471,2026-04-06,Retail,1-50,Product enquiry,8.47,3,0,synthetic_demo
L004310,2026-04-06,Healthcare,1001+,Price quote,17.46,4,0,synthetic_demo
L009090,2026-04-06,Retail,51-200,Supplier request,19.28,2,0,synthetic_demo
L008660,2026-04-06,Retail,201-1000,Supplier request,9.72,3,0,synthetic_demo
L008412,2026-04-06,Healthcare,1-50,Product enquiry,31.76,5,0,synthetic_demo
L011806,2026-04-06,Technology,51-200,Price quote,6.85,1,0,synthetic_demo
L000047,2026-04-06,Retail,51-200,Price quote,9.09,2,0,synthetic_demo
L003387,2026-04-06,Healthcare,1-50,Price quote,12.94,2,0,synthetic_demo
L011379,2026-04-06,Healthcare,51-200,Product enquiry,4.99,3,0,synthetic_demo
L008175,2026-04-06,Manufacturing,51-200,Product enquiry,11.95,6,1,synthetic_demo
L000731,2026-04-06,Retail,1001+,Price quote,13.39,4,0,synthetic_demo
L008648,2026-04-06,Manufacturing,201-1000,Price quote,9.05,2,0,synthetic_demo
L001023,2026-04-06,Construction,51-200,Price quote,7.96,0,0,synthetic_demo
L000952,2026-04-06,Manufacturing,1-50,Price quote,14.78,0,0,synthetic_demo
L002263,2026-04-06,Retail,1-50,Bulk order,15.25,3,0,synthetic_demo
L001657,2026-04-06,Manufacturing,1001+,Product enquiry,15.95,1,0,synthetic_demo
L011092,2026-04-06,Manufacturing,51-200,Supplier request,1.76,1,1,synthetic_demo
L005087,2026-04-07,Technology,51-200,Supplier request,15.06,1,0,synthetic_demo
L010397,2026-04-07,Manufacturing,201-1000,Price quote,22.29,2,0,synthetic_demo
L011381,2026-04-07,Healthcare,201-1000,Bulk order,12.63,3,0,synthetic_demo
L011812,2026-04-07,Retail,201-1000,Price quote,11.48,3,1,synthetic_demo
L000753,2026-04-07,Manufacturing,51-200,Price quote,3.14,2,0,synthetic_demo
L003402,2026-04-07,Technology,51-200,Product enquiry,3.74,3,0,synthetic_demo
L006622,2026-04-07,Retail,201-1000,Product enquiry,7.34,1,0,synthetic_demo
L005514,2026-04-07,Retail,51-200,Price quote,10.5,3,0,synthetic_demo
L009726,2026-04-07,Technology,1-50,Product enquiry,4.14,6,0,synthetic_demo
L003724,2026-04-07,Retail,201-1000,Product enquiry,1.96,2,1,synthetic_demo
L001269,2026-04-07,Healthcare,51-200,Price quote,14.38,1,0,synthetic_demo
L007066,2026-04-07,Technology,201-1000,Product enquiry,9.12,0,0,synthetic_demo
L009062,2026-04-07,Construction,51-200,Price quote,0.64,4,0,synthetic_demo
L009886,2026-04-07,Construction,1-50,Price quote,7.25,1,1,synthetic_demo
L000494,2026-04-07,Retail,201-1000,Bulk order,1.46,1,1,synthetic_demo
L004408,2026-04-07,Retail,51-200,Price quote,7.53,1,0,synthetic_demo
L007829,2026-04-07,Technology,51-200,Price quote,1.43,3,0,synthetic_demo
L011490,2026-04-07,Technology,1-50,Supplier request,7.44,3,0,synthetic_demo
L010905,2026-04-07,Manufacturing,51-200,Product enquiry,4.93,1,0,synthetic_demo
L003392,2026-04-07,Technology,1-50,Bulk order,5.49,0,0,synthetic_demo
L004149,2026-04-07,Retail,1-50,Product enquiry,9.0,2,0,synthetic_demo
L009464,2026-04-07,Manufacturing,1001+,Product enquiry,18.2,2,0,synthetic_demo
L005609,2026-04-07,Retail,201-1000,Price quote,19.94,1,1,synthetic_demo
L003028,2026-04-07,Construction,51-200,Product enquiry,13.01,3,0,synthetic_demo
L005775,2026-04-07,Manufacturing,201-1000,Product enquiry,16.55,1,0,synthetic_demo
L002226,2026-04-07,Manufacturing,1001+,Product enquiry,6.02,1,0,synthetic_demo
L004300,2026-04-07,Technology,51-200,Bulk order,3.26,1,0,synthetic_demo
L010998,2026-04-07,Technology,201-1000,Bulk order,5.24,5,1,synthetic_demo
L008204,2026-04-07,Healthcare,201-1000,Product enquiry,13.56,1,0,synthetic_demo
L002351,2026-04-07,Manufacturing,1-50,Product enquiry,0.93,2,1,synthetic_demo
L000345,2026-04-07,Technology,201-1000,Product enquiry,15.74,4,0,synthetic_demo
L010575,2026-04-07,Technology,201-1000,Supplier request,15.88,6,0,synthetic_demo
L002451,2026-04-07,Technology,201-1000,Bulk order,0.98,3,0,synthetic_demo
L001039,2026-04-08,Retail,1-50,Product enquiry,5.57,3,1,synthetic_demo
L006237,2026-04-08,Retail,201-1000,Price quote,7.99,3,0,synthetic_demo
L011177,2026-04-08,Retail,1-50,Product enquiry,6.04,1,0,synthetic_demo
L006229,2026-04-08,Retail,1-50,Bulk order,8.91,1,0,synthetic_demo
L006105,2026-04-08,Retail,1-50,Price quote,3.83,2,0,synthetic_demo
L006206,2026-04-08,Technology,51-200,Price quote,13.62,4,0,synthetic_demo
L008664,2026-04-08,Construction,1-50,Bulk order,8.52,3,0,synthetic_demo
L006396,2026-04-08,Technology,201-1000,Product enquiry,10.33,0,0,synthetic_demo
L011546,2026-04-08,Technology,201-1000,Bulk order,23.2,0,1,synthetic_demo
L000029,2026-04-08,Manufacturing,51-200,Bulk order,22.0,1,0,synthetic_demo
L005306,2026-04-08,Healthcare,1001+,Price quote,4.75,3,0,synthetic_demo
L000947,2026-04-08,Technology,1-50,Product enquiry,4.52,2,1,synthetic_demo
L009959,2026-04-08,Retail,1-50,Supplier request,21.99,3,0,synthetic_demo
L004413,2026-04-08,Technology,201-1000,Product enquiry,6.25,5,0,synthetic_demo
L008015,2026-04-08,Manufacturing,1-50,Product enquiry,18.62,2,0,synthetic_demo
L011926,2026-04-08,Retail,51-200,Bulk order,17.52,3,0,synthetic_demo
L004766,2026-04-08,Retail,1001+,Product enquiry,15.08,2,0,synthetic_demo
L001019,2026-04-08,Manufacturing,51-200,Product enquiry,8.19,3,0,synthetic_demo
L002295,2026-04-08,Retail,51-200,Price quote,8.0,0,0,synthetic_demo
L011641,2026-04-08,Technology,1-50,Price quote,4.8,2,0,synthetic_demo
L011892,2026-04-08,Manufacturing,1-50,Price quote,8.61,2,1,synthetic_demo
L001005,2026-04-08,Healthcare,51-200,Supplier request,6.1,8,0,synthetic_demo
L003941,2026-04-08,Manufacturing,51-200,Price quote,7.2,2,0,synthetic_demo
L001806,2026-04-08,Technology,1-50,Product enquiry,15.46,3,0,synthetic_demo
L006754,2026-04-08,Construction,1-50,Bulk order,3.53,0,0,synthetic_demo
L010353,2026-04-08,Healthcare,51-200,Bulk order,3.08,2,1,synthetic_demo
L008376,2026-04-08,Healthcare,1-50,Product enquiry,19.59,6,0,synthetic_demo
L005149,2026-04-08,Construction,1-50,Bulk order,18.06,5,1,synthetic_demo
L010372,2026-04-08,Manufacturing,1-50,Product enquiry,13.19,0,0,synthetic_demo
L008370,2026-04-08,Manufacturing,51-200,Product enquiry,15.57,4,0,synthetic_demo
L005987,2026-04-08,Manufacturing,1-50,Product enquiry,14.3,5,1,synthetic_demo
L011906,2026-04-08,Technology,1-50,Supplier request,13.32,3,0,synthetic_demo
L011914,2026-04-08,Manufacturing,51-200,Product enquiry,15.86,4,0,synthetic_demo
L010407,2026-04-09,Technology,201-1000,Price quote,17.05,3,0,synthetic_demo
L011811,2026-04-09,Construction,1-50,Product enquiry,11.19,2,0,synthetic_demo
L003408,2026-04-09,Manufacturing,1-50,Product enquiry,3.78,4,0,synthetic_demo
L008166,2026-04-09,Technology,201-1000,Bulk order,20.53,4,0,synthetic_demo
L001730,2026-04-09,Retail,1001+,Price quote,13.27,3,0,synthetic_demo
L003498,2026-04-09,Technology,51-200,Supplier request,20.51,3,0,synthetic_demo
L009335,2026-04-09,Technology,1001+,Price quote,11.64,0,0,synthetic_demo
L008324,2026-04-09,Construction,51-200,Product enquiry,9.0,3,0,synthetic_demo
L004176,2026-04-09,Healthcare,201-1000,Product enquiry,20.82,5,0,synthetic_demo
L009182,2026-04-09,Manufacturing,1-50,Product enquiry,7.12,1,0,synthetic_demo
L008512,2026-04-09,Healthcare,1-50,Price quote,3.94,1,0,synthetic_demo
L005184,2026-04-09,Technology,1-50,Supplier request,18.37,1,0,synthetic_demo
L002467,2026-04-09,Technology,1-50,Price quote,30.16,2,0,synthetic_demo
L006726,2026-04-09,Retail,201-1000,Bulk order,15.3,1,0,synthetic_demo
L002520,2026-04-09,Manufacturing,51-200,Bulk order,11.19,2,0,synthetic_demo
L008645,2026-04-09,Retail,201-1000,Product enquiry,8.0,4,1,synthetic_demo
L011078,2026-04-09,Healthcare,1001+,Bulk order,14.83,2,0,synthetic_demo
L006558,2026-04-09,Manufacturing,1-50,Bulk order,22.87,0,0,synthetic_demo
L005293,2026-04-09,Construction,1001+,Price quote,3.29,2,0,synthetic_demo
L002059,2026-04-09,Manufacturing,1-50,Price quote,14.87,1,0,synthetic_demo
L005134,2026-04-09,Retail,1-50,Supplier request,3.54,2,0,synthetic_demo
L010768,2026-04-09,Retail,1001+,Price quote,2.99,1,0,synthetic_demo
L010207,2026-04-09,Healthcare,51-200,Bulk order,10.26,3,0,synthetic_demo
L002938,2026-04-09,Manufacturing,1-50,Supplier request,9.47,3,0,synthetic_demo
L007818,2026-04-09,Technology,51-200,Product enquiry,4.13,1,0,synthetic_demo
L009213,2026-04-10,Manufacturing,1-50,Price quote,13.42,3,0,synthetic_demo
L011232,2026-04-10,Construction,201-1000,Price quote,15.91,1,0,synthetic_demo
L011528,2026-04-10,Technology,51-200,Product enquiry,4.86,2,0,synthetic_demo
L008184,2026-04-10,Manufacturing,1001+,Bulk order,4.48,4,0,synthetic_demo
L002458,2026-04-10,Manufacturing,1-50,Bulk order,2.61,0,0,synthetic_demo
L011074,2026-04-10,Retail,51-200,Bulk order,13.51,1,0,synthetic_demo
L001255,2026-04-10,Manufacturing,201-1000,Bulk order,4.19,5,1,synthetic_demo
L001644,2026-04-10,Manufacturing,1-50,Bulk order,0.6,3,0,synthetic_demo
L002820,2026-04-10,Construction,51-200,Bulk order,18.4,1,0,synthetic_demo
L007375,2026-04-10,Healthcare,51-200,Product enquiry,1.85,1,0,synthetic_demo
L007965,2026-04-10,Manufacturing,1-50,Price quote,24.51,4,0,synthetic_demo
L005522,2026-04-10,Manufacturing,51-200,Price quote,15.99,3,0,synthetic_demo
L011875,2026-04-10,Healthcare,51-200,Supplier request,10.48,5,0,synthetic_demo
L001718,2026-04-10,Healthcare,1-50,Supplier request,3.24,3,0,synthetic_demo
L004913,2026-04-10,Retail,51-200,Product enquiry,0.78,3,0,synthetic_demo
L000455,2026-04-10,Manufacturing,51-200,Price quote,24.53,0,0,synthetic_demo
L006434,2026-04-10,Construction,51-200,Bulk order,17.24,0,1,synthetic_demo
L002946,2026-04-10,Retail,51-200,Price quote,2.33,1,0,synthetic_demo
L011936,2026-04-10,Healthcare,51-200,Price quote,3.08,1,0,synthetic_demo
L005658,2026-04-10,Technology,51-200,Bulk order,12.59,0,1,synthetic_demo
L009412,2026-04-10,Retail,201-1000,Product enquiry,14.67,5,0,synthetic_demo
L002726,2026-04-10,Technology,201-1000,Bulk order,1.66,2,0,synthetic_demo
L005938,2026-04-11,Retail,201-1000,Supplier request,18.08,4,0,synthetic_demo
L001337,2026-04-11,Manufacturing,1-50,Product enquiry,19.83,2,0,synthetic_demo
L006770,2026-04-11,Retail,1001+,Product enquiry,19.94,3,0,synthetic_demo
L000323,2026-04-11,Retail,1-50,Supplier request,15.77,1,0,synthetic_demo
L009178,2026-04-11,Healthcare,201-1000,Supplier request,20.46,1,0,synthetic_demo
L008118,2026-04-11,Retail,1-50,Price quote,11.76,2,0,synthetic_demo
L004534,2026-04-11,Retail,1001+,Price quote,3.01,1,1,synthetic_demo
L002165,2026-04-11,Construction,1-50,Supplier request,4.1,3,0,synthetic_demo
L009999,2026-04-11,Retail,51-200,Price quote,13.19,1,0,synthetic_demo
L005433,2026-04-11,Technology,1-50,Price quote,4.07,4,1,synthetic_demo
L007305,2026-04-11,Healthcare,1001+,Price quote,8.2,1,0,synthetic_demo
L004944,2026-04-11,Construction,1001+,Bulk order,9.79,2,1,synthetic_demo
L008851,2026-04-11,Retail,51-200,Bulk order,3.46,0,0,synthetic_demo
L009872,2026-04-11,Technology,1001+,Bulk order,8.37,1,0,synthetic_demo
L008270,2026-04-11,Retail,51-200,Product enquiry,10.18,4,0,synthetic_demo
L002048,2026-04-11,Healthcare,1001+,Price quote,21.96,3,0,synthetic_demo
L007461,2026-04-11,Retail,1-50,Bulk order,8.16,2,0,synthetic_demo
L003531,2026-04-11,Manufacturing,1001+,Supplier request,13.74,2,1,synthetic_demo
L005144,2026-04-12,Construction,1-50,Bulk order,5.75,3,0,synthetic_demo
L009848,2026-04-12,Retail,1-50,Supplier request,15.12,3,0,synthetic_demo
L007549,2026-04-12,Manufacturing,51-200,Product enquiry,12.01,2,0,synthetic_demo
L011002,2026-04-12,Manufacturing,1-50,Product enquiry,27.34,1,0,synthetic_demo
L005018,2026-04-12,Retail,51-200,Price quote,12.47,3,0,synthetic_demo
L000686,2026-04-12,Retail,51-200,Bulk order,8.24,1,0,synthetic_demo
L011856,2026-04-12,Retail,51-200,Product enquiry,14.05,2,0,synthetic_demo
L009476,2026-04-12,Construction,1-50,Bulk order,5.79,1,0,synthetic_demo
L005798,2026-04-12,Construction,51-200,Bulk order,10.7,0,0,synthetic_demo
L000122,2026-04-12,Healthcare,201-1000,Product enquiry,9.67,4,0,synthetic_demo
L000670,2026-04-12,Retail,1001+,Product enquiry,5.87,3,0,synthetic_demo
L008612,2026-04-12,Technology,1001+,Supplier request,16.27,3,1,synthetic_demo
L007746,2026-04-12,Healthcare,201-1000,Price quote,3.55,2,0,synthetic_demo
L004151,2026-04-12,Manufacturing,1-50,Supplier request,20.51,1,0,synthetic_demo
L004193,2026-04-12,Healthcare,1001+,Supplier request,22.71,5,1,synthetic_demo
L008252,2026-04-12,Manufacturing,1001+,Supplier request,8.32,0,0,synthetic_demo
L001171,2026-04-12,Retail,1001+,Product enquiry,2.71,1,1,synthetic_demo
L007128,2026-04-12,Retail,1-50,Price quote,16.83,4,0,synthetic_demo
L005573,2026-04-12,Healthcare,51-200,Product enquiry,26.17,1,0,synthetic_demo
L011532,2026-04-12,Manufacturing,1001+,Bulk order,2.12,3,1,synthetic_demo
L009042,2026-04-12,Manufacturing,51-200,Supplier request,10.36,4,1,synthetic_demo
L007816,2026-04-12,Retail,1-50,Product enquiry,13.91,2,0,synthetic_demo
L007133,2026-04-12,Manufacturing,201-1000,Bulk order,13.97,4,1,synthetic_demo
L008280,2026-04-12,Retail,201-1000,Price quote,5.63,3,1,synthetic_demo
L009519,2026-04-12,Retail,1-50,Supplier request,8.29,0,0,synthetic_demo
L006657,2026-04-12,Healthcare,201-1000,Price quote,12.97,0,0,synthetic_demo
L009636,2026-04-12,Manufacturing,1-50,Supplier request,15.4,2,0,synthetic_demo
L007377,2026-04-12,Manufacturing,51-200,Price quote,5.95,2,0,synthetic_demo
L004566,2026-04-12,Technology,201-1000,Bulk order,4.33,1,1,synthetic_demo
L011088,2026-04-12,Healthcare,201-1000,Price quote,6.59,2,1,synthetic_demo
L000424,2026-04-12,Manufacturing,1-50,Supplier request,7.19,2,0,synthetic_demo
L009775,2026-04-12,Technology,51-200,Price quote,7.07,2,0,synthetic_demo
L006205,2026-04-12,Manufacturing,1-50,Bulk order,5.68,2,0,synthetic_demo
L004291,2026-04-12,Manufacturing,51-200,Product enquiry,11.07,0,0,synthetic_demo
L008651,2026-04-12,Retail,1-50,Supplier request,9.31,2,0,synthetic_demo
L010702,2026-04-12,Retail,51-200,Price quote,8.13,2,1,synthetic_demo
L007441,2026-04-13,Construction,1-50,Bulk order,12.77,8,0,synthetic_demo
L004697,2026-04-13,Retail,1-50,Bulk order,7.67,2,0,synthetic_demo
L010054,2026-04-13,Retail,1-50,Price quote,6.32,2,0,synthetic_demo
L005008,2026-04-13,Technology,51-200,Price quote,4.15,1,0,synthetic_demo
L005251,2026-04-13,Retail,201-1000,Bulk order,13.02,0,0,synthetic_demo
L009644,2026-04-13,Manufacturing,51-200,Product enquiry,13.58,1,0,synthetic_demo
L009753,2026-04-13,Retail,1001+,Price quote,15.11,4,0,synthetic_demo
L009441,2026-04-13,Healthcare,1-50,Supplier request,21.52,1,0,synthetic_demo
L000647,2026-04-13,Manufacturing,1-50,Product enquiry,10.12,4,0,synthetic_demo
L003055,2026-04-13,Healthcare,201-1000,Bulk order,15.97,0,0,synthetic_demo
L007853,2026-04-13,Healthcare,51-200,Supplier request,15.89,3,0,synthetic_demo
L006552,2026-04-13,Manufacturing,51-200,Supplier request,2.27,5,0,synthetic_demo
L002637,2026-04-13,Retail,201-1000,Price quote,17.4,0,0,synthetic_demo
L002616,2026-04-13,Healthcare,1-50,Product enquiry,15.16,1,0,synthetic_demo
L002432,2026-04-13,Technology,201-1000,Price quote,8.68,0,0,synthetic_demo
L006416,2026-04-13,Manufacturing,51-200,Bulk order,13.17,1,0,synthetic_demo
L011033,2026-04-13,Construction,1-50,Supplier request,6.02,1,0,synthetic_demo
L002245,2026-04-13,Retail,51-200,Bulk order,18.07,1,0,synthetic_demo
L003604,2026-04-13,Manufacturing,1-50,Bulk order,16.18,2,0,synthetic_demo
L007712,2026-04-13,Technology,1-50,Bulk order,1.69,2,1,synthetic_demo
L007244,2026-04-13,Technology,201-1000,Bulk order,15.41,3,1,synthetic_demo
L000914,2026-04-13,Construction,1001+,Supplier request,10.59,2,1,synthetic_demo
L006811,2026-04-13,Manufacturing,201-1000,Price quote,18.55,2,0,synthetic_demo
L003723,2026-04-13,Construction,201-1000,Product enquiry,24.34,1,0,synthetic_demo
L005678,2026-04-13,Healthcare,51-200,Supplier request,5.86,2,0,synthetic_demo
L011813,2026-04-13,Construction,1-50,Bulk order,5.57,2,0,synthetic_demo
L011429,2026-04-13,Manufacturing,51-200,Product enquiry,14.36,6,0,synthetic_demo
L004051,2026-04-13,Construction,201-1000,Bulk order,19.49,3,0,synthetic_demo
L000990,2026-04-13,Technology,1-50,Product enquiry,14.75,4,0,synthetic_demo
L000655,2026-04-13,Construction,1-50,Price quote,11.04,1,0,synthetic_demo
L000433,2026-04-13,Technology,1-50,Bulk order,10.65,6,0,synthetic_demo
L002035,2026-04-13,Manufacturing,51-200,Bulk order,11.39,2,0,synthetic_demo
L011131,2026-04-13,Manufacturing,201-1000,Bulk order,9.49,4,1,synthetic_demo
L000972,2026-04-14,Manufacturing,51-200,Bulk order,1.95,0,0,synthetic_demo
L006454,2026-04-14,Retail,201-1000,Bulk order,3.44,4,1,synthetic_demo
L001767,2026-04-14,Construction,201-1000,Price quote,14.76,2,0,synthetic_demo
L000668,2026-04-14,Construction,201-1000,Bulk order,4.36,5,1,synthetic_demo
L004156,2026-04-14,Manufacturing,201-1000,Price quote,7.7,1,1,synthetic_demo
L002892,2026-04-14,Construction,51-200,Product enquiry,10.7,3,0,synthetic_demo
L000112,2026-04-14,Manufacturing,51-200,Product enquiry,7.96,4,0,synthetic_demo
L008215,2026-04-14,Manufacturing,201-1000,Supplier request,9.83,1,1,synthetic_demo
L009936,2026-04-14,Retail,201-1000,Product enquiry,9.66,3,1,synthetic_demo
L011337,2026-04-14,Manufacturing,201-1000,Price quote,3.89,2,0,synthetic_demo
L011986,2026-04-14,Retail,51-200,Bulk order,10.03,1,1,synthetic_demo
L002761,2026-04-14,Technology,51-200,Supplier request,9.66,1,0,synthetic_demo
L007131,2026-04-14,Retail,51-200,Product enquiry,18.36,4,0,synthetic_demo
L004930,2026-04-14,Retail,1-50,Product enquiry,9.18,6,0,synthetic_demo
L005233,2026-04-14,Retail,201-1000,Supplier request,4.13,0,1,synthetic_demo
L002696,2026-04-14,Manufacturing,201-1000,Price quote,4.4,7,1,synthetic_demo
L002502,2026-04-14,Technology,1001+,Supplier request,3.75,3,1,synthetic_demo
L011035,2026-04-14,Construction,51-200,Price quote,5.68,2,1,synthetic_demo
L002390,2026-04-14,Manufacturing,1-50,Price quote,3.73,1,0,synthetic_demo
L005017,2026-04-14,Healthcare,201-1000,Supplier request,3.79,3,0,synthetic_demo
L004794,2026-04-14,Construction,51-200,Price quote,3.77,5,0,synthetic_demo
L007599,2026-04-14,Retail,51-200,Product enquiry,9.61,2,0,synthetic_demo
L005383,2026-04-14,Technology,1001+,Supplier request,12.47,3,0,synthetic_demo
L006038,2026-04-14,Retail,201-1000,Bulk order,14.63,1,0,synthetic_demo
L010539,2026-04-14,Healthcare,201-1000,Supplier request,12.55,2,0,synthetic_demo
L005375,2026-04-14,Technology,51-200,Product enquiry,4.14,0,0,synthetic_demo
L003416,2026-04-14,Manufacturing,1-50,Price quote,24.46,1,0,synthetic_demo
L005960,2026-04-14,Retail,51-200,Price quote,27.76,3,0,synthetic_demo
L005461,2026-04-14,Technology,201-1000,Price quote,9.0,2,0,synthetic_demo
L011545,2026-04-14,Retail,201-1000,Supplier request,7.87,4,0,synthetic_demo
L000206,2026-04-14,Manufacturing,201-1000,Price quote,9.92,2,0,synthetic_demo
L006134,2026-04-14,Manufacturing,51-200,Price quote,7.49,1,0,synthetic_demo
L010568,2026-04-14,Technology,1-50,Bulk order,1.67,2,0,synthetic_demo
L005998,2026-04-14,Technology,51-200,Supplier request,15.1,3,0,synthetic_demo
L010359,2026-04-14,Technology,201-1000,Price quote,11.51,2,0,synthetic_demo
L010571,2026-04-14,Healthcare,51-200,Supplier request,3.7,1,0,synthetic_demo
L005432,2026-04-14,Retail,1-50,Bulk order,15.06,0,0,synthetic_demo
L008444,2026-04-14,Retail,51-200,Product enquiry,7.12,1,0,synthetic_demo
L005718,2026-04-14,Construction,51-200,Bulk order,12.64,2,0,synthetic_demo
L001348,2026-04-14,Retail,201-1000,Price quote,5.52,3,1,synthetic_demo
L011842,2026-04-14,Construction,51-200,Bulk order,12.44,2,0,synthetic_demo
L001452,2026-04-14,Healthcare,201-1000,Product enquiry,10.21,3,0,synthetic_demo
L008841,2026-04-15,Manufacturing,51-200,Price quote,5.27,1,0,synthetic_demo
L007230,2026-04-15,Construction,1-50,Price quote,12.61,1,0,synthetic_demo
L000936,2026-04-15,Manufacturing,1-50,Supplier request,4.52,1,0,synthetic_demo
L011273,2026-04-15,Construction,201-1000,Bulk order,1.55,3,0,synthetic_demo
L010395,2026-04-15,Healthcare,201-1000,Price quote,3.55,4,1,synthetic_demo
L009300,2026-04-15,Manufacturing,51-200,Product enquiry,5.16,1,0,synthetic_demo
L007015,2026-04-15,Manufacturing,1-50,Supplier request,5.0,4,0,synthetic_demo
L008123,2026-04-15,Technology,1001+,Price quote,16.35,3,0,synthetic_demo
L006934,2026-04-15,Technology,201-1000,Supplier request,1.65,5,1,synthetic_demo
L004108,2026-04-15,Technology,201-1000,Bulk order,11.48,1,0,synthetic_demo
L008046,2026-04-15,Manufacturing,51-200,Supplier request,31.07,4,0,synthetic_demo
L002090,2026-04-15,Retail,1-50,Bulk order,9.65,2,0,synthetic_demo
L011580,2026-04-15,Healthcare,51-200,Price quote,2.66,2,0,synthetic_demo
L002302,2026-04-15,Technology,201-1000,Product enquiry,8.47,0,0,synthetic_demo
L004560,2026-04-15,Technology,1-50,Price quote,5.68,2,0,synthetic_demo
L007488,2026-04-15,Manufacturing,201-1000,Bulk order,4.4,2,1,synthetic_demo
L005345,2026-04-15,Retail,1-50,Supplier request,6.05,2,0,synthetic_demo
L007925,2026-04-15,Technology,1-50,Supplier request,7.6,4,0,synthetic_demo
L003242,2026-04-15,Healthcare,201-1000,Product enquiry,12.02,2,0,synthetic_demo
L006478,2026-04-15,Retail,51-200,Product enquiry,15.35,3,0,synthetic_demo
L010100,2026-04-15,Manufacturing,1-50,Bulk order,16.7,2,0,synthetic_demo
L000602,2026-04-15,Technology,1001+,Product enquiry,14.52,4,1,synthetic_demo
L006201,2026-04-15,Healthcare,201-1000,Price quote,15.55,4,0,synthetic_demo
L011921,2026-04-15,Technology,1-50,Price quote,3.13,2,0,synthetic_demo
L000727,2026-04-15,Manufacturing,1001+,Product enquiry,8.32,3,0,synthetic_demo
L007824,2026-04-15,Manufacturing,201-1000,Bulk order,13.91,2,0,synthetic_demo
L009857,2026-04-15,Technology,1001+,Bulk order,21.18,2,1,synthetic_demo
L007970,2026-04-15,Manufacturing,1-50,Product enquiry,13.23,3,0,synthetic_demo
L010809,2026-04-15,Manufacturing,1-50,Bulk order,12.49,3,1,synthetic_demo
L007926,2026-04-16,Manufacturing,201-1000,Product enquiry,7.01,0,1,synthetic_demo
L008171,2026-04-16,Construction,201-1000,Supplier request,10.66,0,0,synthetic_demo
L000641,2026-04-16,Technology,51-200,Bulk order,29.58,4,1,synthetic_demo
L011797,2026-04-16,Retail,51-200,Price quote,4.98,2,0,synthetic_demo
L008307,2026-04-16,Technology,1-50,Price quote,21.76,1,0,synthetic_demo
L001428,2026-04-16,Manufacturing,51-200,Bulk order,5.47,2,1,synthetic_demo
L011271,2026-04-16,Retail,1-50,Product enquiry,19.27,2,0,synthetic_demo
L003989,2026-04-16,Construction,1-50,Price quote,13.42,0,0,synthetic_demo
L008844,2026-04-16,Healthcare,201-1000,Bulk order,25.64,2,0,synthetic_demo
L005989,2026-04-16,Construction,201-1000,Price quote,12.72,4,0,synthetic_demo
L001962,2026-04-16,Retail,1-50,Price quote,5.53,2,1,synthetic_demo
L010443,2026-04-16,Construction,201-1000,Product enquiry,5.87,2,0,synthetic_demo
L004590,2026-04-16,Construction,51-200,Price quote,10.62,0,0,synthetic_demo
L010450,2026-04-16,Retail,201-1000,Product enquiry,5.27,0,0,synthetic_demo
L010514,2026-04-16,Retail,201-1000,Price quote,0.43,3,0,synthetic_demo
L006700,2026-04-16,Healthcare,51-200,Bulk order,6.15,3,0,synthetic_demo
L006381,2026-04-16,Technology,1-50,Product enquiry,1.2,2,0,synthetic_demo
L009456,2026-04-16,Manufacturing,201-1000,Bulk order,4.53,0,0,synthetic_demo
L006204,2026-04-16,Manufacturing,1-50,Product enquiry,11.63,4,1,synthetic_demo
L009604,2026-04-16,Retail,51-200,Product enquiry,25.76,1,0,synthetic_demo
L006691,2026-04-16,Retail,1-50,Bulk order,21.96,1,0,synthetic_demo
L002982,2026-04-16,Retail,201-1000,Product enquiry,17.33,1,0,synthetic_demo
L010730,2026-04-16,Construction,201-1000,Product enquiry,8.17,5,0,synthetic_demo
L009473,2026-04-16,Manufacturing,1001+,Bulk order,4.17,3,0,synthetic_demo
L003897,2026-04-16,Retail,1-50,Supplier request,3.93,2,1,synthetic_demo
L010122,2026-04-16,Manufacturing,1001+,Product enquiry,7.89,3,0,synthetic_demo
L007480,2026-04-16,Construction,51-200,Supplier request,10.17,0,0,synthetic_demo
L002634,2026-04-16,Healthcare,201-1000,Price quote,7.66,3,1,synthetic_demo
L002667,2026-04-16,Construction,1-50,Product enquiry,5.3,1,0,synthetic_demo
L002022,2026-04-17,Manufacturing,1-50,Product enquiry,17.94,2,0,synthetic_demo
L011900,2026-04-17,Construction,1-50,Product enquiry,1.93,1,0,synthetic_demo
L010232,2026-04-17,Technology,51-200,Supplier request,11.54,0,0,synthetic_demo
L000211,2026-04-17,Technology,201-1000,Supplier request,7.02,3,0,synthetic_demo
L008254,2026-04-17,Technology,1-50,Supplier request,12.42,5,0,synthetic_demo
L002807,2026-04-17,Retail,51-200,Bulk order,20.74,1,0,synthetic_demo
L003084,2026-04-17,Technology,201-1000,Product enquiry,1.59,2,0,synthetic_demo
L003735,2026-04-17,Manufacturing,201-1000,Price quote,14.52,2,1,synthetic_demo
L009664,2026-04-17,Technology,51-200,Product enquiry,3.36,3,1,synthetic_demo
L003738,2026-04-17,Technology,1001+,Bulk order,6.26,3,0,synthetic_demo
L005486,2026-04-17,Construction,1-50,Supplier request,4.05,7,1,synthetic_demo
L003850,2026-04-17,Retail,1001+,Price quote,3.71,3,0,synthetic_demo
L003444,2026-04-17,Retail,1-50,Price quote,10.71,0,0,synthetic_demo
L006951,2026-04-17,Healthcare,1001+,Price quote,23.42,1,0,synthetic_demo
L002101,2026-04-17,Technology,1-50,Product enquiry,14.63,3,0,synthetic_demo
L001560,2026-04-17,Construction,201-1000,Product enquiry,14.1,2,1,synthetic_demo
L005595,2026-04-17,Healthcare,1001+,Product enquiry,6.16,2,0,synthetic_demo
L010321,2026-04-17,Technology,201-1000,Bulk order,16.28,1,0,synthetic_demo
L003224,2026-04-17,Technology,51-200,Supplier request,2.42,1,0,synthetic_demo
L003442,2026-04-17,Manufacturing,1001+,Supplier request,23.3,2,0,synthetic_demo
L010002,2026-04-17,Technology,51-200,Price quote,2.17,4,0,synthetic_demo
L007883,2026-04-17,Retail,1-50,Supplier request,5.5,2,0,synthetic_demo
L006133,2026-04-17,Technology,1-50,Product enquiry,4.23,2,0,synthetic_demo
L010015,2026-04-17,Construction,1-50,Bulk order,47.68,0,0,synthetic_demo
L007462,2026-04-17,Healthcare,201-1000,Product enquiry,10.47,3,0,synthetic_demo
L011241,2026-04-17,Technology,1001+,Price quote,14.43,1,0,synthetic_demo
L009163,2026-04-17,Technology,51-200,Bulk order,14.71,2,0,synthetic_demo
L001694,2026-04-17,Technology,1-50,Price quote,9.67,1,0,synthetic_demo
L009703,2026-04-17,Construction,51-200,Bulk order,14.67,4,1,synthetic_demo
L002220,2026-04-17,Retail,1-50,Price quote,7.52,1,0,synthetic_demo
L003216,2026-04-17,Technology,51-200,Bulk order,4.71,0,0,synthetic_demo
L000927,2026-04-17,Manufacturing,201-1000,Product enquiry,15.72,1,0,synthetic_demo
L005154,2026-04-17,Manufacturing,51-200,Bulk order,4.53,3,1,synthetic_demo
L005709,2026-04-17,Manufacturing,201-1000,Bulk order,12.5,1,0,synthetic_demo
L009146,2026-04-17,Technology,1-50,Bulk order,6.79,5,0,synthetic_demo
L010966,2026-04-17,Manufacturing,51-200,Bulk order,9.24,0,0,synthetic_demo
L000235,2026-04-18,Construction,1001+,Bulk order,7.19,3,0,synthetic_demo
L006575,2026-04-18,Retail,51-200,Bulk order,10.89,5,0,synthetic_demo
L007040,2026-04-18,Construction,201-1000,Product enquiry,9.93,0,0,synthetic_demo
L011188,2026-04-18,Healthcare,201-1000,Product enquiry,4.5,1,0,synthetic_demo
L006075,2026-04-18,Technology,51-200,Bulk order,8.36,2,1,synthetic_demo
L001965,2026-04-18,Technology,201-1000,Supplier request,3.67,3,0,synthetic_demo
L008856,2026-04-18,Manufacturing,51-200,Price quote,15.45,4,0,synthetic_demo
L006060,2026-04-18,Construction,201-1000,Bulk order,13.65,4,0,synthetic_demo
L003340,2026-04-18,Healthcare,51-200,Product enquiry,2.75,2,0,synthetic_demo
L009256,2026-04-18,Manufacturing,1-50,Price quote,10.4,2,0,synthetic_demo
L003559,2026-04-18,Healthcare,1-50,Supplier request,7.07,5,0,synthetic_demo
L005234,2026-04-18,Retail,201-1000,Product enquiry,9.41,1,0,synthetic_demo
L011666,2026-04-18,Technology,51-200,Supplier request,1.81,0,0,synthetic_demo
L000010,2026-04-18,Retail,51-200,Price quote,15.51,2,0,synthetic_demo
L004998,2026-04-18,Retail,201-1000,Price quote,15.53,1,0,synthetic_demo
L010729,2026-04-18,Technology,1-50,Product enquiry,4.5,3,1,synthetic_demo
L008935,2026-04-18,Technology,51-200,Price quote,10.2,0,0,synthetic_demo
L004020,2026-04-18,Technology,1001+,Supplier request,7.25,2,0,synthetic_demo
L004875,2026-04-18,Healthcare,201-1000,Product enquiry,23.81,2,1,synthetic_demo
L008328,2026-04-18,Healthcare,51-200,Product enquiry,19.65,5,0,synthetic_demo
L006911,2026-04-18,Technology,1-50,Bulk order,8.84,4,0,synthetic_demo
L003965,2026-04-18,Retail,51-200,Product enquiry,1.53,4,0,synthetic_demo
L009517,2026-04-18,Construction,201-1000,Supplier request,26.77,4,0,synthetic_demo
L011969,2026-04-18,Healthcare,201-1000,Bulk order,8.5,4,1,synthetic_demo
L011356,2026-04-18,Manufacturing,1-50,Product enquiry,23.02,4,0,synthetic_demo
L008903,2026-04-18,Technology,1-50,Supplier request,1.22,3,0,synthetic_demo
L002349,2026-04-19,Manufacturing,1001+,Product enquiry,2.87,3,0,synthetic_demo
L010380,2026-04-19,Manufacturing,51-200,Product enquiry,14.75,2,1,synthetic_demo
L005842,2026-04-19,Retail,51-200,Supplier request,25.24,1,0,synthetic_demo
L002370,2026-04-19,Healthcare,1001+,Product enquiry,8.93,4,1,synthetic_demo
L005831,2026-04-19,Technology,201-1000,Product enquiry,9.08,0,0,synthetic_demo
L006832,2026-04-19,Healthcare,201-1000,Product enquiry,3.85,2,0,synthetic_demo
L005525,2026-04-19,Retail,201-1000,Supplier request,14.4,1,0,synthetic_demo
L010521,2026-04-19,Construction,1-50,Product enquiry,11.41,1,0,synthetic_demo
L005533,2026-04-19,Healthcare,1-50,Bulk order,4.66,2,0,synthetic_demo
L002087,2026-04-19,Retail,1-50,Product enquiry,7.22,1,1,synthetic_demo
L002003,2026-04-19,Construction,201-1000,Product enquiry,6.51,2,0,synthetic_demo
L003710,2026-04-19,Technology,1-50,Price quote,13.48,3,0,synthetic_demo
L002174,2026-04-19,Manufacturing,51-200,Price quote,7.56,1,0,synthetic_demo
L000486,2026-04-19,Retail,201-1000,Bulk order,24.8,2,0,synthetic_demo
L000822,2026-04-19,Healthcare,1-50,Product enquiry,16.01,3,0,synthetic_demo
L002407,2026-04-19,Healthcare,51-200,Bulk order,29.25,4,0,synthetic_demo
L002415,2026-04-19,Retail,1-50,Bulk order,31.21,2,0,synthetic_demo
L006968,2026-04-19,Manufacturing,51-200,Product enquiry,4.71,3,0,synthetic_demo
L008554,2026-04-19,Technology,51-200,Product enquiry,3.64,1,0,synthetic_demo
L006747,2026-04-19,Healthcare,51-200,Product enquiry,3.12,2,0,synthetic_demo
L004297,2026-04-19,Retail,1-50,Product enquiry,4.16,5,0,synthetic_demo
L008520,2026-04-19,Manufacturing,201-1000,Price quote,2.42,1,0,synthetic_demo
L000881,2026-04-19,Retail,1-50,Bulk order,7.01,2,1,synthetic_demo
L011085,2026-04-19,Retail,1-50,Product enquiry,3.99,0,0,synthetic_demo
L011805,2026-04-19,Technology,51-200,Product enquiry,7.0,1,0,synthetic_demo
L003608,2026-04-19,Manufacturing,51-200,Product enquiry,7.84,0,0,synthetic_demo
L011106,2026-04-19,Manufacturing,51-200,Product enquiry,4.03,3,0,synthetic_demo
L006640,2026-04-19,Retail,1001+,Price quote,0.48,3,0,synthetic_demo
L006101,2026-04-19,Healthcare,51-200,Supplier request,33.84,2,0,synthetic_demo
L008495,2026-04-19,Healthcare,1-50,Bulk order,12.09,4,1,synthetic_demo
L006332,2026-04-19,Construction,201-1000,Product enquiry,9.16,1,0,synthetic_demo
L009922,2026-04-19,Healthcare,1-50,Price quote,33.91,1,0,synthetic_demo
L005378,2026-04-19,Technology,201-1000,Supplier request,5.68,0,0,synthetic_demo
L005100,2026-04-19,Construction,1001+,Bulk order,15.0,3,0,synthetic_demo
L009995,2026-04-19,Retail,1001+,Product enquiry,16.54,3,0,synthetic_demo
L001476,2026-04-19,Healthcare,51-200,Product enquiry,12.16,4,0,synthetic_demo
L010006,2026-04-19,Manufacturing,51-200,Supplier request,9.82,0,0,synthetic_demo
L009777,2026-04-19,Manufacturing,1-50,Product enquiry,12.49,2,0,synthetic_demo
L005125,2026-04-19,Healthcare,1-50,Bulk order,10.66,3,0,synthetic_demo
L008795,2026-04-19,Healthcare,1-50,Price quote,1.18,2,0,synthetic_demo
L001183,2026-04-19,Manufacturing,1-50,Product enquiry,14.78,1,0,synthetic_demo
L007520,2026-04-19,Manufacturing,51-200,Supplier request,17.18,2,0,synthetic_demo
L007148,2026-04-19,Technology,201-1000,Product enquiry,2.81,2,0,synthetic_demo
L008453,2026-04-19,Manufacturing,1-50,Product enquiry,14.85,4,0,synthetic_demo
L009774,2026-04-19,Healthcare,1-50,Supplier request,7.91,6,0,synthetic_demo
L007170,2026-04-19,Manufacturing,51-200,Bulk order,15.62,1,0,synthetic_demo
L007257,2026-04-19,Retail,51-200,Supplier request,9.57,2,0,synthetic_demo
L010728,2026-04-19,Healthcare,1001+,Product enquiry,7.19,1,0,synthetic_demo
L011364,2026-04-19,Retail,1001+,Supplier request,17.74,1,0,synthetic_demo
L007326,2026-04-20,Retail,1-50,Price quote,1.59,1,1,synthetic_demo
L003267,2026-04-20,Manufacturing,51-200,Product enquiry,33.23,2,0,synthetic_demo
L010780,2026-04-20,Retail,201-1000,Product enquiry,3.65,4,0,synthetic_demo
L001465,2026-04-20,Technology,201-1000,Product enquiry,3.65,2,0,synthetic_demo
L009102,2026-04-20,Healthcare,51-200,Price quote,5.08,1,0,synthetic_demo
L009284,2026-04-20,Manufacturing,1-50,Product enquiry,4.93,2,1,synthetic_demo
L006959,2026-04-20,Retail,201-1000,Supplier request,34.0,0,0,synthetic_demo
L003263,2026-04-20,Manufacturing,51-200,Bulk order,9.0,3,0,synthetic_demo
L001503,2026-04-20,Retail,51-200,Bulk order,5.58,2,1,synthetic_demo
L011418,2026-04-20,Healthcare,51-200,Product enquiry,7.2,1,0,synthetic_demo
L006407,2026-04-20,Construction,51-200,Product enquiry,10.61,0,0,synthetic_demo
L005780,2026-04-20,Manufacturing,51-200,Product enquiry,9.38,4,1,synthetic_demo
L005974,2026-04-20,Construction,1001+,Price quote,10.13,3,0,synthetic_demo
L009468,2026-04-20,Healthcare,201-1000,Supplier request,20.37,1,0,synthetic_demo
L003681,2026-04-20,Technology,201-1000,Product enquiry,14.94,0,0,synthetic_demo
L009715,2026-04-20,Manufacturing,201-1000,Supplier request,11.24,3,1,synthetic_demo
L011844,2026-04-20,Healthcare,1001+,Product enquiry,14.26,3,0,synthetic_demo
L001314,2026-04-20,Manufacturing,201-1000,Product enquiry,21.87,2,0,synthetic_demo
L010340,2026-04-20,Technology,51-200,Product enquiry,8.76,1,0,synthetic_demo
L005014,2026-04-20,Technology,201-1000,Price quote,12.33,3,0,synthetic_demo
L009322,2026-04-20,Retail,51-200,Product enquiry,5.01,2,0,synthetic_demo
L003834,2026-04-20,Retail,51-200,Supplier request,3.71,1,0,synthetic_demo
L005057,2026-04-20,Healthcare,201-1000,Price quote,7.59,2,0,synthetic_demo
L009807,2026-04-20,Technology,1-50,Product enquiry,18.52,3,0,synthetic_demo
L004739,2026-04-20,Manufacturing,201-1000,Price quote,6.06,2,0,synthetic_demo
L004352,2026-04-20,Manufacturing,51-200,Bulk order,4.03,2,0,synthetic_demo
L004262,2026-04-20,Construction,1001+,Price quote,7.92,1,0,synthetic_demo
L011302,2026-04-20,Construction,1001+,Supplier request,39.85,2,0,synthetic_demo
L002542,2026-04-20,Retail,1001+,Price quote,2.02,3,1,synthetic_demo
L011310,2026-04-20,Manufacturing,51-200,Price quote,2.0,3,0,synthetic_demo
L009477,2026-04-20,Healthcare,201-1000,Product enquiry,8.77,4,0,synthetic_demo
L010007,2026-04-20,Retail,201-1000,Product enquiry,14.04,0,0,synthetic_demo
L004299,2026-04-20,Healthcare,1-50,Price quote,5.59,4,1,synthetic_demo
L003410,2026-04-20,Manufacturing,1-50,Price quote,7.94,2,0,synthetic_demo
L009486,2026-04-20,Manufacturing,201-1000,Bulk order,13.4,2,0,synthetic_demo
L001911,2026-04-20,Manufacturing,201-1000,Price quote,16.39,1,0,synthetic_demo
L009022,2026-04-20,Construction,1001+,Product enquiry,7.68,3,1,synthetic_demo
L000103,2026-04-20,Manufacturing,51-200,Supplier request,2.45,2,0,synthetic_demo
L004667,2026-04-20,Technology,201-1000,Bulk order,7.04,3,0,synthetic_demo
L001752,2026-04-20,Manufacturing,51-200,Product enquiry,4.43,1,0,synthetic_demo
L000535,2026-04-20,Manufacturing,51-200,Supplier request,17.01,1,0,synthetic_demo
L011985,2026-04-21,Manufacturing,201-1000,Price quote,9.04,2,0,synthetic_demo
L005107,2026-04-21,Manufacturing,1001+,Product enquiry,9.67,3,0,synthetic_demo
L009056,2026-04-21,Construction,51-200,Product enquiry,14.32,0,0,synthetic_demo
L000958,2026-04-21,Healthcare,51-200,Bulk order,4.73,1,0,synthetic_demo
L001933,2026-04-21,Technology,51-200,Bulk order,7.95,1,1,synthetic_demo
L010751,2026-04-21,Retail,201-1000,Price quote,10.56,5,1,synthetic_demo
L002614,2026-04-21,Technology,1-50,Product enquiry,14.66,2,0,synthetic_demo
L001293,2026-04-21,Healthcare,201-1000,Bulk order,12.32,2,1,synthetic_demo
L008944,2026-04-21,Technology,201-1000,Bulk order,10.24,0,0,synthetic_demo
L001198,2026-04-21,Technology,201-1000,Price quote,28.49,8,1,synthetic_demo
L003774,2026-04-21,Technology,1-50,Product enquiry,3.79,6,1,synthetic_demo
L010089,2026-04-21,Manufacturing,1-50,Bulk order,18.42,1,0,synthetic_demo
L000209,2026-04-21,Manufacturing,51-200,Product enquiry,10.89,4,0,synthetic_demo
L003128,2026-04-21,Manufacturing,1-50,Product enquiry,8.2,4,0,synthetic_demo
L002063,2026-04-21,Healthcare,201-1000,Bulk order,27.67,3,1,synthetic_demo
L009662,2026-04-21,Technology,1001+,Product enquiry,5.11,2,0,synthetic_demo
L006509,2026-04-21,Healthcare,51-200,Price quote,8.1,3,0,synthetic_demo
L005600,2026-04-21,Retail,51-200,Supplier request,11.87,2,0,synthetic_demo
L007938,2026-04-21,Manufacturing,1-50,Price quote,27.06,0,0,synthetic_demo
L009875,2026-04-21,Manufacturing,1-50,Bulk order,0.97,1,0,synthetic_demo
L003313,2026-04-21,Healthcare,51-200,Price quote,6.01,2,0,synthetic_demo
L005626,2026-04-21,Healthcare,201-1000,Product enquiry,23.93,3,0,synthetic_demo
L008739,2026-04-21,Technology,201-1000,Price quote,2.13,2,0,synthetic_demo
L004832,2026-04-21,Retail,201-1000,Price quote,8.92,1,0,synthetic_demo
L009298,2026-04-21,Construction,1-50,Product enquiry,6.34,1,1,synthetic_demo
L001111,2026-04-21,Manufacturing,51-200,Price quote,12.02,2,0,synthetic_demo
L006999,2026-04-21,Construction,201-1000,Supplier request,14.17,4,0,synthetic_demo
L010189,2026-04-21,Manufacturing,1-50,Supplier request,5.94,5,0,synthetic_demo
L003315,2026-04-21,Retail,51-200,Price quote,5.49,2,0,synthetic_demo
L011142,2026-04-21,Retail,51-200,Supplier request,10.83,1,0,synthetic_demo
L002918,2026-04-21,Construction,1-50,Product enquiry,9.61,5,0,synthetic_demo
L011719,2026-04-21,Healthcare,1-50,Bulk order,1.59,4,0,synthetic_demo
L010241,2026-04-21,Retail,51-200,Price quote,4.49,2,0,synthetic_demo
L001063,2026-04-21,Manufacturing,51-200,Product enquiry,4.81,2,0,synthetic_demo
L003261,2026-04-21,Manufacturing,51-200,Price quote,16.41,1,0,synthetic_demo
L002656,2026-04-22,Construction,1-50,Bulk order,12.87,2,0,synthetic_demo
L007997,2026-04-22,Manufacturing,51-200,Price quote,5.06,1,0,synthetic_demo
L010980,2026-04-22,Healthcare,1-50,Supplier request,31.24,1,0,synthetic_demo
L002748,2026-04-22,Manufacturing,51-200,Price quote,1.81,1,0,synthetic_demo
L003496,2026-04-22,Technology,201-1000,Bulk order,3.88,2,0,synthetic_demo
L010685,2026-04-22,Technology,51-200,Price quote,4.27,5,0,synthetic_demo
L003418,2026-04-22,Technology,201-1000,Bulk order,8.51,0,0,synthetic_demo
L002570,2026-04-22,Construction,1001+,Product enquiry,6.14,3,0,synthetic_demo
L008443,2026-04-22,Retail,51-200,Product enquiry,17.97,2,0,synthetic_demo
L010827,2026-04-22,Technology,51-200,Bulk order,8.34,3,0,synthetic_demo
L006693,2026-04-22,Construction,201-1000,Product enquiry,2.74,2,0,synthetic_demo
L010545,2026-04-22,Manufacturing,1-50,Bulk order,5.16,0,0,synthetic_demo
L010540,2026-04-22,Construction,1001+,Product enquiry,1.69,3,0,synthetic_demo
L009091,2026-04-22,Technology,1001+,Supplier request,5.59,4,0,synthetic_demo
L006291,2026-04-22,Technology,51-200,Product enquiry,5.67,0,0,synthetic_demo
L008905,2026-04-22,Construction,1-50,Product enquiry,3.35,6,1,synthetic_demo
L008808,2026-04-22,Technology,1001+,Price quote,5.6,2,0,synthetic_demo
L004709,2026-04-22,Manufacturing,201-1000,Product enquiry,9.65,1,0,synthetic_demo
L009558,2026-04-22,Healthcare,1-50,Supplier request,3.5,3,1,synthetic_demo
L002042,2026-04-22,Technology,201-1000,Product enquiry,13.01,2,0,synthetic_demo
L002232,2026-04-22,Technology,1-50,Product enquiry,9.09,4,0,synthetic_demo
L004892,2026-04-22,Retail,51-200,Bulk order,5.52,4,0,synthetic_demo
L001456,2026-04-22,Manufacturing,51-200,Supplier request,13.65,2,1,synthetic_demo
L001893,2026-04-22,Healthcare,1001+,Price quote,16.01,2,0,synthetic_demo
L005331,2026-04-22,Technology,51-200,Bulk order,8.82,2,0,synthetic_demo
L010313,2026-04-22,Healthcare,201-1000,Supplier request,3.27,2,0,synthetic_demo
L004931,2026-04-22,Technology,1001+,Product enquiry,9.34,0,0,synthetic_demo
L001393,2026-04-22,Manufacturing,201-1000,Product enquiry,4.39,4,0,synthetic_demo
L005019,2026-04-22,Healthcare,201-1000,Product enquiry,7.58,5,1,synthetic_demo
L003855,2026-04-22,Healthcare,1001+,Supplier request,8.16,4,0,synthetic_demo
L005386,2026-04-22,Technology,1-50,Price quote,4.24,3,0,synthetic_demo
L003486,2026-04-23,Technology,201-1000,Price quote,1.63,2,0,synthetic_demo
L006069,2026-04-23,Retail,1001+,Product enquiry,5.92,2,0,synthetic_demo
L006065,2026-04-23,Retail,201-1000,Supplier request,20.22,0,0,synthetic_demo
L011254,2026-04-23,Manufacturing,51-200,Product enquiry,9.03,0,0,synthetic_demo
L006631,2026-04-23,Technology,1-50,Price quote,2.92,1,1,synthetic_demo
L008335,2026-04-23,Manufacturing,1-50,Price quote,27.18,2,0,synthetic_demo
L011333,2026-04-23,Retail,201-1000,Product enquiry,11.46,5,1,synthetic_demo
L006274,2026-04-23,Manufacturing,51-200,Bulk order,6.42,0,0,synthetic_demo
L007389,2026-04-23,Manufacturing,51-200,Bulk order,5.61,4,1,synthetic_demo
L009166,2026-04-23,Retail,51-200,Product enquiry,17.39,2,0,synthetic_demo
L000625,2026-04-23,Construction,1001+,Product enquiry,16.33,0,0,synthetic_demo
L007562,2026-04-23,Retail,201-1000,Price quote,8.26,3,1,synthetic_demo
L005279,2026-04-23,Manufacturing,51-200,Bulk order,4.7,6,1,synthetic_demo
L000898,2026-04-23,Manufacturing,51-200,Price quote,3.41,0,0,synthetic_demo
L002316,2026-04-23,Retail,1-50,Price quote,13.46,2,0,synthetic_demo
L010945,2026-04-23,Construction,201-1000,Price quote,26.91,5,0,synthetic_demo
L006860,2026-04-23,Manufacturing,201-1000,Supplier request,5.27,1,0,synthetic_demo
L002209,2026-04-23,Manufacturing,1-50,Bulk order,14.08,1,0,synthetic_demo
L008008,2026-04-23,Technology,51-200,Supplier request,20.07,4,0,synthetic_demo
L004134,2026-04-23,Healthcare,1-50,Bulk order,13.86,2,0,synthetic_demo
L008514,2026-04-23,Construction,1-50,Price quote,3.57,2,0,synthetic_demo
L009293,2026-04-23,Technology,1-50,Bulk order,15.58,3,0,synthetic_demo
L000797,2026-04-23,Manufacturing,1001+,Product enquiry,6.7,4,0,synthetic_demo
L010203,2026-04-24,Retail,1-50,Bulk order,14.02,0,0,synthetic_demo
L000578,2026-04-24,Healthcare,1001+,Bulk order,21.68,1,0,synthetic_demo
L011953,2026-04-24,Manufacturing,51-200,Price quote,8.49,2,0,synthetic_demo
L009203,2026-04-24,Retail,201-1000,Bulk order,5.56,1,0,synthetic_demo
L003350,2026-04-24,Retail,1-50,Price quote,10.1,1,0,synthetic_demo
L006563,2026-04-24,Manufacturing,51-200,Supplier request,36.17,1,0,synthetic_demo
L004081,2026-04-24,Retail,1-50,Product enquiry,18.54,1,0,synthetic_demo
L009279,2026-04-24,Retail,51-200,Price quote,3.8,1,0,synthetic_demo
L000444,2026-04-24,Manufacturing,1-50,Bulk order,6.97,1,1,synthetic_demo
L008733,2026-04-24,Retail,201-1000,Bulk order,12.16,1,1,synthetic_demo
L002834,2026-04-24,Technology,1-50,Product enquiry,12.47,1,0,synthetic_demo
L008606,2026-04-24,Retail,51-200,Product enquiry,17.69,0,0,synthetic_demo
L003266,2026-04-24,Manufacturing,1-50,Bulk order,8.2,2,1,synthetic_demo
L008327,2026-04-24,Technology,1-50,Product enquiry,17.83,1,0,synthetic_demo
L010297,2026-04-24,Technology,201-1000,Bulk order,10.54,2,1,synthetic_demo
L011723,2026-04-24,Healthcare,51-200,Bulk order,2.23,4,0,synthetic_demo
L002412,2026-04-24,Construction,1-50,Product enquiry,7.02,2,0,synthetic_demo
L003668,2026-04-24,Manufacturing,1001+,Price quote,3.89,1,0,synthetic_demo
L011404,2026-04-24,Manufacturing,1001+,Bulk order,4.33,3,1,synthetic_demo
L011996,2026-04-24,Technology,1-50,Bulk order,7.48,1,0,synthetic_demo
L010271,2026-04-24,Technology,1-50,Bulk order,1.58,0,1,synthetic_demo
L003625,2026-04-24,Technology,1-50,Product enquiry,13.7,1,1,synthetic_demo
L000093,2026-04-24,Retail,1-50,Supplier request,3.11,0,0,synthetic_demo
L011741,2026-04-24,Healthcare,201-1000,Bulk order,19.69,0,0,synthetic_demo
L008180,2026-04-24,Retail,201-1000,Price quote,11.16,2,0,synthetic_demo
L004321,2026-04-24,Technology,201-1000,Supplier request,5.63,1,0,synthetic_demo
L008850,2026-04-24,Construction,1-50,Bulk order,7.82,1,0,synthetic_demo
L003470,2026-04-24,Construction,1-50,Supplier request,8.39,4,0,synthetic_demo
L002049,2026-04-24,Manufacturing,51-200,Supplier request,10.31,3,0,synthetic_demo
L004163,2026-04-25,Construction,201-1000,Price quote,6.59,4,0,synthetic_demo
L001470,2026-04-25,Manufacturing,1-50,Price quote,12.19,2,0,synthetic_demo
L009490,2026-04-25,Construction,1001+,Supplier request,3.65,2,1,synthetic_demo
L010164,2026-04-25,Healthcare,201-1000,Bulk order,9.08,2,1,synthetic_demo
L004254,2026-04-25,Healthcare,1-50,Product enquiry,8.18,1,0,synthetic_demo
L003207,2026-04-25,Manufacturing,201-1000,Product enquiry,13.63,0,0,synthetic_demo
L011887,2026-04-25,Construction,51-200,Price quote,7.95,5,0,synthetic_demo
L005802,2026-04-25,Healthcare,201-1000,Product enquiry,39.52,3,0,synthetic_demo
L010672,2026-04-25,Technology,51-200,Price quote,28.09,2,0,synthetic_demo
L003556,2026-04-25,Technology,51-200,Bulk order,3.88,2,0,synthetic_demo
L008622,2026-04-25,Healthcare,51-200,Product enquiry,19.0,3,0,synthetic_demo
L011976,2026-04-25,Manufacturing,1-50,Bulk order,19.16,1,0,synthetic_demo
L009705,2026-04-25,Retail,1-50,Supplier request,8.97,3,0,synthetic_demo
L005835,2026-04-25,Healthcare,201-1000,Price quote,8.09,1,0,synthetic_demo
L006822,2026-04-25,Construction,201-1000,Price quote,5.89,4,0,synthetic_demo
L006394,2026-04-25,Manufacturing,1001+,Price quote,3.11,4,1,synthetic_demo
L010731,2026-04-25,Healthcare,1-50,Product enquiry,21.77,3,0,synthetic_demo
L004970,2026-04-25,Healthcare,51-200,Bulk order,5.75,3,0,synthetic_demo
L008624,2026-04-25,Technology,201-1000,Product enquiry,12.67,2,0,synthetic_demo
L004997,2026-04-25,Manufacturing,1001+,Product enquiry,7.45,1,0,synthetic_demo
L008649,2026-04-25,Retail,51-200,Bulk order,2.15,1,1,synthetic_demo
L005606,2026-04-25,Healthcare,51-200,Supplier request,13.79,0,0,synthetic_demo
L011487,2026-04-25,Construction,1-50,Bulk order,20.68,0,0,synthetic_demo
L002367,2026-04-25,Manufacturing,1001+,Bulk order,16.07,4,1,synthetic_demo
L000352,2026-04-25,Manufacturing,51-200,Bulk order,7.45,2,0,synthetic_demo
L000054,2026-04-25,Technology,51-200,Product enquiry,9.26,4,1,synthetic_demo
L007336,2026-04-25,Construction,1-50,Bulk order,4.77,2,0,synthetic_demo
L004302,2026-04-25,Technology,201-1000,Product enquiry,2.03,2,0,synthetic_demo
L003755,2026-04-25,Retail,51-200,Supplier request,4.72,1,0,synthetic_demo
L004428,2026-04-25,Manufacturing,1-50,Price quote,12.1,1,0,synthetic_demo
L003404,2026-04-25,Construction,201-1000,Supplier request,6.91,2,0,synthetic_demo
L007214,2026-04-25,Healthcare,51-200,Supplier request,1.3,0,0,synthetic_demo
L009225,2026-04-25,Manufacturing,201-1000,Supplier request,10.48,2,0,synthetic_demo
L007219,2026-04-25,Retail,1001+,Price quote,6.51,2,0,synthetic_demo
L001813,2026-04-25,Technology,201-1000,Supplier request,10.42,1,1,synthetic_demo
L008578,2026-04-25,Manufacturing,201-1000,Product enquiry,4.08,1,0,synthetic_demo
L002763,2026-04-25,Manufacturing,51-200,Price quote,14.92,2,0,synthetic_demo
L006084,2026-04-25,Manufacturing,201-1000,Price quote,10.56,6,1,synthetic_demo
L005724,2026-04-25,Construction,51-200,Bulk order,12.87,2,0,synthetic_demo
L001891,2026-04-25,Manufacturing,1001+,Price quote,2.71,2,0,synthetic_demo
L006208,2026-04-25,Retail,1001+,Bulk order,21.11,1,0,synthetic_demo
L002198,2026-04-25,Healthcare,51-200,Product enquiry,2.95,0,0,synthetic_demo
L001908,2026-04-25,Manufacturing,51-200,Product enquiry,19.93,4,0,synthetic_demo
L006525,2026-04-25,Retail,51-200,Product enquiry,2.0,3,0,synthetic_demo
L008371,2026-04-25,Retail,201-1000,Product enquiry,15.0,3,0,synthetic_demo
L010608,2026-04-25,Construction,1001+,Product enquiry,2.18,2,0,synthetic_demo
L011187,2026-04-25,Construction,1-50,Supplier request,17.31,2,0,synthetic_demo
L009611,2026-04-25,Construction,1-50,Price quote,33.57,2,0,synthetic_demo
L011320,2026-04-25,Manufacturing,51-200,Product enquiry,5.54,3,0,synthetic_demo
L000975,2026-04-25,Retail,1-50,Bulk order,9.32,4,1,synthetic_demo
L000312,2026-04-26,Retail,51-200,Price quote,8.6,2,0,synthetic_demo
L003221,2026-04-26,Retail,1-50,Product enquiry,3.88,3,0,synthetic_demo
L009967,2026-04-26,Retail,201-1000,Product enquiry,9.08,3,1,synthetic_demo
L003472,2026-04-26,Retail,51-200,Product enquiry,7.32,1,0,synthetic_demo
L009935,2026-04-26,Construction,1-50,Bulk order,2.92,0,0,synthetic_demo
L004375,2026-04-26,Healthcare,201-1000,Bulk order,24.31,1,0,synthetic_demo
L006113,2026-04-26,Manufacturing,201-1000,Product enquiry,2.53,1,0,synthetic_demo
L005158,2026-04-26,Healthcare,1001+,Price quote,14.66,1,1,synthetic_demo
L004478,2026-04-26,Manufacturing,51-200,Product enquiry,16.76,0,0,synthetic_demo
L008995,2026-04-26,Retail,51-200,Bulk order,6.82,2,0,synthetic_demo
L011399,2026-04-26,Manufacturing,51-200,Product enquiry,7.14,4,0,synthetic_demo
L006883,2026-04-26,Retail,51-200,Product enquiry,5.07,2,0,synthetic_demo
L008616,2026-04-26,Healthcare,1-50,Product enquiry,11.64,0,0,synthetic_demo
L008603,2026-04-26,Retail,1-50,Price quote,5.25,2,1,synthetic_demo
L001798,2026-04-26,Retail,51-200,Price quote,8.01,3,0,synthetic_demo
L009046,2026-04-26,Manufacturing,201-1000,Price quote,4.65,0,0,synthetic_demo
L001923,2026-04-26,Retail,51-200,Price quote,3.87,4,0,synthetic_demo
L002579,2026-04-26,Manufacturing,1-50,Price quote,4.94,1,0,synthetic_demo
L007117,2026-04-26,Retail,201-1000,Bulk order,6.4,2,0,synthetic_demo
L011598,2026-04-26,Retail,51-200,Price quote,7.03,3,0,synthetic_demo
L000973,2026-04-26,Manufacturing,201-1000,Price quote,19.73,2,0,synthetic_demo
L010797,2026-04-26,Manufacturing,1001+,Supplier request,6.31,1,0,synthetic_demo
L007150,2026-04-26,Healthcare,1-50,Bulk order,7.33,1,0,synthetic_demo
L000693,2026-04-26,Manufacturing,1001+,Product enquiry,2.47,1,0,synthetic_demo
L002211,2026-04-27,Construction,201-1000,Supplier request,9.74,1,0,synthetic_demo
L009271,2026-04-27,Manufacturing,51-200,Price quote,5.63,2,0,synthetic_demo
L000296,2026-04-27,Construction,201-1000,Supplier request,2.18,1,0,synthetic_demo
L004071,2026-04-27,Retail,1-50,Price quote,3.61,0,0,synthetic_demo
L011940,2026-04-27,Technology,51-200,Price quote,16.57,6,0,synthetic_demo
L009824,2026-04-27,Retail,51-200,Bulk order,18.72,2,0,synthetic_demo
L009594,2026-04-27,Healthcare,51-200,Bulk order,9.53,2,0,synthetic_demo
L003873,2026-04-27,Manufacturing,1-50,Bulk order,4.17,5,0,synthetic_demo
L010857,2026-04-27,Healthcare,1-50,Product enquiry,10.38,1,0,synthetic_demo
L007762,2026-04-27,Construction,51-200,Product enquiry,4.09,1,0,synthetic_demo
L005753,2026-04-27,Technology,1001+,Supplier request,3.24,1,0,synthetic_demo
L004364,2026-04-27,Construction,51-200,Product enquiry,7.95,2,0,synthetic_demo
L001922,2026-04-27,Retail,51-200,Bulk order,4.72,1,0,synthetic_demo
L011309,2026-04-27,Manufacturing,1001+,Product enquiry,6.78,4,0,synthetic_demo
L007111,2026-04-27,Construction,1-50,Price quote,0.23,2,1,synthetic_demo
L009365,2026-04-27,Technology,201-1000,Bulk order,20.69,0,0,synthetic_demo
L010897,2026-04-27,Retail,51-200,Supplier request,9.91,2,1,synthetic_demo
L011278,2026-04-27,Manufacturing,201-1000,Product enquiry,5.75,1,1,synthetic_demo
L009288,2026-04-27,Healthcare,51-200,Price quote,20.27,2,0,synthetic_demo
L001791,2026-04-27,Technology,51-200,Price quote,2.78,3,0,synthetic_demo
L000895,2026-04-27,Technology,201-1000,Bulk order,8.6,0,0,synthetic_demo
L002347,2026-04-27,Construction,1-50,Bulk order,8.82,1,0,synthetic_demo
L001386,2026-04-27,Manufacturing,51-200,Bulk order,7.96,2,1,synthetic_demo
L004968,2026-04-27,Retail,51-200,Supplier request,9.31,3,0,synthetic_demo
L004217,2026-04-27,Technology,201-1000,Price quote,8.65,2,0,synthetic_demo
L010169,2026-04-27,Construction,1001+,Product enquiry,11.75,1,0,synthetic_demo
L009121,2026-04-27,Healthcare,1-50,Bulk order,13.65,2,1,synthetic_demo
L009155,2026-04-27,Retail,51-200,Product enquiry,30.48,2,0,synthetic_demo
L004980,2026-04-27,Construction,1001+,Product enquiry,12.2,1,0,synthetic_demo
L002472,2026-04-27,Construction,1-50,Price quote,19.05,1,0,synthetic_demo
L005656,2026-04-27,Manufacturing,201-1000,Supplier request,6.0,5,0,synthetic_demo
L010181,2026-04-27,Construction,1001+,Bulk order,2.65,3,1,synthetic_demo
L010160,2026-04-27,Technology,201-1000,Bulk order,9.76,0,0,synthetic_demo
L003633,2026-04-27,Healthcare,1-50,Supplier request,13.42,2,0,synthetic_demo
L008653,2026-04-27,Construction,1001+,Bulk order,11.59,2,0,synthetic_demo
L006976,2026-04-27,Manufacturing,1-50,Bulk order,5.76,3,0,synthetic_demo
L007042,2026-04-27,Manufacturing,51-200,Price quote,3.26,2,1,synthetic_demo
L001699,2026-04-27,Construction,1-50,Price quote,37.26,1,0,synthetic_demo
L010691,2026-04-27,Construction,201-1000,Price quote,10.32,2,0,synthetic_demo
L006933,2026-04-27,Healthcare,51-200,Supplier request,7.47,2,0,synthetic_demo
L006872,2026-04-28,Healthcare,1-50,Bulk order,5.66,0,1,synthetic_demo
L005544,2026-04-28,Healthcare,51-200,Price quote,12.01,2,0,synthetic_demo
L000528,2026-04-28,Construction,1-50,Bulk order,20.61,4,0,synthetic_demo
L004450,2026-04-28,Manufacturing,1-50,Supplier request,2.47,4,1,synthetic_demo
L003662,2026-04-28,Construction,51-200,Bulk order,7.65,0,0,synthetic_demo
L011645,2026-04-28,Healthcare,51-200,Supplier request,12.71,0,0,synthetic_demo
L008451,2026-04-28,Construction,201-1000,Bulk order,7.52,1,0,synthetic_demo
L005021,2026-04-28,Construction,201-1000,Supplier request,9.56,0,0,synthetic_demo
L006118,2026-04-28,Manufacturing,1-50,Product enquiry,5.67,1,1,synthetic_demo
L006139,2026-04-28,Manufacturing,51-200,Bulk order,5.7,2,0,synthetic_demo
L004037,2026-04-28,Retail,1-50,Supplier request,14.52,4,1,synthetic_demo
L000309,2026-04-28,Manufacturing,201-1000,Price quote,12.44,1,0,synthetic_demo
L006475,2026-04-28,Manufacturing,201-1000,Price quote,15.43,3,1,synthetic_demo
L003818,2026-04-28,Retail,51-200,Product enquiry,5.4,3,0,synthetic_demo
L000219,2026-04-28,Construction,1001+,Product enquiry,8.97,0,0,synthetic_demo
L002064,2026-04-28,Manufacturing,51-200,Bulk order,2.69,4,0,synthetic_demo
L011637,2026-04-28,Technology,1-50,Product enquiry,19.02,3,1,synthetic_demo
L006508,2026-04-28,Manufacturing,51-200,Product enquiry,4.54,0,0,synthetic_demo
L006878,2026-04-28,Retail,1-50,Bulk order,24.14,3,0,synthetic_demo
L000407,2026-04-28,Retail,51-200,Bulk order,14.85,4,0,synthetic_demo
L003117,2026-04-28,Manufacturing,1-50,Product enquiry,6.77,2,0,synthetic_demo
L005321,2026-04-28,Manufacturing,1-50,Price quote,9.97,0,0,synthetic_demo
L004467,2026-04-29,Manufacturing,201-1000,Bulk order,14.83,1,0,synthetic_demo
L005363,2026-04-29,Manufacturing,1-50,Bulk order,15.24,4,0,synthetic_demo
L007780,2026-04-29,Technology,1-50,Price quote,6.19,0,0,synthetic_demo
L008493,2026-04-29,Retail,51-200,Price quote,12.57,1,1,synthetic_demo
L000848,2026-04-29,Technology,201-1000,Product enquiry,17.21,1,0,synthetic_demo
L010114,2026-04-29,Construction,51-200,Supplier request,12.69,0,0,synthetic_demo
L011006,2026-04-29,Manufacturing,1001+,Price quote,12.03,0,0,synthetic_demo
L009946,2026-04-29,Manufacturing,201-1000,Price quote,22.13,1,0,synthetic_demo
L002306,2026-04-29,Retail,51-200,Supplier request,12.94,2,0,synthetic_demo
L010973,2026-04-29,Construction,201-1000,Bulk order,5.3,1,0,synthetic_demo
L007995,2026-04-29,Manufacturing,201-1000,Product enquiry,9.47,1,0,synthetic_demo
L004529,2026-04-29,Manufacturing,1-50,Product enquiry,18.96,4,0,synthetic_demo
L004818,2026-04-29,Healthcare,1-50,Supplier request,3.93,3,0,synthetic_demo
L000291,2026-04-29,Technology,201-1000,Supplier request,1.16,2,1,synthetic_demo
L004074,2026-04-29,Manufacturing,51-200,Product enquiry,19.27,2,0,synthetic_demo
L006440,2026-04-29,Healthcare,1-50,Price quote,2.88,1,0,synthetic_demo
L006307,2026-04-29,Technology,51-200,Price quote,4.34,1,0,synthetic_demo
L007932,2026-04-29,Healthcare,51-200,Bulk order,14.51,6,0,synthetic_demo
L008331,2026-04-29,Manufacturing,1-50,Product enquiry,12.64,0,0,synthetic_demo
L006526,2026-04-29,Construction,51-200,Bulk order,5.14,3,0,synthetic_demo
L002237,2026-04-29,Manufacturing,1001+,Product enquiry,7.93,0,0,synthetic_demo
L006470,2026-04-29,Construction,51-200,Product enquiry,5.22,4,0,synthetic_demo
L003093,2026-04-29,Construction,1-50,Price quote,6.36,2,0,synthetic_demo
L002246,2026-04-29,Manufacturing,51-200,Bulk order,25.15,2,0,synthetic_demo
L007459,2026-04-29,Manufacturing,201-1000,Product enquiry,10.27,4,0,synthetic_demo
L009076,2026-04-29,Manufacturing,1-50,Price quote,20.38,0,0,synthetic_demo
L010190,2026-04-29,Manufacturing,201-1000,Supplier request,5.18,2,0,synthetic_demo
L001903,2026-04-29,Technology,201-1000,Price quote,5.49,2,0,synthetic_demo
L009926,2026-04-29,Construction,1-50,Product enquiry,4.39,3,0,synthetic_demo
L000944,2026-04-29,Retail,201-1000,Product enquiry,8.25,0,0,synthetic_demo
L009725,2026-04-29,Healthcare,1-50,Supplier request,16.59,1,0,synthetic_demo
L001416,2026-04-29,Technology,1-50,Price quote,14.62,2,0,synthetic_demo
L010793,2026-04-30,Healthcare,1-50,Price quote,7.43,2,0,synthetic_demo
L004922,2026-04-30,Manufacturing,201-1000,Bulk order,14.38,6,1,synthetic_demo
L000134,2026-04-30,Retail,201-1000,Product enquiry,3.52,1,1,synthetic_demo
L006452,2026-04-30,Retail,1001+,Product enquiry,5.36,1,0,synthetic_demo
L005086,2026-04-30,Retail,51-200,Price quote,9.3,0,1,synthetic_demo
L006417,2026-04-30,Retail,1-50,Supplier request,20.67,3,0,synthetic_demo
L000142,2026-04-30,Healthcare,201-1000,Price quote,3.46,2,1,synthetic_demo
L000013,2026-04-30,Healthcare,1001+,Price quote,5.11,2,0,synthetic_demo
L007860,2026-04-30,Technology,1-50,Price quote,8.44,4,1,synthetic_demo
L008485,2026-04-30,Technology,201-1000,Bulk order,2.13,2,0,synthetic_demo
L004236,2026-04-30,Manufacturing,1-50,Product enquiry,16.58,2,0,synthetic_demo
L000789,2026-04-30,Technology,201-1000,Bulk order,13.78,2,0,synthetic_demo
L010898,2026-04-30,Technology,1-50,Bulk order,3.96,3,0,synthetic_demo
L002658,2026-04-30,Healthcare,51-200,Price quote,13.35,1,0,synthetic_demo
L006666,2026-04-30,Technology,51-200,Price quote,12.18,1,0,synthetic_demo
L004641,2026-04-30,Manufacturing,51-200,Price quote,3.67,2,0,synthetic_demo
L006802,2026-04-30,Technology,1-50,Price quote,7.77,3,0,synthetic_demo
L004866,2026-04-30,Manufacturing,51-200,Supplier request,11.66,0,0,synthetic_demo
L011793,2026-04-30,Technology,51-200,Bulk order,20.68,1,0,synthetic_demo
L011825,2026-04-30,Technology,1001+,Bulk order,3.14,2,1,synthetic_demo
L006856,2026-04-30,Retail,51-200,Price quote,4.46,1,0,synthetic_demo
L002758,2026-04-30,Technology,1001+,Price quote,5.42,3,1,synthetic_demo
L004046,2026-05-01,Manufacturing,201-1000,Supplier request,10.09,3,0,synthetic_demo
L003866,2026-05-01,Retail,1-50,Product enquiry,1.94,3,0,synthetic_demo
L004030,2026-05-01,Construction,51-200,Price quote,2.76,2,0,synthetic_demo
L007068,2026-05-01,Construction,201-1000,Price quote,13.47,4,1,synthetic_demo
L005847,2026-05-01,Construction,1001+,Bulk order,3.1,3,0,synthetic_demo
L003963,2026-05-01,Technology,201-1000,Bulk order,17.32,2,0,synthetic_demo
L009383,2026-05-01,Healthcare,1-50,Product enquiry,13.54,2,0,synthetic_demo
L008913,2026-05-01,Healthcare,51-200,Price quote,9.22,2,0,synthetic_demo
L008928,2026-05-01,Construction,51-200,Product enquiry,8.79,2,0,synthetic_demo
L004347,2026-05-01,Technology,51-200,Product enquiry,9.77,3,1,synthetic_demo
L009510,2026-05-01,Manufacturing,1001+,Supplier request,10.26,4,0,synthetic_demo
L004584,2026-05-01,Construction,201-1000,Bulk order,17.15,0,0,synthetic_demo
L011245,2026-05-01,Technology,1-50,Bulk order,12.09,2,0,synthetic_demo
L002615,2026-05-01,Retail,201-1000,Bulk order,21.92,0,0,synthetic_demo
L009942,2026-05-01,Manufacturing,51-200,Bulk order,9.71,3,1,synthetic_demo
L001585,2026-05-01,Healthcare,51-200,Supplier request,23.38,1,0,synthetic_demo
L010507,2026-05-01,Healthcare,51-200,Bulk order,4.69,0,0,synthetic_demo
L006620,2026-05-01,Manufacturing,201-1000,Product enquiry,20.28,4,1,synthetic_demo
L003567,2026-05-01,Construction,201-1000,Supplier request,18.55,4,0,synthetic_demo
L010582,2026-05-01,Retail,1001+,Price quote,8.92,0,1,synthetic_demo
L009822,2026-05-01,Construction,51-200,Price quote,4.96,2,0,synthetic_demo
L009029,2026-05-01,Manufacturing,201-1000,Price quote,8.3,3,1,synthetic_demo
L001409,2026-05-01,Construction,1-50,Price quote,3.43,2,0,synthetic_demo
L010701,2026-05-01,Technology,51-200,Price quote,3.09,2,0,synthetic_demo
L006433,2026-05-01,Manufacturing,51-200,Supplier request,13.86,1,0,synthetic_demo
L003176,2026-05-01,Manufacturing,1001+,Bulk order,6.23,2,1,synthetic_demo
L003299,2026-05-01,Retail,1-50,Bulk order,13.1,2,0,synthetic_demo
L008629,2026-05-01,Retail,201-1000,Price quote,12.38,2,0,synthetic_demo
L009829,2026-05-02,Retail,201-1000,Supplier request,3.14,5,1,synthetic_demo
L008762,2026-05-02,Manufacturing,1001+,Bulk order,24.54,2,0,synthetic_demo
L005531,2026-05-02,Retail,201-1000,Price quote,7.96,1,1,synthetic_demo
L007014,2026-05-02,Technology,201-1000,Product enquiry,8.27,0,0,synthetic_demo
L000635,2026-05-02,Manufacturing,1-50,Bulk order,7.5,3,0,synthetic_demo
L005253,2026-05-02,Manufacturing,1001+,Supplier request,1.33,2,0,synthetic_demo
L003427,2026-05-02,Manufacturing,1001+,Product enquiry,8.98,3,0,synthetic_demo
L001550,2026-05-02,Retail,1-50,Supplier request,42.71,1,0,synthetic_demo
L006126,2026-05-02,Retail,51-200,Product enquiry,13.36,3,0,synthetic_demo
L010860,2026-05-02,Healthcare,51-200,Product enquiry,7.15,1,0,synthetic_demo
L006882,2026-05-02,Technology,201-1000,Price quote,5.71,1,0,synthetic_demo
L009051,2026-05-02,Manufacturing,51-200,Product enquiry,8.67,3,1,synthetic_demo
L007349,2026-05-02,Manufacturing,201-1000,Price quote,9.56,2,1,synthetic_demo
L009671,2026-05-02,Retail,51-200,Supplier request,28.64,2,0,synthetic_demo
L004053,2026-05-02,Healthcare,1001+,Product enquiry,14.55,2,1,synthetic_demo
L006599,2026-05-02,Manufacturing,1-50,Supplier request,3.03,5,1,synthetic_demo
L005197,2026-05-02,Retail,51-200,Bulk order,5.72,1,0,synthetic_demo
L001921,2026-05-02,Healthcare,201-1000,Supplier request,1.13,2,0,synthetic_demo
L002288,2026-05-02,Technology,1-50,Product enquiry,28.7,1,0,synthetic_demo
L011255,2026-05-02,Retail,1-50,Product enquiry,12.72,3,0,synthetic_demo
L001723,2026-05-02,Technology,201-1000,Supplier request,15.6,1,0,synthetic_demo
L009540,2026-05-02,Manufacturing,1-50,Product enquiry,19.62,5,0,synthetic_demo
L011803,2026-05-02,Technology,51-200,Price quote,15.45,1,0,synthetic_demo
L004417,2026-05-02,Healthcare,51-200,Supplier request,21.86,1,0,synthetic_demo
L003598,2026-05-02,Construction,51-200,Price quote,3.64,2,0,synthetic_demo
L011824,2026-05-02,Technology,1-50,Bulk order,8.13,1,1,synthetic_demo
L002309,2026-05-02,Healthcare,51-200,Bulk order,17.53,5,0,synthetic_demo
L011056,2026-05-02,Technology,51-200,Bulk order,12.02,0,0,synthetic_demo
L000496,2026-05-02,Healthcare,1001+,Price quote,2.63,2,0,synthetic_demo
L011833,2026-05-02,Healthcare,1-50,Price quote,3.54,3,0,synthetic_demo
L010934,2026-05-03,Healthcare,51-200,Supplier request,12.06,3,0,synthetic_demo
L008268,2026-05-03,Manufacturing,201-1000,Product enquiry,4.0,4,1,synthetic_demo
L008404,2026-05-03,Technology,1-50,Bulk order,20.02,0,0,synthetic_demo
L005457,2026-05-03,Manufacturing,201-1000,Bulk order,6.7,5,1,synthetic_demo
L001404,2026-05-03,Retail,201-1000,Price quote,15.3,4,1,synthetic_demo
L001394,2026-05-03,Manufacturing,1-50,Bulk order,7.2,0,0,synthetic_demo
L007565,2026-05-03,Retail,1-50,Supplier request,13.62,0,0,synthetic_demo
L000581,2026-05-03,Healthcare,1-50,Supplier request,12.76,4,0,synthetic_demo
L009983,2026-05-03,Construction,1001+,Price quote,19.19,2,0,synthetic_demo
L001667,2026-05-03,Technology,51-200,Supplier request,10.47,2,0,synthetic_demo
L000226,2026-05-03,Construction,1-50,Supplier request,7.44,0,0,synthetic_demo
L001712,2026-05-03,Retail,51-200,Product enquiry,12.78,3,0,synthetic_demo
L005515,2026-05-03,Manufacturing,51-200,Product enquiry,20.5,1,0,synthetic_demo
L005061,2026-05-03,Manufacturing,1001+,Price quote,16.47,0,0,synthetic_demo
L006542,2026-05-03,Manufacturing,201-1000,Bulk order,6.66,2,0,synthetic_demo
L006187,2026-05-03,Technology,51-200,Product enquiry,6.33,2,0,synthetic_demo
L003345,2026-05-03,Healthcare,51-200,Price quote,1.64,4,1,synthetic_demo
L000367,2026-05-03,Technology,1001+,Product enquiry,7.0,0,1,synthetic_demo
L000746,2026-05-03,Retail,1-50,Price quote,13.92,3,1,synthetic_demo
L009593,2026-05-03,Construction,1-50,Product enquiry,5.95,1,0,synthetic_demo
L007243,2026-05-03,Technology,201-1000,Product enquiry,9.01,8,0,synthetic_demo
L009646,2026-05-03,Healthcare,51-200,Price quote,6.13,3,1,synthetic_demo
L005537,2026-05-03,Retail,201-1000,Supplier request,7.42,4,0,synthetic_demo
L002314,2026-05-03,Manufacturing,51-200,Product enquiry,10.29,1,0,synthetic_demo
L000775,2026-05-03,Manufacturing,51-200,Price quote,3.59,0,1,synthetic_demo
L002515,2026-05-03,Manufacturing,51-200,Price quote,8.58,2,0,synthetic_demo
L008477,2026-05-03,Technology,1001+,Product enquiry,13.54,2,1,synthetic_demo
L006607,2026-05-03,Construction,201-1000,Bulk order,6.9,1,0,synthetic_demo
L006653,2026-05-03,Technology,201-1000,Supplier request,9.67,1,0,synthetic_demo
L011016,2026-05-03,Healthcare,51-200,Supplier request,6.01,3,0,synthetic_demo
L011794,2026-05-03,Manufacturing,1-50,Product enquiry,5.23,1,0,synthetic_demo
L005394,2026-05-04,Retail,1-50,Supplier request,9.91,4,0,synthetic_demo
L011443,2026-05-04,Manufacturing,1001+,Price quote,26.19,3,0,synthetic_demo
L007465,2026-05-04,Construction,1-50,Supplier request,10.69,4,1,synthetic_demo
L007414,2026-05-04,Healthcare,51-200,Product enquiry,10.65,3,0,synthetic_demo
L010165,2026-05-04,Manufacturing,1-50,Price quote,9.19,1,0,synthetic_demo
L005372,2026-05-04,Construction,51-200,Bulk order,1.72,2,0,synthetic_demo
L008561,2026-05-04,Retail,1001+,Product enquiry,12.35,5,1,synthetic_demo
L004376,2026-05-04,Manufacturing,201-1000,Bulk order,4.83,2,1,synthetic_demo
L011319,2026-05-04,Technology,1-50,Price quote,12.09,1,0,synthetic_demo
L007101,2026-05-04,Retail,1-50,Price quote,14.99,6,1,synthetic_demo
L007265,2026-05-04,Healthcare,1-50,Bulk order,5.0,1,0,synthetic_demo
L007031,2026-05-04,Manufacturing,201-1000,Price quote,3.84,1,0,synthetic_demo
L008351,2026-05-04,Construction,201-1000,Price quote,25.79,2,0,synthetic_demo
L001234,2026-05-04,Technology,201-1000,Bulk order,12.84,0,0,synthetic_demo
L007983,2026-05-04,Construction,201-1000,Bulk order,18.4,1,0,synthetic_demo
L005878,2026-05-04,Manufacturing,1001+,Supplier request,19.43,1,0,synthetic_demo
L011030,2026-05-04,Construction,1-50,Product enquiry,0.19,1,0,synthetic_demo
L005893,2026-05-04,Healthcare,1001+,Supplier request,17.64,2,0,synthetic_demo
L003727,2026-05-04,Construction,51-200,Price quote,4.27,2,0,synthetic_demo
L009310,2026-05-04,Healthcare,51-200,Price quote,8.19,0,0,synthetic_demo
L008077,2026-05-04,Manufacturing,1-50,Price quote,7.16,4,0,synthetic_demo
L006740,2026-05-04,Retail,1-50,Bulk order,16.49,2,0,synthetic_demo
L008987,2026-05-04,Retail,201-1000,Price quote,5.62,2,0,synthetic_demo
L003523,2026-05-04,Manufacturing,51-200,Product enquiry,8.93,1,0,synthetic_demo
L009044,2026-05-04,Healthcare,1-50,Price quote,16.38,2,0,synthetic_demo
L002181,2026-05-04,Technology,51-200,Bulk order,0.93,2,0,synthetic_demo
L000408,2026-05-04,Technology,1-50,Product enquiry,13.46,3,0,synthetic_demo
L007886,2026-05-04,Retail,1-50,Price quote,31.82,2,0,synthetic_demo
L003371,2026-05-05,Construction,1001+,Bulk order,3.24,3,1,synthetic_demo
L001265,2026-05-05,Healthcare,1-50,Bulk order,36.6,1,0,synthetic_demo
L005004,2026-05-05,Manufacturing,1001+,Product enquiry,11.83,4,0,synthetic_demo
L003075,2026-05-05,Construction,51-200,Price quote,17.9,1,0,synthetic_demo
L003780,2026-05-05,Construction,51-200,Price quote,9.37,1,0,synthetic_demo
L004474,2026-05-05,Manufacturing,1001+,Product enquiry,17.76,0,0,synthetic_demo
L011594,2026-05-05,Technology,51-200,Product enquiry,3.65,1,0,synthetic_demo
L006319,2026-05-05,Retail,51-200,Price quote,9.04,3,1,synthetic_demo
L005985,2026-05-05,Technology,201-1000,Supplier request,6.69,1,0,synthetic_demo
L003192,2026-05-05,Manufacturing,51-200,Supplier request,6.99,2,0,synthetic_demo
L005390,2026-05-05,Construction,1001+,Product enquiry,23.51,5,0,synthetic_demo
L003246,2026-05-05,Healthcare,1001+,Supplier request,7.9,3,1,synthetic_demo
L007358,2026-05-05,Manufacturing,1-50,Product enquiry,22.03,1,0,synthetic_demo
L011402,2026-05-05,Healthcare,1001+,Bulk order,10.63,0,0,synthetic_demo
L003510,2026-05-05,Retail,51-200,Product enquiry,9.74,0,0,synthetic_demo
L002056,2026-05-05,Retail,1-50,Product enquiry,2.66,3,0,synthetic_demo
L003477,2026-05-05,Technology,51-200,Product enquiry,5.27,2,0,synthetic_demo
L001666,2026-05-05,Construction,51-200,Bulk order,35.03,2,0,synthetic_demo
L000744,2026-05-05,Manufacturing,51-200,Supplier request,20.87,3,0,synthetic_demo
L007137,2026-05-05,Manufacturing,201-1000,Product enquiry,19.88,1,0,synthetic_demo
L005267,2026-05-05,Retail,1-50,Product enquiry,13.27,1,0,synthetic_demo
L008714,2026-05-05,Technology,201-1000,Bulk order,13.66,1,0,synthetic_demo
L010865,2026-05-05,Healthcare,51-200,Bulk order,2.11,1,1,synthetic_demo
L000706,2026-05-05,Healthcare,201-1000,Product enquiry,11.78,3,0,synthetic_demo
L006132,2026-05-05,Healthcare,1-50,Bulk order,26.61,1,0,synthetic_demo
L006140,2026-05-05,Retail,51-200,Supplier request,5.99,4,1,synthetic_demo
L005147,2026-05-05,Construction,201-1000,Bulk order,12.29,2,1,synthetic_demo
L002669,2026-05-05,Healthcare,1-50,Product enquiry,13.03,3,0,synthetic_demo
L004248,2026-05-05,Manufacturing,1-50,Product enquiry,7.46,3,0,synthetic_demo
L003945,2026-05-05,Manufacturing,1-50,Product enquiry,4.17,3,0,synthetic_demo
L008557,2026-05-05,Technology,1-50,Bulk order,5.76,1,0,synthetic_demo
L000284,2026-05-05,Manufacturing,1-50,Product enquiry,9.4,3,1,synthetic_demo
L010305,2026-05-05,Construction,201-1000,Price quote,8.05,1,0,synthetic_demo
L010199,2026-05-05,Healthcare,1-50,Supplier request,9.48,3,0,synthetic_demo
L009143,2026-05-05,Manufacturing,1001+,Bulk order,7.01,3,1,synthetic_demo
L006566,2026-05-06,Technology,51-200,Bulk order,6.18,0,0,synthetic_demo
L008821,2026-05-06,Retail,51-200,Supplier request,9.27,3,0,synthetic_demo
L002102,2026-05-06,Manufacturing,1-50,Price quote,27.91,0,0,synthetic_demo
L006120,2026-05-06,Manufacturing,201-1000,Price quote,16.35,3,0,synthetic_demo
L008189,2026-05-06,Healthcare,201-1000,Product enquiry,9.8,2,0,synthetic_demo
L009242,2026-05-06,Healthcare,51-200,Bulk order,1.32,2,0,synthetic_demo
L006531,2026-05-06,Retail,1001+,Price quote,2.03,0,1,synthetic_demo
L002506,2026-05-06,Manufacturing,201-1000,Price quote,7.03,2,0,synthetic_demo
L001695,2026-05-06,Technology,1-50,Product enquiry,9.96,0,0,synthetic_demo
L010846,2026-05-06,Construction,201-1000,Price quote,29.89,0,0,synthetic_demo
L006684,2026-05-06,Technology,51-200,Supplier request,9.62,4,0,synthetic_demo
L008086,2026-05-06,Technology,51-200,Bulk order,10.43,4,0,synthetic_demo
L000800,2026-05-06,Technology,201-1000,Product enquiry,9.97,3,0,synthetic_demo
L008961,2026-05-06,Manufacturing,51-200,Product enquiry,8.4,2,0,synthetic_demo
L003980,2026-05-06,Technology,1001+,Price quote,17.16,2,0,synthetic_demo
L005933,2026-05-06,Retail,1-50,Price quote,14.44,2,1,synthetic_demo
L005308,2026-05-06,Retail,1001+,Product enquiry,14.2,2,0,synthetic_demo
L003118,2026-05-06,Technology,1001+,Price quote,14.3,2,0,synthetic_demo
L007422,2026-05-06,Manufacturing,201-1000,Price quote,12.54,1,0,synthetic_demo
L004293,2026-05-06,Manufacturing,1-50,Supplier request,7.47,3,0,synthetic_demo
L003758,2026-05-06,Retail,1-50,Price quote,3.14,1,0,synthetic_demo
L004746,2026-05-06,Manufacturing,51-200,Product enquiry,21.78,2,0,synthetic_demo
L010749,2026-05-06,Retail,51-200,Price quote,19.61,2,0,synthetic_demo
L002333,2026-05-06,Technology,1-50,Bulk order,21.35,4,0,synthetic_demo
L009923,2026-05-06,Healthcare,201-1000,Supplier request,1.1,2,0,synthetic_demo
L004938,2026-05-06,Technology,51-200,Supplier request,2.76,4,1,synthetic_demo
L007877,2026-05-06,Healthcare,1001+,Price quote,3.85,0,0,synthetic_demo
L001336,2026-05-06,Construction,51-200,Price quote,12.78,2,0,synthetic_demo
L003081,2026-05-06,Manufacturing,51-200,Bulk order,14.79,1,0,synthetic_demo
L004250,2026-05-06,Technology,201-1000,Product enquiry,5.68,0,1,synthetic_demo
L005834,2026-05-06,Technology,1-50,Bulk order,21.09,1,0,synthetic_demo
L001974,2026-05-07,Retail,51-200,Bulk order,0.94,1,0,synthetic_demo
L009863,2026-05-07,Manufacturing,51-200,Product enquiry,14.5,1,0,synthetic_demo
L011167,2026-05-07,Manufacturing,51-200,Price quote,6.2,3,0,synthetic_demo
L004804,2026-05-07,Retail,201-1000,Price quote,15.97,0,0,synthetic_demo
L011561,2026-05-07,Technology,1-50,Supplier request,3.15,2,0,synthetic_demo
L003871,2026-05-07,Retail,1-50,Product enquiry,19.75,4,1,synthetic_demo
L006220,2026-05-07,Retail,1-50,Bulk order,16.77,4,0,synthetic_demo
L009667,2026-05-07,Construction,51-200,Product enquiry,22.52,2,0,synthetic_demo
L008642,2026-05-07,Construction,1001+,Price quote,5.69,1,1,synthetic_demo
L008878,2026-05-07,Technology,1001+,Price quote,12.61,2,0,synthetic_demo
L007874,2026-05-07,Manufacturing,1-50,Product enquiry,7.61,2,0,synthetic_demo
L006955,2026-05-07,Technology,201-1000,Product enquiry,13.29,4,0,synthetic_demo
L000030,2026-05-07,Technology,51-200,Bulk order,14.2,1,0,synthetic_demo
L001229,2026-05-07,Construction,1-50,Price quote,19.74,2,0,synthetic_demo
L005572,2026-05-07,Manufacturing,1-50,Bulk order,6.04,1,0,synthetic_demo
L006447,2026-05-07,Technology,51-200,Product enquiry,9.23,2,0,synthetic_demo
L005140,2026-05-07,Technology,1-50,Bulk order,12.72,4,0,synthetic_demo
L002885,2026-05-07,Healthcare,201-1000,Product enquiry,5.36,3,1,synthetic_demo
L011744,2026-05-07,Retail,1-50,Supplier request,5.38,1,1,synthetic_demo
L004872,2026-05-07,Manufacturing,201-1000,Bulk order,4.72,2,1,synthetic_demo
L008852,2026-05-07,Manufacturing,201-1000,Supplier request,8.1,1,0,synthetic_demo
L009838,2026-05-07,Retail,201-1000,Product enquiry,10.33,2,0,synthetic_demo
L004933,2026-05-07,Technology,51-200,Supplier request,2.74,3,1,synthetic_demo
L001598,2026-05-07,Manufacturing,201-1000,Price quote,3.58,2,0,synthetic_demo
L003037,2026-05-07,Healthcare,201-1000,Supplier request,24.5,1,0,synthetic_demo
L001735,2026-05-07,Construction,201-1000,Product enquiry,2.65,2,0,synthetic_demo
L002401,2026-05-07,Healthcare,1-50,Price quote,2.05,5,1,synthetic_demo
L010044,2026-05-07,Technology,1-50,Bulk order,22.76,1,0,synthetic_demo
L004598,2026-05-07,Manufacturing,1-50,Bulk order,9.08,2,0,synthetic_demo
L005359,2026-05-07,Retail,201-1000,Price quote,5.69,1,1,synthetic_demo
L006674,2026-05-07,Retail,201-1000,Product enquiry,2.07,2,0,synthetic_demo
L011787,2026-05-07,Healthcare,51-200,Price quote,6.44,0,0,synthetic_demo
L002431,2026-05-07,Technology,51-200,Supplier request,10.61,1,0,synthetic_demo
L002240,2026-05-07,Healthcare,1-50,Supplier request,20.33,1,0,synthetic_demo
L003475,2026-05-07,Healthcare,51-200,Bulk order,9.89,2,0,synthetic_demo
L002363,2026-05-07,Retail,1001+,Bulk order,8.49,4,1,synthetic_demo
L007262,2026-05-07,Technology,51-200,Bulk order,7.46,0,0,synthetic_demo
L007819,2026-05-07,Construction,201-1000,Price quote,11.2,2,0,synthetic_demo
L008588,2026-05-07,Retail,51-200,Bulk order,12.94,3,0,synthetic_demo
L010198,2026-05-08,Technology,1-50,Product enquiry,11.7,2,0,synthetic_demo
L001472,2026-05-08,Manufacturing,201-1000,Bulk order,15.74,0,0,synthetic_demo
L000038,2026-05-08,Retail,51-200,Price quote,11.05,1,0,synthetic_demo
L000464,2026-05-08,Retail,1-50,Product enquiry,0.61,0,0,synthetic_demo
L010754,2026-05-08,Manufacturing,51-200,Bulk order,8.04,4,1,synthetic_demo
L004260,2026-05-08,Retail,201-1000,Product enquiry,12.46,3,0,synthetic_demo
L008983,2026-05-08,Healthcare,201-1000,Bulk order,9.15,1,1,synthetic_demo
L007742,2026-05-08,Retail,201-1000,Price quote,5.92,3,1,synthetic_demo
L004581,2026-05-08,Technology,201-1000,Price quote,11.77,2,0,synthetic_demo
L002350,2026-05-08,Manufacturing,201-1000,Product enquiry,5.5,1,0,synthetic_demo
L004702,2026-05-08,Retail,1-50,Price quote,8.81,2,1,synthetic_demo
L000967,2026-05-08,Construction,51-200,Product enquiry,10.41,3,1,synthetic_demo
L006292,2026-05-08,Construction,51-200,Bulk order,4.44,0,0,synthetic_demo
L007786,2026-05-08,Construction,51-200,Bulk order,13.78,3,0,synthetic_demo
L011771,2026-05-08,Retail,1-50,Supplier request,5.29,2,0,synthetic_demo
L009378,2026-05-08,Manufacturing,1-50,Supplier request,5.25,3,0,synthetic_demo
L002280,2026-05-08,Healthcare,51-200,Product enquiry,3.57,2,0,synthetic_demo
L005675,2026-05-08,Healthcare,201-1000,Price quote,8.77,1,0,synthetic_demo
L011729,2026-05-08,Technology,1-50,Price quote,17.88,2,1,synthetic_demo
L004591,2026-05-08,Manufacturing,1001+,Bulk order,21.81,0,0,synthetic_demo
L001551,2026-05-08,Manufacturing,1-50,Product enquiry,19.9,3,0,synthetic_demo
L011566,2026-05-08,Retail,1-50,Product enquiry,23.83,2,0,synthetic_demo
L008748,2026-05-08,Construction,1-50,Supplier request,9.91,3,0,synthetic_demo
L008697,2026-05-09,Manufacturing,51-200,Price quote,8.12,1,0,synthetic_demo
L001244,2026-05-09,Manufacturing,1-50,Bulk order,7.45,3,0,synthetic_demo
L003014,2026-05-09,Technology,201-1000,Supplier request,31.53,5,0,synthetic_demo
L004525,2026-05-09,Technology,51-200,Product enquiry,0.1,0,0,synthetic_demo
L007895,2026-05-09,Retail,201-1000,Product enquiry,2.66,4,0,synthetic_demo
L010072,2026-05-09,Construction,1-50,Bulk order,10.22,2,0,synthetic_demo
L007885,2026-05-09,Manufacturing,51-200,Price quote,1.68,3,0,synthetic_demo
L004338,2026-05-09,Manufacturing,1001+,Supplier request,6.67,0,0,synthetic_demo
L010369,2026-05-09,Healthcare,51-200,Supplier request,7.66,3,0,synthetic_demo
L008068,2026-05-09,Retail,201-1000,Supplier request,13.14,2,0,synthetic_demo
L011141,2026-05-09,Retail,201-1000,Product enquiry,8.66,1,0,synthetic_demo
L011775,2026-05-09,Manufacturing,1-50,Product enquiry,2.59,2,1,synthetic_demo
L005260,2026-05-09,Manufacturing,201-1000,Product enquiry,17.14,0,0,synthetic_demo
L004099,2026-05-09,Technology,51-200,Price quote,3.77,4,1,synthetic_demo
L009698,2026-05-09,Retail,1-50,Price quote,8.07,3,0,synthetic_demo
L009240,2026-05-09,Construction,1001+,Product enquiry,7.11,1,0,synthetic_demo
L007845,2026-05-09,Manufacturing,1001+,Bulk order,3.71,1,0,synthetic_demo
L002158,2026-05-09,Retail,201-1000,Price quote,8.18,3,0,synthetic_demo
L007580,2026-05-09,Retail,1-50,Product enquiry,5.62,4,0,synthetic_demo
L004742,2026-05-09,Manufacturing,201-1000,Product enquiry,19.13,1,0,synthetic_demo
L011544,2026-05-09,Technology,201-1000,Bulk order,14.61,3,1,synthetic_demo
L008342,2026-05-09,Healthcare,201-1000,Product enquiry,11.74,4,0,synthetic_demo
L007351,2026-05-09,Manufacturing,1-50,Price quote,3.62,1,0,synthetic_demo
L001693,2026-05-09,Manufacturing,1-50,Bulk order,8.25,2,0,synthetic_demo
L011363,2026-05-09,Construction,201-1000,Bulk order,30.92,6,0,synthetic_demo
L007073,2026-05-09,Retail,1001+,Product enquiry,7.88,3,0,synthetic_demo
L004279,2026-05-09,Retail,201-1000,Price quote,9.48,2,0,synthetic_demo
L010000,2026-05-10,Retail,51-200,Product enquiry,15.55,1,0,synthetic_demo
L010354,2026-05-10,Technology,1001+,Bulk order,23.9,0,0,synthetic_demo
L009363,2026-05-10,Healthcare,201-1000,Product enquiry,20.48,4,0,synthetic_demo
L011300,2026-05-10,Healthcare,1001+,Price quote,5.22,0,1,synthetic_demo
L011627,2026-05-10,Manufacturing,1-50,Supplier request,6.1,3,0,synthetic_demo
L010919,2026-05-10,Technology,1-50,Supplier request,18.13,1,0,synthetic_demo
L010260,2026-05-10,Construction,1-50,Supplier request,14.69,4,0,synthetic_demo
L008320,2026-05-10,Retail,1-50,Bulk order,6.96,3,1,synthetic_demo
L011923,2026-05-10,Technology,51-200,Supplier request,14.63,3,1,synthetic_demo
L010578,2026-05-10,Retail,201-1000,Bulk order,8.29,3,0,synthetic_demo
L009106,2026-05-10,Technology,1-50,Price quote,5.65,1,0,synthetic_demo
L011651,2026-05-10,Retail,1-50,Price quote,12.39,4,0,synthetic_demo
L009352,2026-05-10,Healthcare,51-200,Price quote,10.55,2,0,synthetic_demo
L010598,2026-05-10,Retail,1001+,Product enquiry,4.83,1,0,synthetic_demo
L006000,2026-05-10,Technology,51-200,Product enquiry,16.39,1,0,synthetic_demo
L004909,2026-05-10,Technology,51-200,Product enquiry,14.05,2,0,synthetic_demo
L002747,2026-05-10,Manufacturing,51-200,Bulk order,4.48,2,0,synthetic_demo
L001777,2026-05-10,Technology,51-200,Price quote,1.62,1,0,synthetic_demo
L004205,2026-05-10,Technology,51-200,Bulk order,3.64,2,0,synthetic_demo
L007325,2026-05-10,Technology,1001+,Product enquiry,1.12,2,0,synthetic_demo
L006695,2026-05-10,Retail,51-200,Product enquiry,14.5,2,1,synthetic_demo
L001440,2026-05-10,Construction,1-50,Supplier request,15.24,3,0,synthetic_demo
L003401,2026-05-10,Manufacturing,1-50,Bulk order,8.21,1,0,synthetic_demo
L001638,2026-05-10,Construction,1-50,Bulk order,12.59,3,0,synthetic_demo
L008029,2026-05-10,Construction,201-1000,Product enquiry,18.14,1,0,synthetic_demo
L005288,2026-05-10,Healthcare,201-1000,Supplier request,18.52,3,0,synthetic_demo
L006355,2026-05-10,Retail,51-200,Bulk order,5.57,0,0,synthetic_demo
L004024,2026-05-10,Construction,201-1000,Product enquiry,4.76,2,0,synthetic_demo
L002303,2026-05-10,Retail,201-1000,Product enquiry,14.71,5,1,synthetic_demo
L006162,2026-05-10,Healthcare,201-1000,Price quote,5.7,5,0,synthetic_demo
L006633,2026-05-10,Construction,201-1000,Supplier request,12.83,4,1,synthetic_demo
L005492,2026-05-10,Technology,201-1000,Product enquiry,7.31,1,0,synthetic_demo
L006254,2026-05-10,Retail,1-50,Supplier request,2.18,4,0,synthetic_demo
L004612,2026-05-10,Retail,51-200,Supplier request,20.39,6,0,synthetic_demo
L005464,2026-05-10,Technology,1-50,Product enquiry,18.09,4,0,synthetic_demo
L000456,2026-05-11,Manufacturing,1001+,Price quote,2.78,3,1,synthetic_demo
L010439,2026-05-11,Construction,1-50,Bulk order,12.32,0,0,synthetic_demo
L011571,2026-05-11,Technology,1001+,Price quote,7.07,1,0,synthetic_demo
L005085,2026-05-11,Construction,1001+,Product enquiry,15.89,2,0,synthetic_demo
L002988,2026-05-11,Healthcare,51-200,Price quote,15.9,2,1,synthetic_demo
L001124,2026-05-11,Manufacturing,1001+,Price quote,2.73,1,0,synthetic_demo
L001706,2026-05-11,Construction,201-1000,Price quote,16.81,0,0,synthetic_demo
L000342,2026-05-11,Construction,1001+,Product enquiry,5.6,1,0,synthetic_demo
L004448,2026-05-11,Retail,1-50,Product enquiry,20.34,0,0,synthetic_demo
L009869,2026-05-11,Manufacturing,51-200,Price quote,2.51,3,1,synthetic_demo
L002677,2026-05-11,Retail,51-200,Product enquiry,5.46,2,0,synthetic_demo
L009359,2026-05-11,Healthcare,1-50,Supplier request,8.69,3,0,synthetic_demo
L002113,2026-05-11,Manufacturing,51-200,Price quote,35.32,2,0,synthetic_demo
L001539,2026-05-11,Technology,1-50,Bulk order,2.51,3,0,synthetic_demo
L005043,2026-05-11,Retail,1-50,Supplier request,1.94,0,0,synthetic_demo
L002798,2026-05-11,Retail,1-50,Product enquiry,14.41,3,0,synthetic_demo
L004599,2026-05-11,Retail,201-1000,Bulk order,14.73,1,0,synthetic_demo
L009482,2026-05-11,Retail,201-1000,Price quote,6.8,2,0,synthetic_demo
L010247,2026-05-11,Manufacturing,1-50,Bulk order,2.35,3,1,synthetic_demo
L005416,2026-05-11,Retail,51-200,Supplier request,33.7,5,0,synthetic_demo
L011781,2026-05-11,Manufacturing,201-1000,Price quote,25.65,2,1,synthetic_demo
L009308,2026-05-11,Construction,1-50,Supplier request,12.97,4,0,synthetic_demo
L007307,2026-05-11,Manufacturing,1-50,Supplier request,7.68,3,0,synthetic_demo
L000959,2026-05-11,Healthcare,1001+,Supplier request,4.43,2,0,synthetic_demo
L001200,2026-05-11,Technology,51-200,Product enquiry,22.18,0,0,synthetic_demo
L009105,2026-05-11,Technology,201-1000,Product enquiry,3.72,1,0,synthetic_demo
L000948,2026-05-11,Construction,51-200,Bulk order,21.15,3,0,synthetic_demo
L005209,2026-05-11,Manufacturing,1001+,Supplier request,3.32,2,0,synthetic_demo
L000031,2026-05-11,Technology,1-50,Bulk order,3.17,4,0,synthetic_demo
L006155,2026-05-11,Retail,51-200,Product enquiry,12.58,2,0,synthetic_demo
L005313,2026-05-11,Retail,1-50,Bulk order,8.79,1,0,synthetic_demo
L011339,2026-05-11,Healthcare,201-1000,Product enquiry,4.58,3,1,synthetic_demo
L009430,2026-05-11,Technology,1-50,Product enquiry,14.91,2,0,synthetic_demo
L009708,2026-05-11,Construction,201-1000,Bulk order,4.21,0,0,synthetic_demo
L010148,2026-05-11,Manufacturing,1-50,Price quote,13.18,4,1,synthetic_demo
L010811,2026-05-11,Retail,1001+,Product enquiry,7.49,3,0,synthetic_demo
L002118,2026-05-11,Manufacturing,1-50,Product enquiry,6.39,2,0,synthetic_demo
L009622,2026-05-11,Technology,1-50,Price quote,16.4,3,0,synthetic_demo
L003817,2026-05-11,Retail,51-200,Bulk order,9.26,2,0,synthetic_demo
L009659,2026-05-11,Construction,201-1000,Supplier request,4.25,1,0,synthetic_demo
L003562,2026-05-11,Healthcare,1001+,Product enquiry,9.23,5,0,synthetic_demo
L001841,2026-05-12,Manufacturing,1-50,Supplier request,5.22,1,1,synthetic_demo
L007016,2026-05-12,Construction,51-200,Product enquiry,12.13,1,0,synthetic_demo
L006665,2026-05-12,Manufacturing,51-200,Bulk order,4.18,1,0,synthetic_demo
L001266,2026-05-12,Technology,51-200,Price quote,16.81,4,0,synthetic_demo
L001273,2026-05-12,Retail,1001+,Price quote,3.46,0,1,synthetic_demo
L003213,2026-05-12,Technology,201-1000,Bulk order,0.44,1,0,synthetic_demo
L005851,2026-05-12,Construction,51-200,Product enquiry,16.79,3,0,synthetic_demo
L009645,2026-05-12,Construction,1-50,Bulk order,6.74,0,0,synthetic_demo
L010990,2026-05-12,Construction,51-200,Price quote,4.98,2,0,synthetic_demo
L008906,2026-05-12,Manufacturing,1-50,Supplier request,17.79,2,0,synthetic_demo
L010689,2026-05-12,Retail,1-50,Product enquiry,4.3,3,0,synthetic_demo
L002505,2026-05-12,Retail,201-1000,Supplier request,17.92,3,0,synthetic_demo
L006471,2026-05-12,Retail,51-200,Product enquiry,2.6,1,0,synthetic_demo
L005670,2026-05-12,Technology,201-1000,Price quote,6.62,4,0,synthetic_demo
L011995,2026-05-12,Manufacturing,1001+,Product enquiry,10.55,0,0,synthetic_demo
L002484,2026-05-12,Retail,1-50,Product enquiry,18.38,3,0,synthetic_demo
L001351,2026-05-12,Technology,201-1000,Product enquiry,32.06,4,0,synthetic_demo
L008884,2026-05-12,Manufacturing,1-50,Bulk order,15.25,2,0,synthetic_demo
L002904,2026-05-12,Construction,51-200,Product enquiry,24.99,1,0,synthetic_demo
L009437,2026-05-12,Retail,51-200,Price quote,6.45,2,1,synthetic_demo
L007602,2026-05-12,Construction,1001+,Product enquiry,7.86,3,1,synthetic_demo
L006356,2026-05-12,Healthcare,1-50,Bulk order,11.03,3,0,synthetic_demo
L011178,2026-05-12,Technology,51-200,Price quote,11.13,3,0,synthetic_demo
L004022,2026-05-12,Manufacturing,201-1000,Bulk order,4.17,3,1,synthetic_demo
L006086,2026-05-12,Technology,1-50,Product enquiry,31.15,3,0,synthetic_demo
L007933,2026-05-12,Manufacturing,1-50,Product enquiry,23.72,4,0,synthetic_demo
L005364,2026-05-12,Construction,1-50,Price quote,2.04,3,0,synthetic_demo
L010096,2026-05-12,Technology,51-200,Product enquiry,3.73,1,0,synthetic_demo
L007530,2026-05-12,Manufacturing,201-1000,Price quote,8.87,2,0,synthetic_demo
L001092,2026-05-12,Healthcare,201-1000,Product enquiry,17.52,2,0,synthetic_demo
L011456,2026-05-12,Manufacturing,51-200,Price quote,24.11,1,0,synthetic_demo
L009927,2026-05-12,Technology,51-200,Bulk order,8.4,1,1,synthetic_demo
L007703,2026-05-12,Healthcare,201-1000,Product enquiry,35.15,1,0,synthetic_demo
L003259,2026-05-12,Healthcare,1-50,Price quote,6.0,2,0,synthetic_demo
L008534,2026-05-12,Construction,51-200,Product enquiry,20.16,2,1,synthetic_demo
L007514,2026-05-12,Technology,201-1000,Product enquiry,5.96,1,0,synthetic_demo
L000674,2026-05-12,Technology,51-200,Price quote,8.25,1,0,synthetic_demo
L000652,2026-05-12,Construction,201-1000,Price quote,7.78,3,0,synthetic_demo
L010174,2026-05-12,Manufacturing,1-50,Product enquiry,7.53,1,0,synthetic_demo
L004412,2026-05-12,Manufacturing,201-1000,Bulk order,29.21,2,0,synthetic_demo
L003936,2026-05-12,Manufacturing,1-50,Bulk order,12.87,3,0,synthetic_demo
L001400,2026-05-13,Retail,1-50,Supplier request,12.72,2,0,synthetic_demo
L010166,2026-05-13,Construction,51-200,Bulk order,8.26,2,0,synthetic_demo
L011792,2026-05-13,Healthcare,1-50,Supplier request,9.74,2,0,synthetic_demo
L004996,2026-05-13,Manufacturing,1-50,Bulk order,18.13,1,0,synthetic_demo
L011773,2026-05-13,Retail,51-200,Product enquiry,16.82,4,0,synthetic_demo
L006415,2026-05-13,Healthcare,1-50,Price quote,23.16,3,1,synthetic_demo
L008837,2026-05-13,Healthcare,201-1000,Product enquiry,7.44,1,0,synthetic_demo
L008498,2026-05-13,Construction,201-1000,Product enquiry,4.1,2,1,synthetic_demo
L001561,2026-05-13,Construction,1-50,Bulk order,6.4,2,0,synthetic_demo
L010461,2026-05-13,Construction,201-1000,Supplier request,6.22,0,0,synthetic_demo
L011746,2026-05-13,Construction,201-1000,Bulk order,7.1,1,1,synthetic_demo
L003346,2026-05-13,Technology,1001+,Price quote,8.81,4,1,synthetic_demo
L002586,2026-05-13,Retail,51-200,Price quote,10.9,0,0,synthetic_demo
L002344,2026-05-13,Retail,51-200,Supplier request,9.51,1,0,synthetic_demo
L009844,2026-05-13,Healthcare,201-1000,Supplier request,7.29,3,0,synthetic_demo
L006924,2026-05-13,Healthcare,1-50,Supplier request,9.11,1,0,synthetic_demo
L002322,2026-05-13,Manufacturing,201-1000,Bulk order,3.12,2,0,synthetic_demo
L004811,2026-05-13,Healthcare,1001+,Product enquiry,8.31,2,0,synthetic_demo
L006680,2026-05-13,Retail,201-1000,Bulk order,12.27,1,0,synthetic_demo
L006186,2026-05-13,Technology,1-50,Bulk order,8.05,2,0,synthetic_demo
L004729,2026-05-13,Healthcare,1001+,Price quote,16.85,6,0,synthetic_demo
L003804,2026-05-13,Manufacturing,1001+,Bulk order,5.7,2,1,synthetic_demo
L002402,2026-05-13,Technology,1-50,Price quote,4.46,0,0,synthetic_demo
L004103,2026-05-13,Healthcare,51-200,Price quote,7.73,1,0,synthetic_demo
L006301,2026-05-13,Manufacturing,201-1000,Price quote,13.59,2,0,synthetic_demo
L002057,2026-05-13,Construction,51-200,Price quote,9.92,3,1,synthetic_demo
L001318,2026-05-14,Manufacturing,51-200,Product enquiry,10.45,1,0,synthetic_demo
L007625,2026-05-14,Retail,1-50,Supplier request,5.58,3,0,synthetic_demo
L008474,2026-05-14,Manufacturing,1001+,Price quote,17.48,0,0,synthetic_demo
L006670,2026-05-14,Technology,51-200,Supplier request,17.89,3,0,synthetic_demo
L002571,2026-05-14,Manufacturing,1001+,Bulk order,21.82,0,0,synthetic_demo
L004764,2026-05-14,Healthcare,1-50,Price quote,7.61,7,0,synthetic_demo
L003890,2026-05-14,Manufacturing,1-50,Bulk order,7.82,3,0,synthetic_demo
L004567,2026-05-14,Technology,1-50,Price quote,7.59,1,0,synthetic_demo
L006884,2026-05-14,Technology,51-200,Product enquiry,21.92,3,0,synthetic_demo
L006799,2026-05-14,Healthcare,1001+,Supplier request,7.99,4,1,synthetic_demo
L005036,2026-05-14,Manufacturing,201-1000,Bulk order,1.19,1,0,synthetic_demo
L008385,2026-05-14,Manufacturing,51-200,Price quote,33.47,2,0,synthetic_demo
L010087,2026-05-14,Technology,51-200,Price quote,15.32,3,0,synthetic_demo
L003295,2026-05-14,Retail,1001+,Supplier request,12.23,0,0,synthetic_demo
L010655,2026-05-14,Retail,201-1000,Bulk order,7.42,1,0,synthetic_demo
L009125,2026-05-14,Construction,1001+,Bulk order,13.55,5,1,synthetic_demo
L007004,2026-05-14,Healthcare,1-50,Supplier request,13.54,1,0,synthetic_demo
L001376,2026-05-14,Manufacturing,1001+,Bulk order,34.8,4,0,synthetic_demo
L010493,2026-05-14,Construction,201-1000,Supplier request,6.79,1,0,synthetic_demo
L001966,2026-05-14,Manufacturing,1001+,Price quote,12.6,3,1,synthetic_demo
L003793,2026-05-14,Manufacturing,1001+,Product enquiry,9.29,0,0,synthetic_demo
L004543,2026-05-14,Construction,51-200,Price quote,11.82,0,0,synthetic_demo
L009312,2026-05-14,Healthcare,1001+,Price quote,7.05,1,0,synthetic_demo
L008692,2026-05-14,Retail,1-50,Price quote,7.52,2,0,synthetic_demo
L007893,2026-05-14,Manufacturing,201-1000,Bulk order,5.68,4,0,synthetic_demo
L003027,2026-05-14,Manufacturing,1-50,Price quote,10.14,1,0,synthetic_demo
L011500,2026-05-14,Retail,201-1000,Bulk order,4.42,3,0,synthetic_demo
L009245,2026-05-14,Retail,51-200,Supplier request,15.88,2,0,synthetic_demo
L007589,2026-05-15,Healthcare,51-200,Bulk order,5.42,1,1,synthetic_demo
L005269,2026-05-15,Construction,201-1000,Price quote,16.96,0,0,synthetic_demo
L000297,2026-05-15,Construction,1001+,Supplier request,5.15,1,0,synthetic_demo
L010382,2026-05-15,Healthcare,1-50,Price quote,5.78,1,0,synthetic_demo
L009025,2026-05-15,Technology,51-200,Price quote,13.68,3,0,synthetic_demo
L004070,2026-05-15,Manufacturing,1-50,Price quote,0.34,2,0,synthetic_demo
L007582,2026-05-15,Technology,51-200,Bulk order,16.82,4,0,synthetic_demo
L004629,2026-05-15,Manufacturing,1-50,Product enquiry,11.96,0,0,synthetic_demo
L004023,2026-05-15,Retail,1001+,Product enquiry,1.09,1,0,synthetic_demo
L001972,2026-05-15,Construction,1-50,Product enquiry,10.23,5,1,synthetic_demo
L003967,2026-05-15,Healthcare,51-200,Product enquiry,8.89,1,0,synthetic_demo
L003012,2026-05-15,Construction,51-200,Product enquiry,28.88,0,0,synthetic_demo
L011108,2026-05-15,Retail,1-50,Supplier request,10.38,1,0,synthetic_demo
L008535,2026-05-15,Technology,51-200,Product enquiry,9.88,2,0,synthetic_demo
L006954,2026-05-15,Healthcare,1-50,Price quote,6.85,2,0,synthetic_demo
L007379,2026-05-15,Retail,201-1000,Supplier request,15.42,1,0,synthetic_demo
L000530,2026-05-15,Retail,1-50,Price quote,16.27,4,0,synthetic_demo
L000090,2026-05-15,Healthcare,51-200,Product enquiry,12.91,6,1,synthetic_demo
L011082,2026-05-15,Technology,51-200,Bulk order,26.89,2,0,synthetic_demo
L005707,2026-05-15,Construction,51-200,Price quote,12.05,3,0,synthetic_demo
L008725,2026-05-15,Healthcare,51-200,Product enquiry,13.58,5,0,synthetic_demo
L006601,2026-05-15,Manufacturing,1001+,Product enquiry,32.73,3,0,synthetic_demo
L010739,2026-05-15,Technology,1-50,Bulk order,15.99,1,0,synthetic_demo
L008033,2026-05-15,Healthcare,201-1000,Bulk order,16.53,2,1,synthetic_demo
L008932,2026-05-15,Retail,1001+,Price quote,8.25,1,1,synthetic_demo
L000066,2026-05-15,Healthcare,51-200,Price quote,11.56,2,0,synthetic_demo
L002866,2026-05-15,Manufacturing,1-50,Supplier request,3.33,3,1,synthetic_demo
L006870,2026-05-15,Healthcare,1-50,Supplier request,9.4,1,0,synthetic_demo
L003068,2026-05-15,Manufacturing,201-1000,Price quote,12.04,3,1,synthetic_demo
L003628,2026-05-15,Technology,201-1000,Price quote,8.72,1,0,synthetic_demo
L006833,2026-05-15,Manufacturing,201-1000,Supplier request,30.74,2,1,synthetic_demo
L005926,2026-05-15,Manufacturing,51-200,Supplier request,0.73,2,0,synthetic_demo
L011247,2026-05-16,Manufacturing,201-1000,Product enquiry,12.0,2,0,synthetic_demo
L011058,2026-05-16,Manufacturing,51-200,Product enquiry,34.71,0,0,synthetic_demo
L003127,2026-05-16,Healthcare,201-1000,Price quote,3.65,3,1,synthetic_demo
L008354,2026-05-16,Manufacturing,1-50,Price quote,3.34,1,0,synthetic_demo
L007142,2026-05-16,Technology,1001+,Product enquiry,8.5,1,0,synthetic_demo
L011551,2026-05-16,Manufacturing,1-50,Bulk order,9.1,5,1,synthetic_demo
L006885,2026-05-16,Construction,51-200,Supplier request,23.44,2,0,synthetic_demo
L006606,2026-05-16,Manufacturing,1-50,Supplier request,21.01,3,0,synthetic_demo
L009426,2026-05-16,Technology,51-200,Price quote,5.19,4,0,synthetic_demo
L006317,2026-05-16,Healthcare,1-50,Product enquiry,17.83,1,0,synthetic_demo
L009495,2026-05-16,Manufacturing,1-50,Bulk order,8.67,1,0,synthetic_demo
L008258,2026-05-16,Manufacturing,51-200,Supplier request,9.28,1,0,synthetic_demo
L010302,2026-05-16,Healthcare,1-50,Price quote,6.56,0,0,synthetic_demo
L003813,2026-05-16,Healthcare,51-200,Supplier request,5.85,4,1,synthetic_demo
L005429,2026-05-16,Construction,51-200,Price quote,18.97,4,0,synthetic_demo
L008797,2026-05-16,Retail,201-1000,Price quote,21.32,0,0,synthetic_demo
L007570,2026-05-16,Construction,201-1000,Price quote,19.14,2,1,synthetic_demo
L000849,2026-05-16,Manufacturing,1-50,Price quote,5.81,6,0,synthetic_demo
L010484,2026-05-16,Healthcare,201-1000,Price quote,9.63,1,0,synthetic_demo
L000308,2026-05-16,Healthcare,201-1000,Price quote,7.14,6,1,synthetic_demo
L007830,2026-05-16,Manufacturing,201-1000,Supplier request,5.06,3,0,synthetic_demo
L000410,2026-05-16,Construction,51-200,Price quote,10.3,2,0,synthetic_demo
L000871,2026-05-16,Technology,1001+,Product enquiry,14.56,2,1,synthetic_demo
L003593,2026-05-16,Technology,51-200,Product enquiry,0.77,0,0,synthetic_demo
L006100,2026-05-16,Manufacturing,51-200,Supplier request,14.91,2,0,synthetic_demo
L011971,2026-05-16,Technology,1001+,Price quote,7.6,2,0,synthetic_demo
L001863,2026-05-16,Construction,51-200,Supplier request,9.79,4,0,synthetic_demo
L011334,2026-05-16,Retail,51-200,Price quote,8.1,1,0,synthetic_demo
L008105,2026-05-16,Technology,201-1000,Price quote,8.26,6,0,synthetic_demo
L008661,2026-05-16,Retail,51-200,Supplier request,9.49,3,0,synthetic_demo
L006636,2026-05-16,Manufacturing,201-1000,Bulk order,24.43,2,0,synthetic_demo
L003679,2026-05-16,Retail,201-1000,Bulk order,11.08,1,1,synthetic_demo
L010011,2026-05-17,Technology,51-200,Product enquiry,11.2,6,0,synthetic_demo
L011288,2026-05-17,Construction,1-50,Price quote,10.14,5,1,synthetic_demo
L011559,2026-05-17,Technology,1-50,Bulk order,24.54,1,0,synthetic_demo
L008216,2026-05-17,Manufacturing,51-200,Bulk order,32.07,2,0,synthetic_demo
L010163,2026-05-17,Retail,1-50,Bulk order,11.13,4,0,synthetic_demo
L011622,2026-05-17,Retail,1-50,Price quote,12.26,2,0,synthetic_demo
L009073,2026-05-17,Technology,201-1000,Supplier request,5.99,0,0,synthetic_demo
L004740,2026-05-17,Healthcare,201-1000,Product enquiry,13.29,3,0,synthetic_demo
L007554,2026-05-17,Manufacturing,1-50,Price quote,16.69,0,0,synthetic_demo
L001532,2026-05-17,Manufacturing,1-50,Product enquiry,16.79,2,0,synthetic_demo
L009169,2026-05-17,Manufacturing,201-1000,Bulk order,14.23,3,0,synthetic_demo
L007699,2026-05-17,Manufacturing,1-50,Product enquiry,11.11,3,0,synthetic_demo
L003996,2026-05-17,Manufacturing,51-200,Supplier request,4.17,2,0,synthetic_demo
L006649,2026-05-17,Construction,1-50,Price quote,11.42,3,0,synthetic_demo
L002066,2026-05-17,Construction,51-200,Product enquiry,7.41,1,0,synthetic_demo
L004144,2026-05-17,Retail,1001+,Product enquiry,6.43,2,0,synthetic_demo
L001150,2026-05-17,Construction,1-50,Product enquiry,36.65,1,0,synthetic_demo
L001430,2026-05-17,Retail,1001+,Bulk order,8.25,2,1,synthetic_demo
L006837,2026-05-17,Manufacturing,1-50,Supplier request,7.05,2,0,synthetic_demo
L003002,2026-05-17,Healthcare,1-50,Bulk order,18.49,3,0,synthetic_demo
L007814,2026-05-17,Manufacturing,1-50,Price quote,5.9,0,0,synthetic_demo
L001296,2026-05-17,Retail,1-50,Bulk order,3.13,8,1,synthetic_demo
L010936,2026-05-17,Manufacturing,51-200,Price quote,5.19,4,0,synthetic_demo
L011846,2026-05-17,Retail,51-200,Price quote,36.45,1,1,synthetic_demo
L005059,2026-05-17,Healthcare,51-200,Product enquiry,10.54,2,0,synthetic_demo
L002785,2026-05-17,Manufacturing,1-50,Bulk order,4.34,0,0,synthetic_demo
L010349,2026-05-17,Retail,1001+,Product enquiry,7.74,3,0,synthetic_demo
L010460,2026-05-17,Healthcare,1001+,Supplier request,1.86,2,0,synthetic_demo
L001614,2026-05-17,Retail,201-1000,Supplier request,7.6,1,0,synthetic_demo
L009590,2026-05-17,Manufacturing,51-200,Bulk order,30.05,1,0,synthetic_demo
L007820,2026-05-17,Retail,1001+,Bulk order,18.8,2,0,synthetic_demo
L003258,2026-05-17,Retail,1-50,Bulk order,6.03,3,0,synthetic_demo
L009267,2026-05-17,Retail,201-1000,Product enquiry,5.02,6,1,synthetic_demo
L009637,2026-05-17,Healthcare,1-50,Product enquiry,18.46,2,0,synthetic_demo
L001545,2026-05-17,Retail,1-50,Product enquiry,3.35,2,0,synthetic_demo
L002265,2026-05-17,Healthcare,201-1000,Bulk order,13.55,2,1,synthetic_demo
L000157,2026-05-17,Retail,201-1000,Price quote,19.19,2,0,synthetic_demo
L008957,2026-05-17,Technology,1-50,Supplier request,13.04,3,0,synthetic_demo
L011857,2026-05-17,Manufacturing,51-200,Supplier request,6.28,1,0,synthetic_demo
L010533,2026-05-17,Retail,201-1000,Product enquiry,2.47,3,0,synthetic_demo
L005789,2026-05-18,Technology,201-1000,Product enquiry,8.92,0,0,synthetic_demo
L005204,2026-05-18,Retail,1-50,Bulk order,5.16,3,1,synthetic_demo
L010336,2026-05-18,Construction,51-200,Price quote,7.39,1,0,synthetic_demo
L000919,2026-05-18,Retail,1-50,Bulk order,15.61,4,0,synthetic_demo
L009314,2026-05-18,Healthcare,1-50,Bulk order,19.9,4,1,synthetic_demo
L003906,2026-05-18,Technology,1-50,Product enquiry,5.82,0,0,synthetic_demo
L011070,2026-05-18,Retail,201-1000,Bulk order,15.14,2,0,synthetic_demo
L005605,2026-05-18,Healthcare,1-50,Bulk order,18.83,1,0,synthetic_demo
L005813,2026-05-18,Technology,51-200,Price quote,8.13,0,0,synthetic_demo
L003955,2026-05-18,Manufacturing,51-200,Product enquiry,14.89,3,0,synthetic_demo
L010132,2026-05-18,Manufacturing,51-200,Supplier request,8.24,3,0,synthetic_demo
L005543,2026-05-18,Healthcare,51-200,Price quote,8.01,3,0,synthetic_demo
L006257,2026-05-18,Technology,51-200,Price quote,4.07,1,0,synthetic_demo
L011226,2026-05-18,Manufacturing,1-50,Price quote,1.94,2,0,synthetic_demo
L001954,2026-05-18,Construction,201-1000,Bulk order,5.05,2,0,synthetic_demo
L000728,2026-05-18,Manufacturing,201-1000,Price quote,19.23,1,0,synthetic_demo
L010327,2026-05-18,Manufacturing,201-1000,Price quote,5.82,2,0,synthetic_demo
L009511,2026-05-18,Healthcare,1001+,Price quote,21.43,3,0,synthetic_demo
L009410,2026-05-18,Healthcare,51-200,Price quote,2.84,0,0,synthetic_demo
L005837,2026-05-18,Construction,1-50,Supplier request,8.26,2,0,synthetic_demo
L009654,2026-05-18,Technology,201-1000,Product enquiry,7.85,3,0,synthetic_demo
L002929,2026-05-18,Retail,51-200,Price quote,0.63,0,0,synthetic_demo
L005642,2026-05-18,Technology,1001+,Bulk order,10.97,4,1,synthetic_demo
L011358,2026-05-18,Construction,51-200,Price quote,6.76,3,0,synthetic_demo
L006734,2026-05-18,Technology,1001+,Product enquiry,2.69,0,0,synthetic_demo
L004162,2026-05-18,Retail,1-50,Bulk order,6.04,1,0,synthetic_demo
L008658,2026-05-18,Healthcare,51-200,Bulk order,9.34,3,0,synthetic_demo
L000074,2026-05-18,Manufacturing,1-50,Price quote,5.55,2,0,synthetic_demo
L008388,2026-05-18,Healthcare,1-50,Supplier request,5.98,1,0,synthetic_demo
L009556,2026-05-18,Manufacturing,201-1000,Bulk order,11.08,3,0,synthetic_demo
L009361,2026-05-18,Retail,1-50,Product enquiry,23.77,2,0,synthetic_demo
L006578,2026-05-18,Technology,1-50,Product enquiry,4.27,3,0,synthetic_demo
L011898,2026-05-18,Manufacturing,1001+,Price quote,18.98,1,0,synthetic_demo
L009779,2026-05-19,Technology,201-1000,Price quote,19.47,3,0,synthetic_demo
L005520,2026-05-19,Healthcare,201-1000,Price quote,4.36,3,0,synthetic_demo
L004042,2026-05-19,Technology,51-200,Price quote,11.5,1,0,synthetic_demo
L006898,2026-05-19,Manufacturing,1001+,Product enquiry,10.39,2,1,synthetic_demo
L001221,2026-05-19,Manufacturing,51-200,Bulk order,8.07,2,1,synthetic_demo
L001211,2026-05-19,Technology,201-1000,Product enquiry,6.08,0,0,synthetic_demo
L001487,2026-05-19,Construction,51-200,Price quote,15.63,3,1,synthetic_demo
L003847,2026-05-19,Technology,51-200,Supplier request,7.63,4,0,synthetic_demo
L001268,2026-05-19,Construction,51-200,Supplier request,4.24,2,0,synthetic_demo
L002706,2026-05-19,Retail,1-50,Price quote,12.99,1,0,synthetic_demo
L006147,2026-05-19,Technology,201-1000,Price quote,0.94,2,0,synthetic_demo
L000717,2026-05-19,Healthcare,51-200,Price quote,11.8,0,0,synthetic_demo
L004867,2026-05-19,Retail,51-200,Price quote,10.24,2,0,synthetic_demo
L004809,2026-05-19,Retail,201-1000,Product enquiry,17.72,1,0,synthetic_demo
L010024,2026-05-19,Construction,1001+,Supplier request,8.07,2,0,synthetic_demo
L009026,2026-05-19,Healthcare,51-200,Bulk order,7.34,1,0,synthetic_demo
L004285,2026-05-19,Construction,201-1000,Bulk order,5.81,1,0,synthetic_demo
L002732,2026-05-19,Retail,1-50,Supplier request,19.12,1,0,synthetic_demo
L005630,2026-05-19,Retail,201-1000,Price quote,5.78,2,0,synthetic_demo
L011958,2026-05-19,Manufacturing,51-200,Price quote,10.13,1,0,synthetic_demo
L003997,2026-05-19,Manufacturing,1001+,Product enquiry,20.1,3,0,synthetic_demo
L007019,2026-05-19,Manufacturing,1-50,Supplier request,20.79,1,0,synthetic_demo
L005052,2026-05-19,Retail,1-50,Product enquiry,7.83,1,0,synthetic_demo
L002039,2026-05-19,Healthcare,201-1000,Bulk order,8.66,4,1,synthetic_demo
L005838,2026-05-19,Healthcare,51-200,Supplier request,3.44,5,0,synthetic_demo
L003352,2026-05-19,Manufacturing,51-200,Product enquiry,9.4,1,0,synthetic_demo
L002521,2026-05-19,Manufacturing,51-200,Price quote,4.25,2,1,synthetic_demo
L009017,2026-05-19,Technology,51-200,Price quote,16.0,3,0,synthetic_demo
L008976,2026-05-19,Manufacturing,201-1000,Bulk order,15.54,0,0,synthetic_demo
L005079,2026-05-19,Retail,201-1000,Product enquiry,8.68,2,0,synthetic_demo
L008587,2026-05-19,Manufacturing,1-50,Supplier request,13.47,1,0,synthetic_demo
L006329,2026-05-19,Retail,1-50,Bulk order,13.69,3,0,synthetic_demo
L004014,2026-05-19,Manufacturing,1-50,Bulk order,11.24,1,0,synthetic_demo
L010769,2026-05-19,Technology,51-200,Price quote,23.66,1,0,synthetic_demo
L008488,2026-05-19,Manufacturing,1-50,Price quote,4.56,4,1,synthetic_demo
L003845,2026-05-19,Construction,1001+,Bulk order,27.57,3,1,synthetic_demo
L003642,2026-05-20,Manufacturing,51-200,Price quote,16.64,2,1,synthetic_demo
L001587,2026-05-20,Retail,51-200,Product enquiry,9.33,3,0,synthetic_demo
L003050,2026-05-20,Manufacturing,1001+,Bulk order,7.79,1,1,synthetic_demo
L000490,2026-05-20,Healthcare,1-50,Product enquiry,10.15,2,0,synthetic_demo
L003026,2026-05-20,Manufacturing,201-1000,Price quote,4.2,3,1,synthetic_demo
L002630,2026-05-20,Manufacturing,51-200,Price quote,4.56,2,0,synthetic_demo
L007988,2026-05-20,Construction,201-1000,Product enquiry,17.96,3,0,synthetic_demo
L005682,2026-05-20,Retail,51-200,Product enquiry,7.53,2,0,synthetic_demo
L010091,2026-05-20,Technology,201-1000,Price quote,12.55,3,1,synthetic_demo
L007507,2026-05-20,Construction,201-1000,Bulk order,7.01,2,0,synthetic_demo
L002131,2026-05-20,Manufacturing,201-1000,Product enquiry,6.31,4,0,synthetic_demo
L011952,2026-05-20,Retail,1-50,Supplier request,8.7,4,0,synthetic_demo
L011367,2026-05-20,Manufacturing,1001+,Bulk order,7.3,0,0,synthetic_demo
L002741,2026-05-20,Manufacturing,51-200,Bulk order,5.02,7,1,synthetic_demo
L000304,2026-05-20,Healthcare,51-200,Product enquiry,3.51,3,0,synthetic_demo
L005648,2026-05-20,Manufacturing,51-200,Price quote,8.98,0,0,synthetic_demo
L010130,2026-05-20,Retail,201-1000,Supplier request,5.73,2,0,synthetic_demo
L008383,2026-05-20,Manufacturing,1-50,Bulk order,6.42,4,1,synthetic_demo
L003087,2026-05-20,Manufacturing,1-50,Price quote,2.42,0,0,synthetic_demo
L001340,2026-05-20,Retail,1-50,Bulk order,19.97,4,0,synthetic_demo
L004114,2026-05-20,Healthcare,1001+,Bulk order,4.73,0,0,synthetic_demo
L003881,2026-05-20,Technology,1-50,Price quote,15.94,3,0,synthetic_demo
L001627,2026-05-20,Retail,201-1000,Bulk order,15.81,2,0,synthetic_demo
L006917,2026-05-20,Retail,51-200,Bulk order,21.83,3,1,synthetic_demo
L004929,2026-05-21,Technology,1-50,Bulk order,26.02,1,0,synthetic_demo
L011804,2026-05-21,Technology,51-200,Product enquiry,1.02,4,1,synthetic_demo
L000979,2026-05-21,Healthcare,1-50,Supplier request,11.65,4,1,synthetic_demo
L002608,2026-05-21,Manufacturing,51-200,Supplier request,7.07,4,0,synthetic_demo
L001683,2026-05-21,Technology,1-50,Supplier request,19.85,1,0,synthetic_demo
L001818,2026-05-21,Retail,201-1000,Price quote,7.52,2,0,synthetic_demo
L000346,2026-05-21,Technology,51-200,Bulk order,7.79,4,0,synthetic_demo
L000270,2026-05-21,Manufacturing,1-50,Supplier request,13.8,2,1,synthetic_demo
L011909,2026-05-21,Retail,51-200,Price quote,10.52,3,0,synthetic_demo
L004737,2026-05-21,Technology,201-1000,Bulk order,16.54,0,0,synthetic_demo
L000096,2026-05-21,Healthcare,51-200,Price quote,26.11,3,0,synthetic_demo
L001677,2026-05-21,Technology,51-200,Price quote,5.5,4,0,synthetic_demo
L008246,2026-05-21,Manufacturing,1-50,Price quote,4.32,4,0,synthetic_demo
L004757,2026-05-21,Retail,1-50,Price quote,14.45,2,0,synthetic_demo
L003665,2026-05-21,Manufacturing,1-50,Bulk order,18.08,2,0,synthetic_demo
L005388,2026-05-21,Manufacturing,201-1000,Product enquiry,13.75,1,1,synthetic_demo
L006663,2026-05-21,Manufacturing,51-200,Price quote,2.36,1,0,synthetic_demo
L002312,2026-05-21,Manufacturing,1-50,Product enquiry,6.15,4,0,synthetic_demo
L011718,2026-05-21,Technology,1001+,Supplier request,5.81,3,0,synthetic_demo
L007692,2026-05-21,Retail,1001+,Price quote,7.33,2,1,synthetic_demo
L000589,2026-05-21,Manufacturing,51-200,Product enquiry,20.16,4,0,synthetic_demo
L011342,2026-05-21,Manufacturing,1-50,Product enquiry,0.76,3,0,synthetic_demo
L001957,2026-05-21,Healthcare,1-50,Supplier request,19.8,2,0,synthetic_demo
L003634,2026-05-21,Retail,1001+,Price quote,7.57,1,0,synthetic_demo
L008829,2026-05-21,Manufacturing,51-200,Bulk order,2.46,4,1,synthetic_demo
L010725,2026-05-21,Construction,1001+,Price quote,5.39,2,0,synthetic_demo
L011754,2026-05-21,Healthcare,51-200,Price quote,3.32,2,0,synthetic_demo
L004391,2026-05-21,Manufacturing,201-1000,Price quote,38.28,3,0,synthetic_demo
L003843,2026-05-21,Technology,51-200,Supplier request,14.6,1,0,synthetic_demo
L004595,2026-05-21,Manufacturing,51-200,Bulk order,15.23,4,1,synthetic_demo
L004658,2026-05-21,Manufacturing,1-50,Bulk order,9.23,4,0,synthetic_demo
L009281,2026-05-21,Construction,51-200,Product enquiry,8.09,1,0,synthetic_demo
L000537,2026-05-21,Healthcare,1-50,Bulk order,14.72,2,0,synthetic_demo
L002413,2026-05-22,Retail,1-50,Price quote,3.78,4,0,synthetic_demo
L002605,2026-05-22,Manufacturing,1001+,Product enquiry,5.4,4,1,synthetic_demo
L010606,2026-05-22,Manufacturing,51-200,Product enquiry,4.4,0,0,synthetic_demo
L005042,2026-05-22,Manufacturing,201-1000,Supplier request,7.68,3,1,synthetic_demo
L003922,2026-05-22,Construction,201-1000,Price quote,4.5,4,0,synthetic_demo
L008869,2026-05-22,Retail,1-50,Bulk order,4.09,3,0,synthetic_demo
L008571,2026-05-22,Healthcare,51-200,Bulk order,14.33,4,0,synthetic_demo
L006548,2026-05-22,Healthcare,201-1000,Supplier request,13.94,4,1,synthetic_demo
L000164,2026-05-22,Manufacturing,201-1000,Bulk order,7.4,2,0,synthetic_demo
L010184,2026-05-22,Manufacturing,1-50,Price quote,7.75,0,0,synthetic_demo
L001325,2026-05-22,Retail,201-1000,Price quote,17.26,5,0,synthetic_demo
L001375,2026-05-22,Construction,1001+,Product enquiry,18.23,6,0,synthetic_demo
L005957,2026-05-22,Healthcare,201-1000,Bulk order,21.13,2,0,synthetic_demo
L004994,2026-05-22,Retail,201-1000,Supplier request,4.1,1,0,synthetic_demo
L008989,2026-05-22,Manufacturing,51-200,Price quote,7.97,0,0,synthetic_demo
L004959,2026-05-22,Retail,201-1000,Product enquiry,12.91,4,0,synthetic_demo
L004207,2026-05-22,Manufacturing,1001+,Price quote,9.29,3,1,synthetic_demo
L010048,2026-05-22,Retail,1-50,Supplier request,6.36,2,0,synthetic_demo
L004693,2026-05-22,Technology,51-200,Product enquiry,10.08,2,0,synthetic_demo
L001423,2026-05-22,Retail,1001+,Bulk order,4.89,5,0,synthetic_demo
L010222,2026-05-22,Technology,201-1000,Bulk order,6.93,3,0,synthetic_demo
L000375,2026-05-22,Manufacturing,1-50,Price quote,12.25,1,0,synthetic_demo
L009836,2026-05-22,Manufacturing,51-200,Bulk order,14.39,0,0,synthetic_demo
L003059,2026-05-22,Manufacturing,1001+,Price quote,30.37,2,0,synthetic_demo
L010438,2026-05-22,Construction,1-50,Bulk order,5.56,4,0,synthetic_demo
L008486,2026-05-23,Technology,1001+,Supplier request,1.54,0,1,synthetic_demo
L008247,2026-05-23,Manufacturing,1-50,Product enquiry,9.42,1,0,synthetic_demo
L000902,2026-05-23,Manufacturing,201-1000,Product enquiry,11.18,5,1,synthetic_demo
L004326,2026-05-23,Healthcare,51-200,Product enquiry,34.26,6,0,synthetic_demo
L007171,2026-05-23,Healthcare,201-1000,Supplier request,9.8,0,0,synthetic_demo
L010094,2026-05-23,Healthcare,51-200,Bulk order,9.72,2,0,synthetic_demo
L005498,2026-05-23,Retail,201-1000,Bulk order,6.38,3,1,synthetic_demo
L004657,2026-05-23,Construction,51-200,Price quote,15.27,1,0,synthetic_demo
L003639,2026-05-23,Technology,51-200,Bulk order,6.52,2,0,synthetic_demo
L002464,2026-05-23,Healthcare,1-50,Price quote,3.36,4,1,synthetic_demo
L001949,2026-05-23,Manufacturing,1001+,Product enquiry,9.72,2,0,synthetic_demo
L008907,2026-05-23,Retail,201-1000,Product enquiry,7.5,4,0,synthetic_demo
L000544,2026-05-23,Construction,51-200,Bulk order,23.4,3,0,synthetic_demo
L004574,2026-05-23,Retail,1-50,Price quote,14.45,1,1,synthetic_demo
L007342,2026-05-23,Retail,51-200,Supplier request,10.28,4,0,synthetic_demo
L010656,2026-05-23,Manufacturing,201-1000,Product enquiry,18.91,0,0,synthetic_demo
L010869,2026-05-23,Technology,201-1000,Bulk order,12.08,2,0,synthetic_demo
L002433,2026-05-23,Healthcare,201-1000,Bulk order,19.31,3,0,synthetic_demo
L007387,2026-05-23,Healthcare,201-1000,Price quote,5.01,5,1,synthetic_demo
L005773,2026-05-23,Manufacturing,201-1000,Product enquiry,13.2,2,0,synthetic_demo
L011472,2026-05-23,Retail,1-50,Supplier request,9.02,1,0,synthetic_demo
L008718,2026-05-23,Manufacturing,201-1000,Price quote,1.2,2,1,synthetic_demo
L007752,2026-05-23,Manufacturing,201-1000,Product enquiry,22.85,2,0,synthetic_demo
L011626,2026-05-23,Retail,1001+,Supplier request,10.56,6,0,synthetic_demo
L001088,2026-05-23,Technology,1-50,Price quote,14.25,1,0,synthetic_demo
L002789,2026-05-23,Construction,51-200,Product enquiry,2.94,2,0,synthetic_demo
L004073,2026-05-23,Retail,51-200,Bulk order,7.85,3,0,synthetic_demo
L000365,2026-05-23,Technology,1001+,Bulk order,22.4,3,1,synthetic_demo
L004122,2026-05-23,Technology,1001+,Bulk order,4.59,1,0,synthetic_demo
L003711,2026-05-23,Construction,1001+,Price quote,24.36,3,0,synthetic_demo
L007098,2026-05-24,Retail,51-200,Price quote,8.4,3,1,synthetic_demo
L001759,2026-05-24,Construction,1-50,Product enquiry,12.75,5,0,synthetic_demo
L006943,2026-05-24,Healthcare,51-200,Bulk order,11.29,2,1,synthetic_demo
L010106,2026-05-24,Retail,201-1000,Price quote,22.97,4,0,synthetic_demo
L004745,2026-05-24,Manufacturing,1-50,Supplier request,14.24,0,0,synthetic_demo
L004409,2026-05-24,Construction,201-1000,Price quote,11.73,1,0,synthetic_demo
L000869,2026-05-24,Manufacturing,1-50,Product enquiry,2.08,1,0,synthetic_demo
L009960,2026-05-24,Retail,201-1000,Supplier request,14.06,3,0,synthetic_demo
L004610,2026-05-24,Construction,201-1000,Price quote,9.78,3,1,synthetic_demo
L010776,2026-05-24,Retail,51-200,Price quote,9.37,3,0,synthetic_demo
L004456,2026-05-24,Retail,201-1000,Product enquiry,8.62,0,0,synthetic_demo
L005056,2026-05-24,Retail,1-50,Bulk order,16.15,4,0,synthetic_demo
L005229,2026-05-24,Manufacturing,1001+,Price quote,7.97,1,1,synthetic_demo
L005178,2026-05-24,Manufacturing,201-1000,Bulk order,7.47,2,1,synthetic_demo
L008009,2026-05-24,Technology,201-1000,Product enquiry,26.39,1,0,synthetic_demo
L001846,2026-05-24,Healthcare,1-50,Bulk order,3.37,2,0,synthetic_demo
L008688,2026-05-24,Manufacturing,51-200,Price quote,10.36,2,0,synthetic_demo
L006480,2026-05-24,Retail,1-50,Supplier request,5.96,0,0,synthetic_demo
L003354,2026-05-24,Retail,201-1000,Bulk order,6.32,1,0,synthetic_demo
L009580,2026-05-24,Manufacturing,1-50,Product enquiry,7.01,6,0,synthetic_demo
L000368,2026-05-24,Technology,1-50,Supplier request,12.74,1,0,synthetic_demo
L006052,2026-05-24,Healthcare,1-50,Price quote,12.67,3,0,synthetic_demo
L008313,2026-05-24,Manufacturing,51-200,Product enquiry,13.97,3,0,synthetic_demo
L008341,2026-05-24,Manufacturing,51-200,Bulk order,23.52,0,0,synthetic_demo
L003211,2026-05-24,Retail,201-1000,Product enquiry,9.42,1,0,synthetic_demo
L001523,2026-05-25,Construction,51-200,Bulk order,8.32,5,0,synthetic_demo
L000758,2026-05-25,Construction,1-50,Product enquiry,10.86,1,0,synthetic_demo
L004062,2026-05-25,Technology,1-50,Supplier request,13.51,2,0,synthetic_demo
L001948,2026-05-25,Construction,1-50,Supplier request,6.91,2,0,synthetic_demo
L005623,2026-05-25,Healthcare,201-1000,Price quote,15.18,4,0,synthetic_demo
L002754,2026-05-25,Manufacturing,1001+,Bulk order,18.05,2,0,synthetic_demo
L003415,2026-05-25,Retail,1-50,Price quote,30.36,4,0,synthetic_demo
L001916,2026-05-25,Manufacturing,201-1000,Product enquiry,23.32,4,0,synthetic_demo
L005322,2026-05-25,Healthcare,201-1000,Price quote,4.26,0,0,synthetic_demo
L000560,2026-05-25,Healthcare,1-50,Product enquiry,18.54,4,0,synthetic_demo
L005542,2026-05-25,Healthcare,1-50,Product enquiry,9.05,1,0,synthetic_demo
L010444,2026-05-25,Healthcare,201-1000,Price quote,11.34,3,0,synthetic_demo
L004669,2026-05-25,Construction,51-200,Product enquiry,12.44,4,0,synthetic_demo
L011274,2026-05-25,Manufacturing,201-1000,Product enquiry,16.51,2,0,synthetic_demo
L003631,2026-05-25,Manufacturing,201-1000,Bulk order,9.52,3,1,synthetic_demo
L011380,2026-05-25,Retail,201-1000,Product enquiry,15.07,1,0,synthetic_demo
L007978,2026-05-25,Construction,51-200,Price quote,12.49,4,0,synthetic_demo
L005484,2026-05-25,Retail,51-200,Price quote,5.93,3,0,synthetic_demo
L010866,2026-05-25,Manufacturing,51-200,Product enquiry,10.21,1,0,synthetic_demo
L007986,2026-05-25,Manufacturing,51-200,Product enquiry,12.64,3,0,synthetic_demo
L004027,2026-05-25,Technology,201-1000,Bulk order,5.68,1,0,synthetic_demo
L005362,2026-05-25,Manufacturing,1-50,Price quote,18.51,1,0,synthetic_demo
L009684,2026-05-25,Retail,201-1000,Product enquiry,4.76,2,0,synthetic_demo
L004700,2026-05-25,Technology,1001+,Product enquiry,17.54,0,1,synthetic_demo
L004554,2026-05-25,Technology,1001+,Supplier request,3.91,4,0,synthetic_demo
L010275,2026-05-25,Manufacturing,1-50,Bulk order,7.64,5,1,synthetic_demo
L002040,2026-05-25,Technology,51-200,Price quote,4.77,1,0,synthetic_demo
L007388,2026-05-25,Manufacturing,51-200,Price quote,14.01,4,0,synthetic_demo
L009977,2026-05-25,Technology,1-50,Supplier request,16.55,1,0,synthetic_demo
L007251,2026-05-25,Healthcare,51-200,Product enquiry,21.1,4,0,synthetic_demo
L008011,2026-05-25,Construction,51-200,Supplier request,7.9,2,0,synthetic_demo
L007096,2026-05-26,Manufacturing,51-200,Price quote,3.56,6,0,synthetic_demo
L003901,2026-05-26,Manufacturing,1-50,Supplier request,8.55,2,1,synthetic_demo
L001589,2026-05-26,Retail,201-1000,Bulk order,3.25,1,0,synthetic_demo
L003788,2026-05-26,Manufacturing,51-200,Product enquiry,22.1,2,0,synthetic_demo
L000131,2026-05-26,Manufacturing,51-200,Price quote,12.85,1,0,synthetic_demo
L008505,2026-05-26,Technology,201-1000,Supplier request,16.35,1,0,synthetic_demo
L004179,2026-05-26,Technology,1-50,Product enquiry,36.53,0,0,synthetic_demo
L006719,2026-05-26,Healthcare,1-50,Product enquiry,8.01,3,1,synthetic_demo
L000559,2026-05-26,Healthcare,51-200,Price quote,20.74,3,0,synthetic_demo
L005438,2026-05-26,Manufacturing,51-200,Supplier request,21.37,1,0,synthetic_demo
L000048,2026-05-26,Retail,51-200,Product enquiry,2.52,1,0,synthetic_demo
L008336,2026-05-26,Technology,201-1000,Price quote,25.97,2,0,synthetic_demo
L005192,2026-05-26,Technology,51-200,Product enquiry,2.72,5,0,synthetic_demo
L010343,2026-05-26,Manufacturing,1-50,Bulk order,14.86,3,1,synthetic_demo
L006936,2026-05-26,Technology,201-1000,Supplier request,14.32,1,0,synthetic_demo
L007555,2026-05-26,Technology,1-50,Bulk order,6.93,3,0,synthetic_demo
L001866,2026-05-26,Construction,1-50,Price quote,19.3,2,1,synthetic_demo
L007560,2026-05-26,Construction,1-50,Product enquiry,4.55,2,0,synthetic_demo
L010777,2026-05-26,Construction,201-1000,Supplier request,10.21,3,0,synthetic_demo
L001008,2026-05-26,Retail,51-200,Price quote,2.93,4,1,synthetic_demo
L007241,2026-05-26,Healthcare,201-1000,Price quote,5.76,3,1,synthetic_demo
L003883,2026-05-26,Technology,1-50,Product enquiry,9.13,3,1,synthetic_demo
L011368,2026-05-26,Technology,51-200,Price quote,4.71,3,0,synthetic_demo
L004735,2026-05-26,Construction,51-200,Price quote,16.66,3,0,synthetic_demo
L004427,2026-05-26,Manufacturing,51-200,Supplier request,12.09,3,0,synthetic_demo
L009704,2026-05-26,Retail,51-200,Price quote,2.31,1,0,synthetic_demo
L006374,2026-05-26,Technology,51-200,Price quote,7.41,1,0,synthetic_demo
L003270,2026-05-26,Manufacturing,1-50,Product enquiry,14.29,3,0,synthetic_demo
L002712,2026-05-26,Manufacturing,51-200,Price quote,7.3,3,0,synthetic_demo
L001717,2026-05-26,Retail,201-1000,Bulk order,27.15,2,0,synthetic_demo
L005176,2026-05-27,Manufacturing,51-200,Product enquiry,10.24,1,0,synthetic_demo
L002038,2026-05-27,Manufacturing,51-200,Bulk order,14.44,3,1,synthetic_demo
L001145,2026-05-27,Retail,51-200,Supplier request,8.93,1,0,synthetic_demo
L002663,2026-05-27,Retail,201-1000,Bulk order,2.39,2,0,synthetic_demo
L004495,2026-05-27,Retail,1-50,Product enquiry,22.35,3,0,synthetic_demo
L008859,2026-05-27,Manufacturing,1-50,Product enquiry,25.21,2,0,synthetic_demo
L004989,2026-05-27,Construction,51-200,Product enquiry,5.83,2,0,synthetic_demo
L004707,2026-05-27,Manufacturing,51-200,Price quote,5.28,3,0,synthetic_demo
L003501,2026-05-27,Retail,51-200,Bulk order,7.19,2,0,synthetic_demo
L010929,2026-05-27,Construction,51-200,Bulk order,9.51,2,0,synthetic_demo
L007276,2026-05-27,Technology,1-50,Supplier request,2.56,3,0,synthetic_demo
L004880,2026-05-27,Retail,51-200,Supplier request,8.76,1,0,synthetic_demo
L006131,2026-05-27,Retail,51-200,Supplier request,11.56,2,0,synthetic_demo
L006888,2026-05-27,Manufacturing,1-50,Product enquiry,2.65,3,0,synthetic_demo
L003199,2026-05-27,Manufacturing,1-50,Price quote,6.59,1,0,synthetic_demo
L009905,2026-05-27,Healthcare,1-50,Product enquiry,12.66,3,0,synthetic_demo
L009248,2026-05-27,Retail,51-200,Price quote,21.18,1,0,synthetic_demo
L003992,2026-05-27,Retail,1001+,Price quote,12.21,3,0,synthetic_demo
L000887,2026-05-27,Retail,51-200,Supplier request,11.77,1,0,synthetic_demo
L003008,2026-05-27,Manufacturing,1001+,Bulk order,2.82,5,0,synthetic_demo
L009933,2026-05-27,Healthcare,201-1000,Supplier request,16.32,2,1,synthetic_demo
L002914,2026-05-27,Technology,51-200,Product enquiry,11.8,2,0,synthetic_demo
L009743,2026-05-27,Healthcare,1-50,Product enquiry,6.97,1,0,synthetic_demo
L009303,2026-05-27,Manufacturing,51-200,Price quote,3.06,1,0,synthetic_demo
L008496,2026-05-27,Healthcare,201-1000,Supplier request,19.44,4,1,synthetic_demo
L001553,2026-05-27,Retail,1-50,Supplier request,27.63,1,0,synthetic_demo
L005904,2026-05-27,Technology,1-50,Bulk order,11.43,1,0,synthetic_demo
L000552,2026-05-27,Manufacturing,51-200,Product enquiry,2.97,2,0,synthetic_demo
L009609,2026-05-27,Construction,51-200,Price quote,8.03,2,0,synthetic_demo
L010252,2026-05-27,Construction,201-1000,Product enquiry,6.47,3,0,synthetic_demo
L000511,2026-05-27,Manufacturing,1-50,Supplier request,9.7,0,0,synthetic_demo
L003649,2026-05-27,Manufacturing,51-200,Price quote,3.53,1,0,synthetic_demo
L004147,2026-05-27,Manufacturing,1-50,Bulk order,7.78,1,0,synthetic_demo
L011387,2026-05-27,Manufacturing,201-1000,Bulk order,3.34,1,0,synthetic_demo
L004624,2026-05-27,Construction,201-1000,Product enquiry,10.6,1,0,synthetic_demo
L003884,2026-05-27,Retail,201-1000,Product enquiry,2.34,4,0,synthetic_demo
L006910,2026-05-28,Retail,51-200,Bulk order,7.11,0,0,synthetic_demo
L011275,2026-05-28,Manufacturing,51-200,Supplier request,8.01,2,1,synthetic_demo
L011201,2026-05-28,Technology,51-200,Bulk order,6.52,0,1,synthetic_demo
L002092,2026-05-28,Construction,51-200,Price quote,15.55,3,0,synthetic_demo
L011029,2026-05-28,Healthcare,201-1000,Product enquiry,21.32,1,0,synthetic_demo
L006404,2026-05-28,Healthcare,1-50,Supplier request,11.13,5,0,synthetic_demo
L004220,2026-05-28,Technology,51-200,Price quote,4.95,3,0,synthetic_demo
L004265,2026-05-28,Technology,1001+,Product enquiry,4.16,7,0,synthetic_demo
L003469,2026-05-28,Retail,1-50,Bulk order,19.21,3,0,synthetic_demo
L011179,2026-05-28,Construction,1001+,Product enquiry,16.32,4,0,synthetic_demo
L002459,2026-05-28,Retail,51-200,Product enquiry,9.11,2,0,synthetic_demo
L010154,2026-05-28,Retail,201-1000,Product enquiry,11.77,1,0,synthetic_demo
L002490,2026-05-28,Healthcare,1-50,Product enquiry,4.4,2,0,synthetic_demo
L002774,2026-05-28,Manufacturing,1-50,Product enquiry,10.09,1,1,synthetic_demo
L008345,2026-05-28,Technology,201-1000,Product enquiry,24.87,2,0,synthetic_demo
L003602,2026-05-28,Manufacturing,1-50,Price quote,6.17,2,0,synthetic_demo
L001036,2026-05-28,Healthcare,201-1000,Supplier request,3.47,6,1,synthetic_demo
L003278,2026-05-28,Healthcare,201-1000,Product enquiry,13.1,1,1,synthetic_demo
L003770,2026-05-28,Healthcare,201-1000,Product enquiry,5.91,1,0,synthetic_demo
L000827,2026-05-28,Healthcare,1001+,Product enquiry,7.74,1,0,synthetic_demo
L010666,2026-05-28,Healthcare,1001+,Bulk order,5.24,2,1,synthetic_demo
L006122,2026-05-28,Retail,51-200,Price quote,21.48,2,0,synthetic_demo
L004999,2026-05-28,Retail,1-50,Supplier request,9.24,0,0,synthetic_demo
L005412,2026-05-28,Technology,1001+,Price quote,11.41,3,0,synthetic_demo
L005554,2026-05-28,Manufacturing,51-200,Supplier request,2.17,0,0,synthetic_demo
L008537,2026-05-28,Manufacturing,51-200,Price quote,15.95,1,0,synthetic_demo
L004442,2026-05-28,Retail,1001+,Bulk order,18.51,2,1,synthetic_demo
L002653,2026-05-28,Technology,51-200,Price quote,4.12,3,1,synthetic_demo
L007428,2026-05-28,Manufacturing,201-1000,Bulk order,10.63,4,1,synthetic_demo
L005827,2026-05-28,Technology,1-50,Bulk order,5.58,1,0,synthetic_demo
L005758,2026-05-28,Healthcare,1001+,Product enquiry,10.44,3,0,synthetic_demo
L010695,2026-05-28,Technology,201-1000,Bulk order,11.18,2,1,synthetic_demo
L007900,2026-05-28,Retail,1-50,Bulk order,3.67,2,0,synthetic_demo
L008519,2026-05-28,Healthcare,1001+,Supplier request,9.04,1,0,synthetic_demo
L000969,2026-05-29,Healthcare,1-50,Price quote,7.59,1,0,synthetic_demo
L003917,2026-05-29,Healthcare,201-1000,Price quote,13.71,0,0,synthetic_demo
L006788,2026-05-29,Technology,1-50,Price quote,16.1,1,0,synthetic_demo
L003939,2026-05-29,Healthcare,201-1000,Product enquiry,3.06,5,0,synthetic_demo
L002067,2026-05-29,Healthcare,1001+,Bulk order,13.96,2,0,synthetic_demo
L000311,2026-05-29,Retail,1001+,Price quote,12.01,0,0,synthetic_demo
L008659,2026-05-29,Healthcare,1-50,Supplier request,8.07,2,0,synthetic_demo
L005496,2026-05-29,Manufacturing,1-50,Product enquiry,42.14,2,0,synthetic_demo
L010463,2026-05-29,Manufacturing,51-200,Price quote,17.23,2,0,synthetic_demo
L011860,2026-05-29,Healthcare,1001+,Price quote,15.56,0,0,synthetic_demo
L004699,2026-05-29,Healthcare,201-1000,Product enquiry,16.34,3,0,synthetic_demo
L009641,2026-05-29,Technology,201-1000,Bulk order,2.98,3,1,synthetic_demo
L008607,2026-05-29,Manufacturing,51-200,Bulk order,12.43,4,0,synthetic_demo
L006503,2026-05-29,Healthcare,201-1000,Supplier request,33.44,2,0,synthetic_demo
L005299,2026-05-29,Manufacturing,1-50,Price quote,1.79,3,0,synthetic_demo
L005442,2026-05-29,Technology,1-50,Product enquiry,5.32,5,0,synthetic_demo
L000282,2026-05-29,Manufacturing,1001+,Bulk order,10.34,1,1,synthetic_demo
L010442,2026-05-29,Retail,1001+,Price quote,7.38,1,0,synthetic_demo
L004189,2026-05-29,Manufacturing,1001+,Price quote,4.1,2,0,synthetic_demo
L004874,2026-05-29,Healthcare,1001+,Bulk order,3.36,1,0,synthetic_demo
L010714,2026-05-29,Manufacturing,51-200,Price quote,14.47,2,0,synthetic_demo
L000269,2026-05-29,Manufacturing,1-50,Bulk order,30.45,2,0,synthetic_demo
L003414,2026-05-29,Manufacturing,201-1000,Bulk order,2.86,2,0,synthetic_demo
L002238,2026-05-29,Retail,51-200,Supplier request,19.5,0,0,synthetic_demo
L011685,2026-05-29,Technology,201-1000,Supplier request,7.85,3,0,synthetic_demo
L000252,2026-05-29,Construction,1-50,Price quote,14.66,1,0,synthetic_demo
L003063,2026-05-29,Manufacturing,51-200,Bulk order,12.94,2,0,synthetic_demo
L002945,2026-05-29,Retail,201-1000,Price quote,24.07,2,0,synthetic_demo
L008059,2026-05-29,Technology,201-1000,Bulk order,2.61,0,0,synthetic_demo
L011988,2026-05-29,Manufacturing,1-50,Product enquiry,8.68,2,0,synthetic_demo
L003801,2026-05-29,Manufacturing,201-1000,Product enquiry,5.18,2,0,synthetic_demo
L000075,2026-05-29,Manufacturing,51-200,Product enquiry,15.0,3,0,synthetic_demo
L006579,2026-05-29,Construction,1001+,Product enquiry,19.06,0,0,synthetic_demo
L004059,2026-05-29,Retail,201-1000,Supplier request,12.97,1,0,synthetic_demo
L007177,2026-05-29,Manufacturing,201-1000,Supplier request,16.69,0,0,synthetic_demo
L007223,2026-05-29,Healthcare,51-200,Bulk order,18.09,5,1,synthetic_demo
L006565,2026-05-29,Retail,51-200,Bulk order,0.96,0,0,synthetic_demo
L006582,2026-05-29,Healthcare,201-1000,Bulk order,7.16,2,0,synthetic_demo
L002759,2026-05-29,Technology,1-50,Price quote,18.11,1,0,synthetic_demo
L009780,2026-05-29,Technology,51-200,Price quote,27.05,3,0,synthetic_demo
L002714,2026-05-29,Manufacturing,1-50,Price quote,19.43,2,0,synthetic_demo
L008316,2026-05-29,Healthcare,51-200,Supplier request,8.45,1,0,synthetic_demo
L005152,2026-05-29,Manufacturing,1-50,Price quote,15.96,1,0,synthetic_demo
L007329,2026-05-29,Retail,1-50,Price quote,8.07,2,1,synthetic_demo
L007253,2026-05-29,Construction,51-200,Product enquiry,3.33,5,0,synthetic_demo
L002428,2026-05-30,Technology,1-50,Bulk order,18.63,2,0,synthetic_demo
L007686,2026-05-30,Technology,1-50,Bulk order,8.61,1,0,synthetic_demo
L003377,2026-05-30,Manufacturing,1001+,Bulk order,4.55,5,0,synthetic_demo
L003262,2026-05-30,Technology,1001+,Bulk order,23.71,4,0,synthetic_demo
L005491,2026-05-30,Retail,201-1000,Supplier request,18.25,1,0,synthetic_demo
L001239,2026-05-30,Manufacturing,1-50,Supplier request,4.48,3,0,synthetic_demo
L008993,2026-05-30,Manufacturing,1-50,Price quote,12.76,3,1,synthetic_demo
L005911,2026-05-30,Construction,201-1000,Product enquiry,26.64,2,0,synthetic_demo
L010563,2026-05-30,Technology,51-200,Supplier request,13.31,2,0,synthetic_demo
L009367,2026-05-30,Technology,51-200,Supplier request,4.63,5,0,synthetic_demo
L007126,2026-05-30,Construction,201-1000,Bulk order,5.25,1,0,synthetic_demo
L000467,2026-05-30,Healthcare,1-50,Product enquiry,5.15,1,0,synthetic_demo
L005145,2026-05-30,Retail,201-1000,Supplier request,20.99,1,0,synthetic_demo
L007913,2026-05-30,Retail,1-50,Price quote,1.66,4,1,synthetic_demo
L003154,2026-05-30,Manufacturing,1-50,Bulk order,6.37,1,1,synthetic_demo
L009550,2026-05-30,Manufacturing,51-200,Price quote,11.05,1,1,synthetic_demo
L011129,2026-05-30,Manufacturing,1-50,Product enquiry,14.62,2,0,synthetic_demo
L004577,2026-05-30,Technology,1-50,Supplier request,17.42,3,0,synthetic_demo
L005283,2026-05-30,Construction,1001+,Bulk order,15.46,3,1,synthetic_demo
L002315,2026-05-30,Retail,1001+,Bulk order,21.41,0,0,synthetic_demo
L009487,2026-05-30,Healthcare,201-1000,Product enquiry,6.2,1,0,synthetic_demo
L007504,2026-05-30,Retail,1001+,Supplier request,21.51,1,0,synthetic_demo
L007485,2026-05-30,Retail,51-200,Price quote,15.87,5,0,synthetic_demo
L003555,2026-05-30,Retail,201-1000,Bulk order,12.62,1,0,synthetic_demo
L004694,2026-05-30,Construction,1-50,Product enquiry,19.72,4,0,synthetic_demo
L007398,2026-05-30,Retail,1-50,Product enquiry,6.19,4,0,synthetic_demo
L003342,2026-05-30,Technology,1001+,Price quote,6.45,1,0,synthetic_demo
L000195,2026-05-30,Manufacturing,1-50,Bulk order,9.94,1,0,synthetic_demo
L003603,2026-05-30,Healthcare,201-1000,Supplier request,5.19,2,0,synthetic_demo
L001307,2026-05-30,Healthcare,1001+,Price quote,18.37,0,0,synthetic_demo
L008233,2026-05-30,Construction,201-1000,Bulk order,10.69,0,1,synthetic_demo
L005634,2026-05-30,Manufacturing,1001+,Supplier request,2.58,0,0,synthetic_demo
L004736,2026-05-30,Technology,1001+,Product enquiry,9.08,4,1,synthetic_demo
L005380,2026-05-30,Technology,51-200,Bulk order,5.04,2,0,synthetic_demo
L010808,2026-05-30,Retail,1001+,Bulk order,9.56,3,0,synthetic_demo
L005732,2026-05-30,Construction,1-50,Product enquiry,11.69,2,0,synthetic_demo
L006835,2026-05-30,Retail,1-50,Price quote,9.34,1,0,synthetic_demo
L003923,2026-05-31,Retail,1-50,Price quote,7.88,4,0,synthetic_demo
L009174,2026-05-31,Manufacturing,1001+,Price quote,1.04,2,0,synthetic_demo
L007124,2026-05-31,Construction,1-50,Product enquiry,14.01,3,0,synthetic_demo
L009693,2026-05-31,Technology,201-1000,Price quote,2.08,5,1,synthetic_demo
L004066,2026-05-31,Technology,1001+,Price quote,24.34,0,0,synthetic_demo
L010982,2026-05-31,Retail,201-1000,Price quote,15.05,1,1,synthetic_demo
L003061,2026-05-31,Healthcare,1-50,Price quote,13.13,2,0,synthetic_demo
L002537,2026-05-31,Technology,51-200,Price quote,8.77,1,0,synthetic_demo
L004593,2026-05-31,Technology,1-50,Supplier request,3.81,1,0,synthetic_demo
L002835,2026-05-31,Technology,1001+,Product enquiry,5.77,1,0,synthetic_demo
L006650,2026-05-31,Retail,1-50,Bulk order,18.94,6,0,synthetic_demo
L002583,2026-05-31,Manufacturing,51-200,Product enquiry,5.58,2,0,synthetic_demo
L003334,2026-05-31,Manufacturing,51-200,Price quote,4.95,1,0,synthetic_demo
L002603,2026-05-31,Retail,51-200,Price quote,29.58,3,0,synthetic_demo
L000909,2026-05-31,Manufacturing,51-200,Product enquiry,13.22,4,0,synthetic_demo
L001917,2026-05-31,Technology,1-50,Supplier request,13.68,2,0,synthetic_demo
L006901,2026-05-31,Retail,201-1000,Bulk order,10.35,0,0,synthetic_demo
L010665,2026-05-31,Manufacturing,1-50,Bulk order,19.56,4,0,synthetic_demo
L011655,2026-05-31,Manufacturing,201-1000,Supplier request,4.77,2,0,synthetic_demo
L007337,2026-05-31,Healthcare,201-1000,Product enquiry,12.91,1,0,synthetic_demo
L006439,2026-05-31,Construction,1-50,Price quote,16.59,1,0,synthetic_demo
L010052,2026-05-31,Manufacturing,51-200,Price quote,3.35,3,0,synthetic_demo
L001906,2026-05-31,Retail,1001+,Supplier request,0.35,2,1,synthetic_demo
L006604,2026-05-31,Manufacturing,201-1000,Product enquiry,27.62,2,0,synthetic_demo
L011554,2026-05-31,Manufacturing,51-200,Product enquiry,12.25,4,0,synthetic_demo
L009505,2026-05-31,Healthcare,51-200,Price quote,7.65,3,0,synthetic_demo
L003294,2026-05-31,Healthcare,51-200,Bulk order,7.58,6,0,synthetic_demo
L004862,2026-05-31,Construction,1001+,Bulk order,7.88,2,0,synthetic_demo
L008526,2026-05-31,Technology,201-1000,Product enquiry,15.98,6,0,synthetic_demo
L011211,2026-05-31,Healthcare,51-200,Price quote,6.75,2,1,synthetic_demo
L004396,2026-05-31,Retail,1-50,Supplier request,12.79,0,0,synthetic_demo
L004429,2026-05-31,Manufacturing,1-50,Price quote,3.94,5,1,synthetic_demo
L011265,2026-05-31,Manufacturing,1-50,Supplier request,14.01,3,0,synthetic_demo
L000085,2026-06-01,Manufacturing,1001+,Bulk order,4.06,2,1,synthetic_demo
L006443,2026-06-01,Technology,1-50,Product enquiry,4.35,5,0,synthetic_demo
L002134,2026-06-01,Construction,51-200,Price quote,7.39,0,0,synthetic_demo
L006072,2026-06-01,Manufacturing,1001+,Product enquiry,22.66,5,0,synthetic_demo
L004348,2026-06-01,Construction,201-1000,Bulk order,8.14,2,0,synthetic_demo
L002399,2026-06-01,Manufacturing,1-50,Price quote,8.66,2,1,synthetic_demo
L001235,2026-06-01,Manufacturing,201-1000,Product enquiry,9.51,3,0,synthetic_demo
L007315,2026-06-01,Retail,51-200,Bulk order,5.27,4,0,synthetic_demo
L004025,2026-06-01,Technology,1001+,Product enquiry,2.71,3,0,synthetic_demo
L002374,2026-06-01,Manufacturing,1-50,Price quote,8.65,1,0,synthetic_demo
L003547,2026-06-01,Retail,51-200,Bulk order,3.62,1,0,synthetic_demo
L006771,2026-06-01,Retail,51-200,Product enquiry,8.31,1,0,synthetic_demo
L010775,2026-06-01,Manufacturing,51-200,Price quote,0.61,3,0,synthetic_demo
L009315,2026-06-01,Manufacturing,201-1000,Price quote,3.34,3,0,synthetic_demo
L000859,2026-06-01,Retail,201-1000,Supplier request,8.35,3,0,synthetic_demo
L003335,2026-06-01,Retail,1-50,Price quote,5.19,3,0,synthetic_demo
L002916,2026-06-01,Manufacturing,1-50,Bulk order,16.61,4,1,synthetic_demo
L005285,2026-06-01,Manufacturing,1001+,Supplier request,12.8,0,0,synthetic_demo
L006157,2026-06-01,Retail,201-1000,Product enquiry,3.71,3,0,synthetic_demo
L000765,2026-06-01,Construction,51-200,Bulk order,13.59,1,0,synthetic_demo
L000607,2026-06-01,Construction,201-1000,Price quote,8.68,5,1,synthetic_demo
L005880,2026-06-01,Retail,51-200,Product enquiry,9.35,2,0,synthetic_demo
L002655,2026-06-01,Retail,1-50,Price quote,9.9,2,0,synthetic_demo
L009963,2026-06-01,Manufacturing,1-50,Bulk order,12.28,2,0,synthetic_demo
L011350,2026-06-01,Construction,1-50,Product enquiry,28.7,3,0,synthetic_demo
L001570,2026-06-01,Healthcare,1001+,Product enquiry,12.96,2,0,synthetic_demo
L008306,2026-06-01,Manufacturing,51-200,Supplier request,8.97,0,0,synthetic_demo
L005099,2026-06-01,Technology,201-1000,Price quote,9.92,1,0,synthetic_demo
L000784,2026-06-01,Healthcare,51-200,Bulk order,6.74,2,0,synthetic_demo
L002405,2026-06-01,Technology,1001+,Price quote,10.78,0,0,synthetic_demo
L005553,2026-06-02,Retail,51-200,Product enquiry,5.51,3,0,synthetic_demo
L005064,2026-06-02,Manufacturing,51-200,Product enquiry,15.74,3,0,synthetic_demo
L002817,2026-06-02,Retail,201-1000,Bulk order,6.73,3,0,synthetic_demo
L003355,2026-06-02,Healthcare,1-50,Price quote,15.28,2,0,synthetic_demo
L010668,2026-06-02,Manufacturing,201-1000,Bulk order,24.29,1,0,synthetic_demo
L005745,2026-06-02,Technology,51-200,Bulk order,3.26,5,1,synthetic_demo
L002229,2026-06-02,Manufacturing,201-1000,Product enquiry,9.0,0,0,synthetic_demo
L005832,2026-06-02,Retail,1-50,Price quote,3.39,3,0,synthetic_demo
L003085,2026-06-02,Technology,51-200,Bulk order,0.87,3,0,synthetic_demo
L009371,2026-06-02,Construction,51-200,Supplier request,5.93,2,0,synthetic_demo
L010978,2026-06-02,Manufacturing,51-200,Product enquiry,9.36,1,0,synthetic_demo
L006009,2026-06-02,Technology,1-50,Bulk order,4.58,3,0,synthetic_demo
L006993,2026-06-02,Construction,51-200,Bulk order,23.92,5,0,synthetic_demo
L006694,2026-06-02,Technology,51-200,Product enquiry,10.03,1,0,synthetic_demo
L001332,2026-06-02,Healthcare,51-200,Bulk order,2.72,2,1,synthetic_demo
L004278,2026-06-02,Construction,1001+,Price quote,3.76,3,0,synthetic_demo
L000649,2026-06-02,Technology,1-50,Supplier request,4.59,3,1,synthetic_demo
L010553,2026-06-02,Construction,51-200,Supplier request,21.37,2,0,synthetic_demo
L004558,2026-06-02,Technology,51-200,Bulk order,3.68,3,1,synthetic_demo
L005465,2026-06-02,Manufacturing,201-1000,Supplier request,7.4,0,1,synthetic_demo
L010385,2026-06-02,Technology,1001+,Bulk order,16.21,1,0,synthetic_demo
L011122,2026-06-02,Healthcare,51-200,Price quote,6.83,1,0,synthetic_demo
L006634,2026-06-02,Healthcare,1-50,Bulk order,14.11,1,0,synthetic_demo
L005436,2026-06-02,Manufacturing,201-1000,Price quote,18.94,2,1,synthetic_demo
L008403,2026-06-02,Healthcare,1-50,Price quote,17.38,2,0,synthetic_demo
L007685,2026-06-02,Manufacturing,51-200,Bulk order,5.75,3,0,synthetic_demo
L007260,2026-06-02,Manufacturing,1-50,Bulk order,9.3,2,0,synthetic_demo
L005179,2026-06-02,Healthcare,201-1000,Price quote,15.26,1,0,synthetic_demo
L011980,2026-06-02,Construction,201-1000,Price quote,5.69,2,1,synthetic_demo
L006873,2026-06-02,Retail,201-1000,Supplier request,8.01,2,1,synthetic_demo
L006987,2026-06-02,Healthcare,1-50,Bulk order,9.67,3,0,synthetic_demo
L004484,2026-06-02,Manufacturing,1-50,Product enquiry,6.03,1,0,synthetic_demo
L006845,2026-06-02,Healthcare,51-200,Price quote,6.49,2,0,synthetic_demo
L000397,2026-06-03,Technology,1-50,Product enquiry,2.16,1,0,synthetic_demo
L009861,2026-06-03,Manufacturing,201-1000,Product enquiry,6.6,0,0,synthetic_demo
L007806,2026-06-03,Technology,201-1000,Product enquiry,3.01,3,1,synthetic_demo
L004947,2026-06-03,Healthcare,1001+,Product enquiry,5.25,1,1,synthetic_demo
L000597,2026-06-03,Technology,1001+,Supplier request,10.42,2,0,synthetic_demo
L010516,2026-06-03,Manufacturing,1-50,Product enquiry,5.06,1,0,synthetic_demo
L004486,2026-06-03,Retail,1001+,Bulk order,10.33,1,0,synthetic_demo
L010300,2026-06-03,Construction,51-200,Product enquiry,11.28,2,0,synthetic_demo
L002898,2026-06-03,Manufacturing,1-50,Product enquiry,12.9,3,0,synthetic_demo
L000590,2026-06-03,Manufacturing,201-1000,Bulk order,5.13,1,1,synthetic_demo
L005097,2026-06-03,Technology,51-200,Product enquiry,4.97,1,0,synthetic_demo
L003701,2026-06-03,Construction,1001+,Price quote,1.33,1,0,synthetic_demo
L003248,2026-06-03,Technology,1-50,Bulk order,10.9,4,0,synthetic_demo
L008691,2026-06-03,Healthcare,1001+,Product enquiry,32.66,0,0,synthetic_demo
L009034,2026-06-03,Construction,201-1000,Price quote,11.88,1,0,synthetic_demo
L003768,2026-06-03,Retail,201-1000,Supplier request,6.31,1,0,synthetic_demo
L008263,2026-06-03,Technology,1-50,Price quote,1.32,3,0,synthetic_demo
L006044,2026-06-03,Construction,1-50,Product enquiry,6.34,1,0,synthetic_demo
L009876,2026-06-03,Retail,1001+,Price quote,34.72,0,0,synthetic_demo
L011676,2026-06-03,Manufacturing,201-1000,Bulk order,3.52,2,1,synthetic_demo
L001419,2026-06-03,Construction,1-50,Bulk order,3.21,2,0,synthetic_demo
L007595,2026-06-03,Healthcare,51-200,Product enquiry,12.1,3,0,synthetic_demo
L000792,2026-06-03,Retail,1-50,Price quote,4.33,5,0,synthetic_demo
L010895,2026-06-03,Technology,51-200,Product enquiry,11.9,3,1,synthetic_demo
L010265,2026-06-03,Retail,201-1000,Product enquiry,11.28,2,0,synthetic_demo
L011700,2026-06-03,Technology,51-200,Supplier request,3.7,1,0,synthetic_demo
L007352,2026-06-03,Manufacturing,1-50,Supplier request,1.18,1,0,synthetic_demo
L004057,2026-06-04,Retail,1001+,Product enquiry,13.73,1,1,synthetic_demo
L009789,2026-06-04,Manufacturing,201-1000,Bulk order,10.35,4,1,synthetic_demo
L002910,2026-06-04,Healthcare,201-1000,Price quote,16.78,3,0,synthetic_demo
L011250,2026-06-04,Healthcare,201-1000,Price quote,4.7,3,0,synthetic_demo
L011507,2026-06-04,Retail,201-1000,Product enquiry,14.87,6,0,synthetic_demo
L006842,2026-06-04,Construction,51-200,Product enquiry,27.29,2,0,synthetic_demo
L009858,2026-06-04,Healthcare,1-50,Bulk order,14.31,0,0,synthetic_demo
L008885,2026-06-04,Healthcare,201-1000,Bulk order,23.8,0,0,synthetic_demo
L005711,2026-06-04,Technology,1001+,Supplier request,12.7,2,0,synthetic_demo
L008879,2026-06-04,Manufacturing,201-1000,Price quote,17.7,2,0,synthetic_demo
L001463,2026-06-04,Manufacturing,51-200,Product enquiry,13.3,0,0,synthetic_demo
L001243,2026-06-04,Retail,1001+,Product enquiry,7.8,1,0,synthetic_demo
L005902,2026-06-04,Manufacturing,51-200,Price quote,13.94,5,0,synthetic_demo
L009220,2026-06-04,Manufacturing,51-200,Price quote,15.11,2,0,synthetic_demo
L002356,2026-06-04,Technology,201-1000,Bulk order,3.92,1,0,synthetic_demo
L009078,2026-06-04,Technology,1-50,Price quote,3.3,2,0,synthetic_demo
L000968,2026-06-04,Manufacturing,1-50,Price quote,11.03,1,0,synthetic_demo
L001384,2026-06-04,Construction,1-50,Product enquiry,8.09,4,0,synthetic_demo
L011849,2026-06-04,Manufacturing,51-200,Product enquiry,15.76,1,0,synthetic_demo
L009610,2026-06-04,Retail,51-200,Product enquiry,6.32,4,1,synthetic_demo
L009407,2026-06-04,Retail,51-200,Price quote,10.21,2,1,synthetic_demo
L011768,2026-06-04,Technology,1-50,Product enquiry,6.35,0,1,synthetic_demo
L000259,2026-06-04,Manufacturing,51-200,Product enquiry,18.34,2,0,synthetic_demo
L007047,2026-06-04,Retail,51-200,Product enquiry,16.27,2,0,synthetic_demo
L007213,2026-06-04,Technology,1001+,Price quote,12.95,0,0,synthetic_demo
L008613,2026-06-05,Healthcare,1-50,Product enquiry,6.9,3,0,synthetic_demo
L005978,2026-06-05,Retail,1001+,Supplier request,11.89,2,0,synthetic_demo
L011735,2026-06-05,Technology,51-200,Supplier request,9.91,3,0,synthetic_demo
L006350,2026-06-05,Technology,51-200,Bulk order,6.79,2,0,synthetic_demo
L006342,2026-06-05,Construction,201-1000,Supplier request,9.81,2,0,synthetic_demo
L009181,2026-06-05,Retail,51-200,Product enquiry,2.77,2,0,synthetic_demo
L003508,2026-06-05,Technology,201-1000,Price quote,9.87,1,0,synthetic_demo
L004645,2026-06-05,Retail,201-1000,Product enquiry,9.76,3,0,synthetic_demo
L003973,2026-06-05,Healthcare,201-1000,Price quote,17.59,1,0,synthetic_demo
L008483,2026-06-05,Technology,1-50,Price quote,13.01,3,0,synthetic_demo
L011239,2026-06-05,Technology,1001+,Price quote,4.45,2,1,synthetic_demo
L011385,2026-06-05,Retail,1001+,Price quote,45.33,2,0,synthetic_demo
L001910,2026-06-05,Construction,51-200,Price quote,0.76,3,0,synthetic_demo
L009647,2026-06-05,Retail,201-1000,Bulk order,6.82,5,1,synthetic_demo
L008028,2026-06-05,Technology,1-50,Bulk order,10.14,2,1,synthetic_demo
L001890,2026-06-05,Retail,1-50,Price quote,11.13,3,0,synthetic_demo
L002004,2026-06-05,Technology,1-50,Price quote,1.46,1,0,synthetic_demo
L006418,2026-06-05,Manufacturing,201-1000,Product enquiry,13.82,3,0,synthetic_demo
L010537,2026-06-05,Technology,201-1000,Supplier request,19.84,0,0,synthetic_demo
L009978,2026-06-05,Technology,1-50,Supplier request,4.23,2,0,synthetic_demo
L007584,2026-06-05,Technology,1-50,Supplier request,26.4,2,0,synthetic_demo
L001373,2026-06-05,Retail,1-50,Product enquiry,15.96,1,0,synthetic_demo
L009716,2026-06-05,Retail,51-200,Price quote,10.19,0,0,synthetic_demo
L001015,2026-06-05,Retail,1-50,Product enquiry,1.57,0,0,synthetic_demo
L000121,2026-06-06,Healthcare,51-200,Product enquiry,12.64,1,0,synthetic_demo
L011414,2026-06-06,Healthcare,51-200,Supplier request,3.2,2,0,synthetic_demo
L011148,2026-06-06,Manufacturing,201-1000,Supplier request,4.34,0,0,synthetic_demo
L008804,2026-06-06,Manufacturing,201-1000,Supplier request,29.5,4,0,synthetic_demo
L001569,2026-06-06,Retail,51-200,Product enquiry,8.76,2,0,synthetic_demo
L010561,2026-06-06,Retail,201-1000,Price quote,3.16,1,0,synthetic_demo
L002979,2026-06-06,Technology,1001+,Bulk order,6.84,3,0,synthetic_demo
L011059,2026-06-06,Construction,1-50,Bulk order,4.06,4,1,synthetic_demo
L003102,2026-06-06,Manufacturing,51-200,Product enquiry,2.25,4,0,synthetic_demo
L011084,2026-06-06,Technology,1-50,Bulk order,9.27,6,1,synthetic_demo
L008186,2026-06-06,Construction,201-1000,Price quote,10.9,3,0,synthetic_demo
L000767,2026-06-06,Manufacturing,1-50,Bulk order,7.92,1,0,synthetic_demo
L004897,2026-06-06,Manufacturing,201-1000,Bulk order,12.2,1,0,synthetic_demo
L004515,2026-06-06,Manufacturing,1-50,Bulk order,2.12,2,1,synthetic_demo
L005428,2026-06-06,Technology,1-50,Price quote,3.81,0,0,synthetic_demo
L007447,2026-06-06,Healthcare,1-50,Supplier request,3.21,0,0,synthetic_demo
L007116,2026-06-06,Construction,1-50,Bulk order,21.53,1,0,synthetic_demo
L001543,2026-06-06,Retail,1-50,Product enquiry,11.69,4,0,synthetic_demo
L005729,2026-06-06,Construction,1001+,Supplier request,10.7,2,0,synthetic_demo
L008672,2026-06-06,Retail,1-50,Bulk order,34.02,6,0,synthetic_demo
L005592,2026-06-06,Technology,51-200,Bulk order,14.97,2,0,synthetic_demo
L004332,2026-06-06,Construction,51-200,Product enquiry,6.11,1,1,synthetic_demo
L001001,2026-06-06,Manufacturing,51-200,Price quote,17.31,1,0,synthetic_demo
L007869,2026-06-06,Healthcare,1001+,Supplier request,22.38,4,0,synthetic_demo
L005235,2026-06-06,Technology,51-200,Product enquiry,2.34,4,0,synthetic_demo
L002719,2026-06-06,Manufacturing,1-50,Price quote,7.64,3,1,synthetic_demo
L004587,2026-06-06,Healthcare,201-1000,Price quote,13.1,3,0,synthetic_demo
L010009,2026-06-06,Manufacturing,51-200,Bulk order,16.02,4,0,synthetic_demo
L008500,2026-06-06,Manufacturing,1-50,Price quote,31.55,1,0,synthetic_demo
L009839,2026-06-06,Construction,51-200,Product enquiry,12.86,1,0,synthetic_demo
L007996,2026-06-06,Retail,201-1000,Supplier request,17.07,3,0,synthetic_demo
L000576,2026-06-06,Healthcare,51-200,Product enquiry,13.23,1,0,synthetic_demo
L004088,2026-06-06,Healthcare,1-50,Bulk order,5.31,3,1,synthetic_demo
L006731,2026-06-06,Technology,1001+,Bulk order,10.93,2,1,synthetic_demo
L008014,2026-06-06,Retail,51-200,Product enquiry,10.54,3,0,synthetic_demo
L006010,2026-06-06,Construction,1-50,Price quote,12.5,5,0,synthetic_demo
L002864,2026-06-06,Manufacturing,1-50,Supplier request,12.71,3,0,synthetic_demo
L003011,2026-06-06,Retail,1-50,Supplier request,3.04,0,0,synthetic_demo
L000612,2026-06-06,Technology,1-50,Price quote,9.08,2,0,synthetic_demo
L006791,2026-06-06,Retail,51-200,Price quote,11.61,1,1,synthetic_demo
L008405,2026-06-06,Construction,51-200,Product enquiry,7.92,2,0,synthetic_demo
L005664,2026-06-06,Manufacturing,201-1000,Product enquiry,17.02,1,0,synthetic_demo
L011431,2026-06-06,Manufacturing,201-1000,Product enquiry,28.3,0,0,synthetic_demo
L002873,2026-06-07,Manufacturing,201-1000,Bulk order,11.37,2,0,synthetic_demo
L004399,2026-06-07,Manufacturing,51-200,Supplier request,8.99,0,0,synthetic_demo
L005607,2026-06-07,Manufacturing,201-1000,Product enquiry,34.68,3,0,synthetic_demo
L004724,2026-06-07,Healthcare,1-50,Price quote,12.58,0,0,synthetic_demo
L001434,2026-06-07,Manufacturing,201-1000,Supplier request,6.62,3,0,synthetic_demo
L007640,2026-06-07,Retail,201-1000,Price quote,7.41,0,0,synthetic_demo
L009581,2026-06-07,Technology,51-200,Supplier request,9.48,3,0,synthetic_demo
L003541,2026-06-07,Construction,51-200,Price quote,7.99,1,0,synthetic_demo
L007282,2026-06-07,Manufacturing,51-200,Supplier request,11.41,0,1,synthetic_demo
L006988,2026-06-07,Manufacturing,51-200,Supplier request,2.64,4,0,synthetic_demo
L006400,2026-06-07,Technology,51-200,Supplier request,4.08,3,0,synthetic_demo
L010050,2026-06-07,Technology,1001+,Product enquiry,13.22,1,0,synthetic_demo
L005136,2026-06-07,Healthcare,1001+,Product enquiry,8.81,3,1,synthetic_demo
L008461,2026-06-07,Construction,201-1000,Price quote,3.7,3,1,synthetic_demo
L004121,2026-06-07,Construction,1-50,Price quote,3.29,4,0,synthetic_demo
L008910,2026-06-07,Manufacturing,201-1000,Price quote,22.24,1,0,synthetic_demo
L004836,2026-06-07,Technology,51-200,Bulk order,6.91,2,0,synthetic_demo
L002443,2026-06-07,Manufacturing,1-50,Price quote,5.66,1,0,synthetic_demo
L010592,2026-06-07,Technology,51-200,Price quote,7.38,0,0,synthetic_demo
L002494,2026-06-07,Construction,1001+,Price quote,26.57,2,0,synthetic_demo
L006413,2026-06-07,Retail,1001+,Product enquiry,5.59,5,0,synthetic_demo
L008832,2026-06-07,Healthcare,1-50,Price quote,12.6,2,0,synthetic_demo
L000020,2026-06-07,Healthcare,1-50,Product enquiry,4.82,3,0,synthetic_demo
L008573,2026-06-07,Technology,51-200,Price quote,23.4,1,0,synthetic_demo
L006630,2026-06-07,Technology,201-1000,Supplier request,5.7,2,0,synthetic_demo
L005182,2026-06-07,Retail,51-200,Price quote,10.48,3,0,synthetic_demo
L000814,2026-06-07,Healthcare,1-50,Product enquiry,8.8,3,1,synthetic_demo
L006466,2026-06-08,Construction,51-200,Supplier request,1.57,2,0,synthetic_demo
L008630,2026-06-08,Construction,1001+,Price quote,17.44,1,0,synthetic_demo
L007415,2026-06-08,Technology,1-50,Supplier request,18.96,4,0,synthetic_demo
L005074,2026-06-08,Healthcare,1-50,Product enquiry,18.95,3,0,synthetic_demo
L011578,2026-06-08,Manufacturing,1-50,Product enquiry,9.64,1,0,synthetic_demo
L004390,2026-06-08,Healthcare,51-200,Product enquiry,18.36,1,0,synthetic_demo
L003718,2026-06-08,Technology,201-1000,Price quote,7.85,1,0,synthetic_demo
L005574,2026-06-08,Construction,201-1000,Bulk order,11.58,3,0,synthetic_demo
L009771,2026-06-08,Retail,1001+,Bulk order,12.04,3,0,synthetic_demo
L008953,2026-06-08,Retail,1001+,Supplier request,9.97,1,0,synthetic_demo
L007323,2026-06-08,Retail,51-200,Bulk order,32.1,2,0,synthetic_demo
L001197,2026-06-08,Manufacturing,1001+,Bulk order,27.1,0,0,synthetic_demo
L009395,2026-06-08,Technology,51-200,Product enquiry,25.21,2,0,synthetic_demo
L002751,2026-06-08,Manufacturing,1-50,Price quote,8.11,3,0,synthetic_demo
L010497,2026-06-08,Retail,51-200,Product enquiry,1.75,4,0,synthetic_demo
L001480,2026-06-08,Retail,1001+,Bulk order,34.34,1,0,synthetic_demo
L007889,2026-06-08,Technology,1-50,Price quote,5.34,2,0,synthetic_demo
L010589,2026-06-08,Manufacturing,51-200,Bulk order,7.11,2,0,synthetic_demo
L008904,2026-06-08,Retail,201-1000,Bulk order,27.93,3,0,synthetic_demo
L001729,2026-06-08,Manufacturing,1-50,Price quote,13.29,0,0,synthetic_demo
L004273,2026-06-08,Technology,1-50,Product enquiry,1.93,1,0,synthetic_demo
L010143,2026-06-08,Retail,1001+,Supplier request,12.71,5,0,synthetic_demo
L004806,2026-06-08,Technology,1001+,Price quote,24.32,1,0,synthetic_demo
L002568,2026-06-08,Manufacturing,1-50,Price quote,5.7,1,0,synthetic_demo
L008814,2026-06-08,Construction,51-200,Product enquiry,7.4,3,0,synthetic_demo
L005091,2026-06-09,Retail,1-50,Price quote,3.23,4,0,synthetic_demo
L000899,2026-06-09,Manufacturing,201-1000,Supplier request,19.17,1,0,synthetic_demo
L005694,2026-06-09,Construction,51-200,Product enquiry,9.02,2,0,synthetic_demo
L003784,2026-06-09,Manufacturing,1-50,Supplier request,32.17,2,0,synthetic_demo
L011624,2026-06-09,Technology,51-200,Price quote,10.72,4,0,synthetic_demo
L009929,2026-06-09,Technology,51-200,Bulk order,23.33,1,0,synthetic_demo
L011616,2026-06-09,Manufacturing,201-1000,Product enquiry,4.81,3,1,synthetic_demo
L003757,2026-06-09,Manufacturing,1-50,Bulk order,1.29,3,1,synthetic_demo
L005588,2026-06-09,Retail,1-50,Product enquiry,15.83,0,0,synthetic_demo
L011720,2026-06-09,Construction,51-200,Product enquiry,1.9,1,0,synthetic_demo
L008071,2026-06-09,Retail,1-50,Bulk order,8.67,3,0,synthetic_demo
L009968,2026-06-09,Healthcare,1-50,Bulk order,8.93,4,0,synthetic_demo
L003760,2026-06-09,Manufacturing,1-50,Price quote,6.42,3,0,synthetic_demo
L000855,2026-06-09,Manufacturing,1001+,Price quote,2.78,1,0,synthetic_demo
L009518,2026-06-09,Retail,201-1000,Supplier request,12.34,2,0,synthetic_demo
L009854,2026-06-09,Manufacturing,51-200,Product enquiry,8.51,3,0,synthetic_demo
L009235,2026-06-09,Manufacturing,51-200,Product enquiry,11.5,3,0,synthetic_demo
L011403,2026-06-09,Manufacturing,1-50,Price quote,9.16,0,0,synthetic_demo
L001781,2026-06-09,Manufacturing,51-200,Price quote,7.48,5,0,synthetic_demo
L001513,2026-06-09,Healthcare,201-1000,Supplier request,13.22,2,0,synthetic_demo
L011093,2026-06-09,Technology,1-50,Bulk order,13.58,0,0,synthetic_demo
L006514,2026-06-09,Technology,1-50,Price quote,16.74,0,0,synthetic_demo
L002010,2026-06-09,Technology,201-1000,Price quote,3.75,3,0,synthetic_demo
L011020,2026-06-09,Technology,1-50,Price quote,11.34,3,0,synthetic_demo
L007036,2026-06-09,Healthcare,201-1000,Product enquiry,11.91,4,0,synthetic_demo
L007250,2026-06-09,Healthcare,1-50,Bulk order,7.24,3,0,synthetic_demo
L008931,2026-06-09,Healthcare,201-1000,Supplier request,8.97,4,0,synthetic_demo
L004239,2026-06-09,Healthcare,1-50,Price quote,7.18,4,1,synthetic_demo
L009109,2026-06-09,Technology,51-200,Bulk order,9.07,1,0,synthetic_demo
L002326,2026-06-10,Construction,201-1000,Bulk order,24.48,0,0,synthetic_demo
L008775,2026-06-10,Technology,201-1000,Supplier request,12.46,0,0,synthetic_demo
L000200,2026-06-10,Retail,201-1000,Product enquiry,10.16,2,0,synthetic_demo
L003440,2026-06-10,Healthcare,51-200,Product enquiry,13.54,2,0,synthetic_demo
L006397,2026-06-10,Technology,51-200,Product enquiry,6.31,0,0,synthetic_demo
L009992,2026-06-10,Retail,1-50,Bulk order,27.5,1,0,synthetic_demo
L004480,2026-06-10,Construction,51-200,Price quote,8.41,4,0,synthetic_demo
L003518,2026-06-10,Manufacturing,51-200,Supplier request,32.9,1,0,synthetic_demo
L010632,2026-06-10,Retail,201-1000,Product enquiry,10.44,3,0,synthetic_demo
L002389,2026-06-10,Technology,51-200,Bulk order,1.05,2,0,synthetic_demo
L005272,2026-06-10,Construction,51-200,Price quote,8.8,3,1,synthetic_demo
L002015,2026-06-10,Retail,201-1000,Bulk order,14.39,0,0,synthetic_demo
L005763,2026-06-10,Technology,1001+,Supplier request,2.45,2,1,synthetic_demo
L000963,2026-06-10,Manufacturing,201-1000,Supplier request,8.53,0,0,synthetic_demo
L010953,2026-06-10,Retail,201-1000,Bulk order,26.16,4,1,synthetic_demo
L001629,2026-06-10,Manufacturing,1001+,Product enquiry,19.8,2,0,synthetic_demo
L009529,2026-06-10,Technology,201-1000,Price quote,19.06,3,0,synthetic_demo
L003712,2026-06-10,Technology,51-200,Bulk order,2.2,3,0,synthetic_demo
L009180,2026-06-10,Manufacturing,201-1000,Product enquiry,11.63,3,0,synthetic_demo
L000839,2026-06-10,Retail,51-200,Supplier request,15.94,3,0,synthetic_demo
L000701,2026-06-10,Manufacturing,51-200,Product enquiry,7.22,3,0,synthetic_demo
L000567,2026-06-10,Technology,51-200,Supplier request,5.08,2,0,synthetic_demo
L006116,2026-06-10,Technology,1-50,Product enquiry,14.71,2,0,synthetic_demo
L004056,2026-06-10,Technology,1001+,Product enquiry,10.62,2,0,synthetic_demo
L011984,2026-06-10,Manufacturing,1001+,Supplier request,14.58,1,0,synthetic_demo
L001190,2026-06-10,Technology,201-1000,Product enquiry,6.94,3,0,synthetic_demo
L002178,2026-06-10,Technology,201-1000,Bulk order,17.89,1,0,synthetic_demo
L008746,2026-06-10,Retail,1001+,Bulk order,5.7,1,0,synthetic_demo
L006596,2026-06-10,Retail,1-50,Product enquiry,7.8,2,0,synthetic_demo
L002105,2026-06-10,Healthcare,201-1000,Product enquiry,19.85,6,1,synthetic_demo
L006104,2026-06-10,Technology,51-200,Price quote,13.17,4,0,synthetic_demo
L000978,2026-06-10,Retail,51-200,Product enquiry,9.52,4,1,synthetic_demo
L002128,2026-06-10,Retail,51-200,Bulk order,17.22,2,0,synthetic_demo
L001011,2026-06-10,Technology,51-200,Product enquiry,6.01,4,0,synthetic_demo
L009682,2026-06-10,Manufacturing,201-1000,Product enquiry,4.31,0,1,synthetic_demo
L006061,2026-06-10,Healthcare,201-1000,Bulk order,5.46,1,0,synthetic_demo
L002768,2026-06-10,Technology,51-200,Supplier request,9.13,2,0,synthetic_demo
L000008,2026-06-10,Technology,1001+,Price quote,11.78,3,0,synthetic_demo
L003193,2026-06-11,Healthcare,51-200,Supplier request,16.69,2,1,synthetic_demo
L011146,2026-06-11,Technology,1-50,Price quote,11.86,0,0,synthetic_demo
L001783,2026-06-11,Manufacturing,201-1000,Product enquiry,26.31,4,0,synthetic_demo
L001987,2026-06-11,Manufacturing,1-50,Bulk order,6.66,1,0,synthetic_demo
L004055,2026-06-11,Technology,51-200,Supplier request,19.71,2,1,synthetic_demo
L003138,2026-06-11,Manufacturing,1-50,Product enquiry,0.53,5,0,synthetic_demo
L000023,2026-06-11,Construction,51-200,Bulk order,3.12,7,1,synthetic_demo
L004713,2026-06-11,Healthcare,51-200,Supplier request,2.13,2,0,synthetic_demo
L007467,2026-06-11,Manufacturing,1-50,Bulk order,12.28,1,0,synthetic_demo
L006826,2026-06-11,Healthcare,51-200,Price quote,1.36,3,0,synthetic_demo
L004268,2026-06-11,Technology,1-50,Product enquiry,6.88,1,0,synthetic_demo
L011531,2026-06-11,Healthcare,201-1000,Price quote,16.09,2,0,synthetic_demo
L001264,2026-06-11,Construction,51-200,Price quote,24.22,2,0,synthetic_demo
L008119,2026-06-11,Retail,51-200,Price quote,12.46,1,0,synthetic_demo
L006269,2026-06-11,Manufacturing,1-50,Supplier request,4.99,3,0,synthetic_demo
L011913,2026-06-11,Construction,201-1000,Bulk order,12.75,2,1,synthetic_demo
L002664,2026-06-11,Manufacturing,51-200,Supplier request,3.43,4,0,synthetic_demo
L005307,2026-06-11,Construction,51-200,Supplier request,4.07,2,1,synthetic_demo
L002285,2026-06-11,Manufacturing,51-200,Product enquiry,15.32,2,0,synthetic_demo
L008241,2026-06-11,Manufacturing,201-1000,Product enquiry,31.28,4,0,synthetic_demo
L011701,2026-06-11,Retail,51-200,Supplier request,33.98,3,0,synthetic_demo
L001044,2026-06-11,Technology,201-1000,Bulk order,15.38,2,1,synthetic_demo
L006219,2026-06-11,Manufacturing,51-200,Product enquiry,15.62,3,0,synthetic_demo
L011391,2026-06-11,Retail,51-200,Product enquiry,14.27,2,0,synthetic_demo
L009195,2026-06-11,Retail,1-50,Price quote,29.35,0,0,synthetic_demo
L007168,2026-06-11,Manufacturing,51-200,Product enquiry,1.9,2,0,synthetic_demo
L008813,2026-06-11,Healthcare,1-50,Product enquiry,18.19,3,0,synthetic_demo
L002947,2026-06-11,Retail,1-50,Bulk order,6.63,4,1,synthetic_demo
L006628,2026-06-12,Healthcare,1-50,Supplier request,3.5,3,1,synthetic_demo
L003099,2026-06-12,Manufacturing,201-1000,Price quote,15.3,3,0,synthetic_demo
L003370,2026-06-12,Retail,1-50,Price quote,15.94,4,1,synthetic_demo
L006560,2026-06-12,Manufacturing,201-1000,Product enquiry,0.89,3,1,synthetic_demo
L010664,2026-06-12,Technology,51-200,Price quote,6.22,1,0,synthetic_demo
L009532,2026-06-12,Healthcare,1-50,Supplier request,21.37,2,0,synthetic_demo
L005078,2026-06-12,Manufacturing,201-1000,Price quote,7.92,6,0,synthetic_demo
L006577,2026-06-12,Retail,201-1000,Bulk order,23.89,3,0,synthetic_demo
L004541,2026-06-12,Manufacturing,1001+,Product enquiry,9.94,2,0,synthetic_demo
L008314,2026-06-12,Retail,51-200,Supplier request,29.57,1,0,synthetic_demo
L006643,2026-06-12,Manufacturing,201-1000,Price quote,10.23,3,0,synthetic_demo
L001899,2026-06-12,Manufacturing,51-200,Product enquiry,23.15,3,0,synthetic_demo
L005725,2026-06-12,Technology,1-50,Bulk order,4.52,1,0,synthetic_demo
L001855,2026-06-12,Technology,1-50,Bulk order,5.18,2,0,synthetic_demo
L003819,2026-06-12,Technology,1-50,Bulk order,2.59,4,1,synthetic_demo
L011660,2026-06-12,Construction,51-200,Bulk order,6.42,6,0,synthetic_demo
L006310,2026-06-12,Technology,1-50,Product enquiry,6.26,3,0,synthetic_demo
L002536,2026-06-12,Healthcare,51-200,Product enquiry,5.3,0,0,synthetic_demo
L011394,2026-06-12,Retail,1-50,Price quote,2.81,0,0,synthetic_demo
L005610,2026-06-12,Technology,51-200,Product enquiry,5.4,4,1,synthetic_demo
L008516,2026-06-12,Healthcare,1-50,Bulk order,9.87,1,0,synthetic_demo
L001165,2026-06-12,Manufacturing,1-50,Price quote,28.01,4,0,synthetic_demo
L006354,2026-06-12,Retail,51-200,Bulk order,6.25,1,0,synthetic_demo
L005406,2026-06-12,Technology,51-200,Price quote,1.4,2,0,synthetic_demo
L007774,2026-06-12,Construction,201-1000,Bulk order,21.31,4,0,synthetic_demo
L001305,2026-06-12,Technology,201-1000,Product enquiry,10.65,2,1,synthetic_demo
L011253,2026-06-12,Manufacturing,1-50,Supplier request,7.1,0,0,synthetic_demo
L010249,2026-06-12,Manufacturing,1001+,Bulk order,17.46,4,1,synthetic_demo
L006368,2026-06-12,Manufacturing,51-200,Price quote,5.57,1,0,synthetic_demo
L009554,2026-06-12,Manufacturing,1-50,Product enquiry,2.09,2,0,synthetic_demo
L005180,2026-06-12,Healthcare,1-50,Bulk order,12.68,2,1,synthetic_demo
L004619,2026-06-13,Retail,201-1000,Price quote,9.29,4,0,synthetic_demo
L003835,2026-06-13,Retail,1-50,Bulk order,4.94,2,0,synthetic_demo
L005148,2026-06-13,Retail,51-200,Product enquiry,2.11,2,0,synthetic_demo
L010210,2026-06-13,Retail,201-1000,Bulk order,7.03,2,0,synthetic_demo
L010882,2026-06-13,Construction,1001+,Price quote,9.95,2,1,synthetic_demo
L004016,2026-06-13,Healthcare,1-50,Price quote,6.64,0,0,synthetic_demo
L004011,2026-06-13,Manufacturing,51-200,Product enquiry,26.3,3,0,synthetic_demo
L009655,2026-06-13,Construction,1-50,Bulk order,6.48,4,0,synthetic_demo
L009572,2026-06-13,Technology,51-200,Supplier request,12.87,4,0,synthetic_demo
L010848,2026-06-13,Manufacturing,201-1000,Supplier request,10.41,3,0,synthetic_demo
L006591,2026-06-13,Manufacturing,51-200,Price quote,7.49,1,1,synthetic_demo
L001361,2026-06-13,Technology,1-50,Supplier request,3.35,1,0,synthetic_demo
L002736,2026-06-13,Retail,1-50,Supplier request,23.22,3,0,synthetic_demo
L007324,2026-06-13,Construction,51-200,Price quote,7.52,1,0,synthetic_demo
L010635,2026-06-13,Healthcare,51-200,Product enquiry,12.54,3,0,synthetic_demo
L002838,2026-06-13,Retail,51-200,Price quote,12.22,3,1,synthetic_demo
L003166,2026-06-13,Technology,1-50,Product enquiry,12.23,3,0,synthetic_demo
L009577,2026-06-13,Manufacturing,51-200,Product enquiry,14.28,3,0,synthetic_demo
L010018,2026-06-13,Technology,1-50,Product enquiry,5.63,5,1,synthetic_demo
L000741,2026-06-13,Manufacturing,1001+,Bulk order,6.19,3,0,synthetic_demo
L005095,2026-06-13,Construction,201-1000,Price quote,2.75,5,1,synthetic_demo
L008855,2026-06-13,Healthcare,201-1000,Product enquiry,11.93,2,1,synthetic_demo
L004130,2026-06-13,Construction,51-200,Supplier request,13.37,2,0,synthetic_demo
L009131,2026-06-13,Manufacturing,201-1000,Bulk order,9.28,2,1,synthetic_demo
L010705,2026-06-13,Manufacturing,201-1000,Price quote,11.95,4,0,synthetic_demo
L004501,2026-06-13,Manufacturing,201-1000,Product enquiry,18.07,4,0,synthetic_demo
L010056,2026-06-13,Manufacturing,1-50,Price quote,16.89,2,0,synthetic_demo
L006422,2026-06-13,Healthcare,1-50,Price quote,25.81,3,0,synthetic_demo
L008972,2026-06-13,Retail,51-200,Bulk order,10.18,2,0,synthetic_demo
L011880,2026-06-13,Healthcare,1001+,Price quote,10.34,3,0,synthetic_demo
L011317,2026-06-13,Retail,51-200,Supplier request,7.32,2,0,synthetic_demo
L001635,2026-06-13,Construction,201-1000,Price quote,10.36,2,0,synthetic_demo
L002463,2026-06-13,Manufacturing,201-1000,Product enquiry,5.15,1,0,synthetic_demo
L006861,2026-06-13,Manufacturing,201-1000,Product enquiry,10.29,3,0,synthetic_demo
L007030,2026-06-13,Construction,201-1000,Bulk order,7.18,1,0,synthetic_demo
L011576,2026-06-14,Manufacturing,201-1000,Product enquiry,3.47,2,1,synthetic_demo
L002123,2026-06-14,Retail,51-200,Price quote,4.77,2,1,synthetic_demo
L003606,2026-06-14,Manufacturing,51-200,Product enquiry,29.98,8,0,synthetic_demo
L010747,2026-06-14,Healthcare,51-200,Bulk order,1.88,1,1,synthetic_demo
L007949,2026-06-14,Retail,51-200,Supplier request,11.59,8,1,synthetic_demo
L009130,2026-06-14,Healthcare,1-50,Bulk order,5.08,3,1,synthetic_demo
L011478,2026-06-14,Construction,1-50,Product enquiry,2.85,3,0,synthetic_demo
L001199,2026-06-14,Retail,1-50,Product enquiry,1.75,1,0,synthetic_demo
L001210,2026-06-14,Retail,1001+,Bulk order,4.7,2,1,synthetic_demo
L007439,2026-06-14,Manufacturing,1-50,Price quote,1.88,1,0,synthetic_demo
L007851,2026-06-14,Healthcare,201-1000,Product enquiry,17.31,0,0,synthetic_demo
L003689,2026-06-14,Healthcare,1-50,Price quote,1.86,4,0,synthetic_demo
L005011,2026-06-14,Manufacturing,1-50,Price quote,16.54,1,0,synthetic_demo
L004765,2026-06-14,Retail,1001+,Product enquiry,6.95,2,1,synthetic_demo
L001802,2026-06-14,Healthcare,201-1000,Supplier request,19.36,2,0,synthetic_demo
L010679,2026-06-14,Manufacturing,51-200,Product enquiry,2.19,0,0,synthetic_demo
L003083,2026-06-14,Technology,51-200,Bulk order,7.78,1,0,synthetic_demo
L009856,2026-06-14,Manufacturing,201-1000,Product enquiry,3.28,5,1,synthetic_demo
L005277,2026-06-14,Healthcare,1001+,Bulk order,6.96,0,0,synthetic_demo
L000248,2026-06-14,Retail,201-1000,Price quote,2.98,2,0,synthetic_demo
L006197,2026-06-14,Technology,1-50,Supplier request,17.55,1,0,synthetic_demo
L000672,2026-06-14,Healthcare,1001+,Price quote,16.54,1,0,synthetic_demo
L005899,2026-06-14,Healthcare,201-1000,Supplier request,3.83,2,0,synthetic_demo
L004906,2026-06-14,Healthcare,1-50,Price quote,6.42,1,0,synthetic_demo
L000222,2026-06-14,Retail,51-200,Supplier request,2.29,2,0,synthetic_demo
L000220,2026-06-14,Retail,201-1000,Supplier request,7.75,1,0,synthetic_demo
L010126,2026-06-14,Retail,1-50,Bulk order,5.31,2,1,synthetic_demo
L009036,2026-06-14,Retail,1-50,Supplier request,18.92,2,0,synthetic_demo
L010488,2026-06-14,Manufacturing,51-200,Bulk order,8.25,1,0,synthetic_demo
L010959,2026-06-14,Healthcare,51-200,Product enquiry,5.05,4,1,synthetic_demo
L009128,2026-06-14,Healthcare,51-200,Bulk order,23.81,2,0,synthetic_demo
L007801,2026-06-14,Manufacturing,51-200,Bulk order,9.35,4,0,synthetic_demo
L005191,2026-06-15,Healthcare,201-1000,Product enquiry,4.61,0,0,synthetic_demo
L010193,2026-06-15,Retail,1-50,Bulk order,22.63,1,0,synthetic_demo
L002284,2026-06-15,Technology,201-1000,Supplier request,13.61,0,0,synthetic_demo
L007868,2026-06-15,Manufacturing,1-50,Supplier request,12.52,2,0,synthetic_demo
L009093,2026-06-15,Manufacturing,51-200,Bulk order,3.39,3,0,synthetic_demo
L008103,2026-06-15,Technology,51-200,Bulk order,5.53,5,1,synthetic_demo
L008082,2026-06-15,Healthcare,201-1000,Price quote,11.26,4,0,synthetic_demo
L001959,2026-06-15,Technology,201-1000,Product enquiry,8.59,3,0,synthetic_demo
L001098,2026-06-15,Technology,1-50,Bulk order,6.83,1,0,synthetic_demo
L009765,2026-06-15,Retail,201-1000,Price quote,21.18,6,1,synthetic_demo
L006384,2026-06-15,Technology,51-200,Price quote,6.74,2,0,synthetic_demo
L010974,2026-06-15,Retail,1-50,Supplier request,4.05,2,0,synthetic_demo
L007271,2026-06-15,Construction,1-50,Supplier request,2.05,1,1,synthetic_demo
L007471,2026-06-15,Manufacturing,51-200,Product enquiry,6.55,1,0,synthetic_demo
L007770,2026-06-15,Technology,1-50,Bulk order,13.18,3,0,synthetic_demo
L007916,2026-06-15,Construction,201-1000,Product enquiry,5.06,5,0,synthetic_demo
L004730,2026-06-15,Retail,201-1000,Supplier request,9.65,3,0,synthetic_demo
L002036,2026-06-15,Technology,201-1000,Product enquiry,12.6,1,1,synthetic_demo
L007536,2026-06-15,Construction,201-1000,Product enquiry,5.57,1,0,synthetic_demo
L000472,2026-06-15,Retail,1-50,Price quote,25.79,0,0,synthetic_demo
L010738,2026-06-15,Retail,1-50,Supplier request,24.11,3,0,synthetic_demo
L004527,2026-06-15,Technology,1-50,Product enquiry,34.83,1,0,synthetic_demo
L000070,2026-06-15,Retail,201-1000,Price quote,1.91,1,0,synthetic_demo
L008736,2026-06-15,Retail,201-1000,Supplier request,11.14,2,0,synthetic_demo
L007644,2026-06-15,Technology,1-50,Product enquiry,23.99,1,0,synthetic_demo
L004433,2026-06-15,Technology,201-1000,Supplier request,20.12,2,0,synthetic_demo
L005688,2026-06-15,Manufacturing,1-50,Price quote,25.07,0,0,synthetic_demo
L010097,2026-06-15,Manufacturing,1-50,Product enquiry,2.85,3,0,synthetic_demo
L000673,2026-06-15,Construction,1-50,Supplier request,8.2,5,1,synthetic_demo
L009013,2026-06-15,Construction,201-1000,Product enquiry,8.35,2,0,synthetic_demo
L007487,2026-06-15,Manufacturing,201-1000,Bulk order,10.15,1,1,synthetic_demo
L007579,2026-06-16,Manufacturing,1-50,Price quote,15.88,1,0,synthetic_demo
L009621,2026-06-16,Manufacturing,201-1000,Product enquiry,7.64,4,0,synthetic_demo
L004209,2026-06-16,Retail,201-1000,Price quote,4.58,1,1,synthetic_demo
L007586,2026-06-16,Retail,51-200,Product enquiry,8.75,3,0,synthetic_demo
L000640,2026-06-16,Construction,51-200,Bulk order,7.63,5,1,synthetic_demo
L007688,2026-06-16,Technology,51-200,Price quote,10.42,2,0,synthetic_demo
L007055,2026-06-16,Manufacturing,1-50,Supplier request,13.69,2,1,synthetic_demo
L006724,2026-06-16,Manufacturing,201-1000,Price quote,10.96,3,0,synthetic_demo
L011690,2026-06-16,Technology,51-200,Price quote,4.29,2,0,synthetic_demo
L007736,2026-06-16,Retail,51-200,Supplier request,15.58,1,0,synthetic_demo
L009100,2026-06-16,Construction,201-1000,Product enquiry,3.67,4,0,synthetic_demo
L007284,2026-06-16,Manufacturing,1-50,Bulk order,7.24,5,1,synthetic_demo
L004888,2026-06-16,Technology,1001+,Product enquiry,6.93,4,0,synthetic_demo
L007753,2026-06-16,Construction,1-50,Product enquiry,5.77,4,0,synthetic_demo
L006376,2026-06-16,Manufacturing,51-200,Bulk order,1.92,0,0,synthetic_demo
L003660,2026-06-16,Manufacturing,201-1000,Supplier request,5.76,2,1,synthetic_demo
L008285,2026-06-16,Manufacturing,201-1000,Product enquiry,8.49,2,0,synthetic_demo
L009865,2026-06-16,Manufacturing,201-1000,Supplier request,11.87,1,0,synthetic_demo
L008255,2026-06-16,Technology,1-50,Price quote,25.93,0,0,synthetic_demo
L003130,2026-06-16,Construction,51-200,Product enquiry,8.42,1,0,synthetic_demo
L003927,2026-06-16,Healthcare,201-1000,Product enquiry,3.79,2,0,synthetic_demo
L006916,2026-06-16,Construction,1-50,Price quote,11.29,0,0,synthetic_demo
L000117,2026-06-16,Technology,51-200,Product enquiry,2.52,6,1,synthetic_demo
L007516,2026-06-16,Healthcare,1-50,Product enquiry,14.53,0,0,synthetic_demo
L002659,2026-06-16,Manufacturing,51-200,Price quote,4.06,0,0,synthetic_demo
L003615,2026-06-16,Healthcare,51-200,Price quote,6.07,4,0,synthetic_demo
L000245,2026-06-16,Healthcare,201-1000,Bulk order,15.94,3,0,synthetic_demo
L005037,2026-06-16,Construction,1001+,Price quote,18.53,1,0,synthetic_demo
L004571,2026-06-16,Retail,201-1000,Supplier request,8.97,1,1,synthetic_demo
L007263,2026-06-16,Healthcare,201-1000,Bulk order,10.2,5,1,synthetic_demo
L007092,2026-06-16,Healthcare,51-200,Supplier request,17.26,2,0,synthetic_demo
L010034,2026-06-16,Manufacturing,51-200,Product enquiry,8.23,0,0,synthetic_demo
L004028,2026-06-16,Technology,1001+,Product enquiry,17.47,0,0,synthetic_demo
L001920,2026-06-16,Construction,1001+,Product enquiry,8.84,2,1,synthetic_demo
L000925,2026-06-16,Manufacturing,1001+,Price quote,3.18,3,1,synthetic_demo
L002681,2026-06-16,Technology,201-1000,Price quote,4.97,4,0,synthetic_demo
L010049,2026-06-16,Construction,201-1000,Product enquiry,4.6,3,0,synthetic_demo
L010328,2026-06-16,Manufacturing,1001+,Product enquiry,6.31,0,0,synthetic_demo
L003678,2026-06-16,Healthcare,1-50,Price quote,11.04,2,0,synthetic_demo
L006858,2026-06-17,Retail,1001+,Supplier request,10.23,3,1,synthetic_demo
L007511,2026-06-17,Healthcare,51-200,Product enquiry,7.27,2,0,synthetic_demo
L001744,2026-06-17,Construction,201-1000,Bulk order,1.28,3,1,synthetic_demo
L004355,2026-06-17,Construction,201-1000,Product enquiry,0.73,2,0,synthetic_demo
L011602,2026-06-17,Manufacturing,201-1000,Product enquiry,24.45,3,0,synthetic_demo
L007211,2026-06-17,Healthcare,201-1000,Price quote,4.29,2,0,synthetic_demo
L004410,2026-06-17,Manufacturing,51-200,Price quote,22.75,3,0,synthetic_demo
L008284,2026-06-17,Healthcare,1-50,Bulk order,13.78,2,1,synthetic_demo
L000049,2026-06-17,Technology,51-200,Bulk order,10.61,2,0,synthetic_demo
L009724,2026-06-17,Retail,1001+,Product enquiry,4.12,4,0,synthetic_demo
L005076,2026-06-17,Manufacturing,51-200,Supplier request,12.81,0,0,synthetic_demo
L009385,2026-06-17,Retail,51-200,Supplier request,8.23,0,0,synthetic_demo
L005900,2026-06-17,Manufacturing,51-200,Price quote,3.11,3,0,synthetic_demo
L001382,2026-06-17,Manufacturing,51-200,Bulk order,31.24,3,0,synthetic_demo
L011927,2026-06-17,Retail,201-1000,Product enquiry,8.16,1,0,synthetic_demo
L009756,2026-06-17,Retail,1001+,Price quote,16.21,2,0,synthetic_demo
L000930,2026-06-17,Technology,51-200,Product enquiry,26.52,3,0,synthetic_demo
L005942,2026-06-17,Healthcare,1-50,Product enquiry,18.89,3,0,synthetic_demo
L008026,2026-06-17,Retail,51-200,Product enquiry,5.97,1,0,synthetic_demo
L011831,2026-06-17,Manufacturing,1-50,Price quote,9.34,2,0,synthetic_demo
L010855,2026-06-17,Construction,51-200,Price quote,1.7,2,0,synthetic_demo
L001567,2026-06-17,Manufacturing,51-200,Product enquiry,5.93,4,0,synthetic_demo
L002445,2026-06-17,Retail,51-200,Bulk order,3.46,3,0,synthetic_demo
L000583,2026-06-17,Manufacturing,51-200,Supplier request,11.96,1,0,synthetic_demo
L003530,2026-06-17,Retail,1-50,Price quote,4.31,2,0,synthetic_demo
L003364,2026-06-17,Healthcare,1001+,Price quote,31.55,3,0,synthetic_demo
L011672,2026-06-17,Healthcare,1-50,Bulk order,3.61,1,0,synthetic_demo
L000225,2026-06-17,Retail,1-50,Supplier request,2.91,0,0,synthetic_demo
L001208,2026-06-17,Retail,1001+,Price quote,14.75,3,0,synthetic_demo
L004319,2026-06-18,Construction,51-200,Product enquiry,11.71,1,0,synthetic_demo
L003188,2026-06-18,Construction,201-1000,Supplier request,13.67,4,1,synthetic_demo
L003627,2026-06-18,Construction,51-200,Product enquiry,7.78,2,0,synthetic_demo
L008541,2026-06-18,Manufacturing,1-50,Price quote,22.67,2,0,synthetic_demo
L004613,2026-06-18,Technology,1-50,Bulk order,11.95,2,0,synthetic_demo
L007763,2026-06-18,Manufacturing,51-200,Bulk order,7.36,5,0,synthetic_demo
L007833,2026-06-18,Manufacturing,201-1000,Supplier request,16.65,3,0,synthetic_demo
L008441,2026-06-18,Technology,1001+,Price quote,1.67,1,0,synthetic_demo
L008042,2026-06-18,Retail,1-50,Price quote,1.94,1,0,synthetic_demo
L000300,2026-06-18,Healthcare,1-50,Price quote,8.63,1,0,synthetic_demo
L008360,2026-06-18,Manufacturing,201-1000,Bulk order,24.67,0,0,synthetic_demo
L009660,2026-06-18,Retail,201-1000,Bulk order,15.18,3,1,synthetic_demo
L001151,2026-06-18,Manufacturing,201-1000,Product enquiry,9.65,1,0,synthetic_demo
L008508,2026-06-18,Manufacturing,51-200,Supplier request,18.73,2,0,synthetic_demo
L001967,2026-06-18,Technology,51-200,Price quote,22.33,3,0,synthetic_demo
L010140,2026-06-18,Manufacturing,51-200,Product enquiry,19.71,3,0,synthetic_demo
L003851,2026-06-18,Retail,51-200,Product enquiry,6.18,0,0,synthetic_demo
L008963,2026-06-18,Technology,51-200,Bulk order,3.74,4,0,synthetic_demo
L005906,2026-06-18,Construction,1-50,Product enquiry,5.46,0,0,synthetic_demo
L001913,2026-06-18,Construction,1001+,Supplier request,13.55,4,0,synthetic_demo
L002108,2026-06-18,Construction,1-50,Product enquiry,11.72,3,0,synthetic_demo
L006572,2026-06-18,Healthcare,51-200,Price quote,10.83,2,0,synthetic_demo
L002180,2026-06-18,Construction,1-50,Supplier request,17.96,1,0,synthetic_demo
L006501,2026-06-18,Construction,51-200,Bulk order,21.56,2,0,synthetic_demo
L005137,2026-06-18,Manufacturing,201-1000,Bulk order,8.2,2,0,synthetic_demo
L005984,2026-06-18,Retail,201-1000,Supplier request,21.99,5,0,synthetic_demo
L003285,2026-06-18,Manufacturing,1-50,Product enquiry,18.17,4,0,synthetic_demo
L006430,2026-06-18,Manufacturing,51-200,Bulk order,3.1,3,0,synthetic_demo
L010231,2026-06-18,Healthcare,201-1000,Bulk order,4.3,3,1,synthetic_demo
L006312,2026-06-18,Technology,51-200,Price quote,38.28,5,1,synthetic_demo
L006173,2026-06-18,Retail,1001+,Supplier request,13.59,1,0,synthetic_demo
L009744,2026-06-18,Healthcare,201-1000,Price quote,15.31,1,0,synthetic_demo
L008866,2026-06-18,Retail,1-50,Price quote,12.97,1,0,synthetic_demo
L009221,2026-06-18,Construction,1-50,Price quote,36.89,2,0,synthetic_demo
L009551,2026-06-18,Construction,1-50,Supplier request,9.67,2,0,synthetic_demo
L001621,2026-06-18,Manufacturing,51-200,Product enquiry,8.17,2,0,synthetic_demo
L007157,2026-06-18,Construction,201-1000,Bulk order,9.3,1,0,synthetic_demo
L001521,2026-06-18,Retail,51-200,Product enquiry,3.45,2,0,synthetic_demo
L011502,2026-06-19,Healthcare,51-200,Price quote,11.71,0,0,synthetic_demo
L004711,2026-06-19,Technology,1-50,Product enquiry,8.06,6,0,synthetic_demo
L002216,2026-06-19,Manufacturing,51-200,Product enquiry,13.54,2,0,synthetic_demo
L005980,2026-06-19,Technology,1-50,Product enquiry,4.03,1,0,synthetic_demo
L007278,2026-06-19,Technology,51-200,Price quote,10.52,1,1,synthetic_demo
L001555,2026-06-19,Manufacturing,1001+,Bulk order,13.56,3,0,synthetic_demo
L010650,2026-06-19,Manufacturing,1-50,Product enquiry,10.51,2,0,synthetic_demo
L004128,2026-06-19,Retail,51-200,Bulk order,7.68,0,0,synthetic_demo
L001516,2026-06-19,Retail,201-1000,Bulk order,22.99,0,0,synthetic_demo
L000479,2026-06-19,Healthcare,1001+,Price quote,6.06,7,0,synthetic_demo
L004780,2026-06-19,Technology,1-50,Price quote,9.32,2,0,synthetic_demo
L005181,2026-06-19,Technology,201-1000,Product enquiry,4.0,4,1,synthetic_demo
L005241,2026-06-19,Manufacturing,1-50,Product enquiry,16.05,2,0,synthetic_demo
L005237,2026-06-19,Manufacturing,201-1000,Product enquiry,22.16,2,0,synthetic_demo
L009234,2026-06-19,Construction,51-200,Product enquiry,10.74,1,0,synthetic_demo
L008753,2026-06-19,Technology,1-50,Bulk order,39.1,1,0,synthetic_demo
L004400,2026-06-19,Technology,51-200,Bulk order,15.33,2,0,synthetic_demo
L005047,2026-06-19,Manufacturing,1-50,Bulk order,4.2,1,0,synthetic_demo
L010719,2026-06-19,Manufacturing,1-50,Supplier request,14.48,2,0,synthetic_demo
L011102,2026-06-19,Manufacturing,201-1000,Product enquiry,6.15,6,1,synthetic_demo
L010179,2026-06-19,Manufacturing,1-50,Price quote,11.37,1,0,synthetic_demo
L005891,2026-06-19,Construction,1-50,Price quote,13.13,3,0,synthetic_demo
L006995,2026-06-19,Technology,51-200,Product enquiry,13.03,0,0,synthetic_demo
L008667,2026-06-19,Retail,1001+,Price quote,12.51,2,0,synthetic_demo
L009657,2026-06-19,Retail,1-50,Product enquiry,5.66,1,0,synthetic_demo
L001306,2026-06-19,Construction,1-50,Price quote,18.17,2,0,synthetic_demo
L006159,2026-06-19,Manufacturing,1001+,Bulk order,30.28,3,1,synthetic_demo
L010022,2026-06-19,Retail,1-50,Price quote,3.6,3,1,synthetic_demo
L004357,2026-06-19,Construction,201-1000,Product enquiry,5.59,0,0,synthetic_demo
L001583,2026-06-19,Retail,201-1000,Bulk order,16.67,3,0,synthetic_demo
L008237,2026-06-20,Construction,51-200,Price quote,20.51,2,0,synthetic_demo
L003688,2026-06-20,Construction,51-200,Bulk order,12.68,1,1,synthetic_demo
L000392,2026-06-20,Manufacturing,51-200,Product enquiry,11.3,3,1,synthetic_demo
L003106,2026-06-20,Technology,201-1000,Bulk order,15.06,0,0,synthetic_demo
L004052,2026-06-20,Technology,51-200,Product enquiry,11.77,3,0,synthetic_demo
L008188,2026-06-20,Retail,51-200,Supplier request,10.89,2,1,synthetic_demo
L004017,2026-06-20,Manufacturing,1-50,Supplier request,5.69,1,0,synthetic_demo
L009443,2026-06-20,Technology,1-50,Supplier request,3.25,1,0,synthetic_demo
L007972,2026-06-20,Manufacturing,201-1000,Price quote,15.5,2,1,synthetic_demo
L003284,2026-06-20,Manufacturing,201-1000,Product enquiry,14.34,2,0,synthetic_demo
L009296,2026-06-20,Retail,201-1000,Supplier request,1.1,1,0,synthetic_demo
L009425,2026-06-20,Healthcare,51-200,Bulk order,8.66,1,0,synthetic_demo
L009722,2026-06-20,Construction,51-200,Bulk order,8.05,1,0,synthetic_demo
L009321,2026-06-20,Technology,201-1000,Price quote,5.17,2,0,synthetic_demo
L000228,2026-06-20,Healthcare,51-200,Bulk order,12.32,3,0,synthetic_demo
L005963,2026-06-20,Healthcare,51-200,Bulk order,16.51,1,0,synthetic_demo
L000021,2026-06-20,Technology,1-50,Price quote,13.96,3,0,synthetic_demo
L004981,2026-06-20,Construction,201-1000,Bulk order,16.76,2,0,synthetic_demo
L009306,2026-06-20,Retail,1-50,Supplier request,6.21,1,0,synthetic_demo
L007162,2026-06-20,Retail,201-1000,Bulk order,16.52,2,0,synthetic_demo
L005472,2026-06-20,Manufacturing,1-50,Product enquiry,11.34,0,0,synthetic_demo
L011283,2026-06-20,Healthcare,201-1000,Supplier request,3.58,4,0,synthetic_demo
L006912,2026-06-20,Healthcare,51-200,Bulk order,4.06,1,0,synthetic_demo
L004817,2026-06-20,Manufacturing,1001+,Product enquiry,12.53,1,0,synthetic_demo
L011588,2026-06-20,Manufacturing,51-200,Supplier request,13.2,1,0,synthetic_demo
L003578,2026-06-20,Manufacturing,1-50,Product enquiry,19.84,1,0,synthetic_demo
L007896,2026-06-20,Technology,201-1000,Product enquiry,5.82,2,0,synthetic_demo
L002041,2026-06-20,Retail,51-200,Product enquiry,5.03,2,0,synthetic_demo
L002050,2026-06-20,Retail,1-50,Bulk order,6.49,2,0,synthetic_demo
L001615,2026-06-20,Technology,1001+,Price quote,10.06,0,0,synthetic_demo
L007628,2026-06-20,Construction,1001+,Bulk order,27.3,3,0,synthetic_demo
L002138,2026-06-20,Technology,1001+,Product enquiry,22.63,0,0,synthetic_demo
L007394,2026-06-20,Technology,51-200,Bulk order,34.59,1,0,synthetic_demo
L002219,2026-06-20,Construction,201-1000,Price quote,9.31,2,0,synthetic_demo
L004337,2026-06-20,Manufacturing,1-50,Bulk order,6.68,2,0,synthetic_demo
L007236,2026-06-20,Technology,1-50,Bulk order,8.61,4,1,synthetic_demo
L010642,2026-06-20,Technology,51-200,Price quote,8.09,0,0,synthetic_demo
L002398,2026-06-20,Manufacturing,1-50,Price quote,3.09,1,0,synthetic_demo
L006341,2026-06-20,Construction,51-200,Price quote,0.3,2,0,synthetic_demo
L002649,2026-06-20,Technology,1001+,Supplier request,9.72,0,0,synthetic_demo
L009628,2026-06-20,Retail,201-1000,Price quote,21.33,1,0,synthetic_demo
L009630,2026-06-20,Technology,1-50,Product enquiry,8.74,3,0,synthetic_demo
L010525,2026-06-20,Construction,201-1000,Price quote,10.86,2,0,synthetic_demo
L001155,2026-06-20,Healthcare,1001+,Supplier request,11.49,2,0,synthetic_demo
L005129,2026-06-21,Construction,51-200,Price quote,6.65,1,0,synthetic_demo
L004216,2026-06-21,Manufacturing,201-1000,Bulk order,4.16,1,0,synthetic_demo
L009677,2026-06-21,Healthcare,201-1000,Price quote,2.34,2,0,synthetic_demo
L009826,2026-06-21,Manufacturing,1-50,Bulk order,12.75,3,1,synthetic_demo
L010138,2026-06-21,Technology,1-50,Product enquiry,5.45,1,1,synthetic_demo
L004925,2026-06-21,Retail,201-1000,Bulk order,11.1,3,0,synthetic_demo
L009813,2026-06-21,Healthcare,201-1000,Price quote,11.67,3,0,synthetic_demo
L004232,2026-06-21,Manufacturing,201-1000,Price quote,9.94,3,0,synthetic_demo
L004900,2026-06-21,Technology,51-200,Supplier request,11.72,3,0,synthetic_demo
L004537,2026-06-21,Technology,51-200,Product enquiry,11.69,4,0,synthetic_demo
L002218,2026-06-21,Construction,201-1000,Price quote,8.42,0,0,synthetic_demo
L006679,2026-06-21,Manufacturing,201-1000,Supplier request,9.75,3,1,synthetic_demo
L000851,2026-06-21,Manufacturing,201-1000,Price quote,9.62,4,0,synthetic_demo
L003067,2026-06-21,Retail,201-1000,Price quote,9.66,2,0,synthetic_demo
L002440,2026-06-21,Technology,201-1000,Product enquiry,5.21,1,0,synthetic_demo
L006343,2026-06-21,Construction,1-50,Bulk order,9.36,1,0,synthetic_demo
L002525,2026-06-21,Construction,1001+,Product enquiry,20.69,2,0,synthetic_demo
L010908,2026-06-21,Manufacturing,51-200,Price quote,18.87,5,0,synthetic_demo
L006810,2026-06-21,Technology,51-200,Supplier request,10.49,4,0,synthetic_demo
L002783,2026-06-21,Healthcare,51-200,Bulk order,8.02,2,0,synthetic_demo
L011999,2026-06-21,Technology,51-200,Price quote,21.22,5,0,synthetic_demo
L002878,2026-06-21,Retail,51-200,Bulk order,6.53,2,0,synthetic_demo
L007805,2026-06-21,Manufacturing,1-50,Bulk order,15.31,3,0,synthetic_demo
L002941,2026-06-21,Construction,51-200,Product enquiry,9.8,0,1,synthetic_demo
L005705,2026-06-21,Healthcare,201-1000,Supplier request,5.53,1,0,synthetic_demo
L011829,2026-06-21,Manufacturing,51-200,Bulk order,5.9,3,0,synthetic_demo
L010737,2026-06-21,Retail,1-50,Supplier request,4.54,0,0,synthetic_demo
L002818,2026-06-21,Healthcare,1001+,Product enquiry,29.88,0,0,synthetic_demo
L000904,2026-06-21,Retail,1001+,Price quote,2.23,2,0,synthetic_demo
L005769,2026-06-21,Retail,1-50,Product enquiry,4.51,2,0,synthetic_demo
L001698,2026-06-21,Technology,51-200,Price quote,17.45,3,1,synthetic_demo
L007609,2026-06-21,Retail,1-50,Bulk order,7.63,3,0,synthetic_demo
L003616,2026-06-21,Technology,201-1000,Product enquiry,7.05,3,0,synthetic_demo
L003767,2026-06-21,Healthcare,1-50,Product enquiry,15.91,2,0,synthetic_demo
L008292,2026-06-21,Construction,201-1000,Product enquiry,3.98,1,1,synthetic_demo
L001680,2026-06-21,Healthcare,1-50,Bulk order,7.56,3,0,synthetic_demo
L007419,2026-06-21,Retail,51-200,Supplier request,13.14,2,0,synthetic_demo
L007193,2026-06-21,Healthcare,51-200,Bulk order,21.86,3,0,synthetic_demo
L001370,2026-06-21,Retail,201-1000,Price quote,4.43,5,0,synthetic_demo
L001756,2026-06-22,Healthcare,201-1000,Price quote,29.23,0,0,synthetic_demo
L001344,2026-06-22,Healthcare,1-50,Product enquiry,2.17,1,0,synthetic_demo
L001343,2026-06-22,Retail,1-50,Product enquiry,19.71,1,0,synthetic_demo
L011466,2026-06-22,Technology,201-1000,Product enquiry,2.88,6,0,synthetic_demo
L002951,2026-06-22,Manufacturing,201-1000,Price quote,9.03,1,0,synthetic_demo
L000533,2026-06-22,Retail,51-200,Bulk order,5.68,2,0,synthetic_demo
L008693,2026-06-22,Manufacturing,1-50,Product enquiry,8.32,0,0,synthetic_demo
L005908,2026-06-22,Healthcare,201-1000,Product enquiry,1.85,3,0,synthetic_demo
L011784,2026-06-22,Technology,1001+,Bulk order,29.7,1,0,synthetic_demo
L010704,2026-06-22,Technology,201-1000,Bulk order,15.16,2,0,synthetic_demo
L005796,2026-06-22,Healthcare,51-200,Price quote,4.73,2,0,synthetic_demo
L005962,2026-06-22,Manufacturing,1001+,Product enquiry,4.28,1,0,synthetic_demo
L010789,2026-06-22,Manufacturing,201-1000,Product enquiry,29.79,1,0,synthetic_demo
L010829,2026-06-22,Healthcare,51-200,Product enquiry,5.87,5,0,synthetic_demo
L007285,2026-06-22,Construction,1-50,Price quote,12.3,2,0,synthetic_demo
L004847,2026-06-22,Manufacturing,1-50,Bulk order,11.38,1,1,synthetic_demo
L001896,2026-06-22,Manufacturing,201-1000,Price quote,23.08,1,0,synthetic_demo
L001934,2026-06-22,Technology,51-200,Bulk order,8.04,1,0,synthetic_demo
L001984,2026-06-22,Manufacturing,201-1000,Supplier request,11.22,3,0,synthetic_demo
L002104,2026-06-22,Construction,1001+,Bulk order,1.17,2,0,synthetic_demo
L001056,2026-06-22,Technology,1-50,Price quote,7.26,2,1,synthetic_demo
L010806,2026-06-22,Healthcare,51-200,Price quote,11.11,5,0,synthetic_demo
L001574,2026-06-22,Technology,201-1000,Price quote,9.4,2,0,synthetic_demo
L002279,2026-06-22,Construction,201-1000,Price quote,27.03,1,0,synthetic_demo
L002346,2026-06-22,Manufacturing,51-200,Price quote,10.67,2,0,synthetic_demo
L007167,2026-06-22,Technology,201-1000,Product enquiry,4.17,4,1,synthetic_demo
L004314,2026-06-22,Technology,1001+,Price quote,4.26,3,0,synthetic_demo
L002497,2026-06-22,Healthcare,1001+,Price quote,16.58,3,0,synthetic_demo
L010922,2026-06-22,Technology,1-50,Price quote,13.09,2,0,synthetic_demo
L004638,2026-06-22,Technology,201-1000,Product enquiry,16.66,0,0,synthetic_demo
L002448,2026-06-22,Retail,201-1000,Supplier request,14.26,3,0,synthetic_demo
L010868,2026-06-22,Manufacturing,201-1000,Price quote,10.74,1,0,synthetic_demo
L005127,2026-06-22,Retail,51-200,Bulk order,8.43,2,0,synthetic_demo
L005730,2026-06-22,Retail,51-200,Bulk order,19.14,4,0,synthetic_demo
L010609,2026-06-22,Construction,51-200,Product enquiry,3.91,0,0,synthetic_demo
L003524,2026-06-22,Retail,1-50,Bulk order,30.46,2,0,synthetic_demo
L000446,2026-06-22,Technology,1-50,Bulk order,6.79,4,0,synthetic_demo
L008056,2026-06-22,Healthcare,1-50,Product enquiry,12.32,2,0,synthetic_demo
L000025,2026-06-22,Technology,201-1000,Bulk order,5.44,2,1,synthetic_demo
L003833,2026-06-22,Retail,1001+,Price quote,11.36,3,0,synthetic_demo
L008400,2026-06-22,Technology,51-200,Product enquiry,1.65,0,0,synthetic_demo
L003398,2026-06-23,Manufacturing,1-50,Bulk order,12.17,3,1,synthetic_demo
L003212,2026-06-23,Technology,1-50,Bulk order,12.17,4,0,synthetic_demo
L006080,2026-06-23,Construction,1001+,Product enquiry,2.52,3,0,synthetic_demo
L008788,2026-06-23,Technology,51-200,Bulk order,9.99,2,0,synthetic_demo
L007795,2026-06-23,Healthcare,201-1000,Supplier request,13.98,3,0,synthetic_demo
L002791,2026-06-23,Technology,201-1000,Supplier request,22.65,4,0,synthetic_demo
L006651,2026-06-23,Technology,201-1000,Supplier request,14.83,4,0,synthetic_demo
L004186,2026-06-23,Technology,1-50,Product enquiry,12.7,0,0,synthetic_demo
L007788,2026-06-23,Technology,1001+,Product enquiry,9.54,3,0,synthetic_demo
L003100,2026-06-23,Manufacturing,1-50,Bulk order,12.5,1,0,synthetic_demo
L011841,2026-06-23,Construction,201-1000,Supplier request,9.98,2,0,synthetic_demo
L001247,2026-06-23,Healthcare,1001+,Price quote,10.02,3,0,synthetic_demo
L002592,2026-06-23,Construction,1001+,Product enquiry,7.77,3,0,synthetic_demo
L011755,2026-06-23,Technology,201-1000,Price quote,18.24,1,0,synthetic_demo
L008662,2026-06-23,Retail,51-200,Product enquiry,9.23,4,0,synthetic_demo
L008550,2026-06-23,Technology,1001+,Price quote,8.68,0,0,synthetic_demo
L001406,2026-06-23,Retail,51-200,Bulk order,7.44,1,0,synthetic_demo
L009800,2026-06-23,Retail,51-200,Price quote,5.97,1,0,synthetic_demo
L006436,2026-06-23,Retail,51-200,Bulk order,22.88,3,0,synthetic_demo
L002392,2026-06-23,Technology,51-200,Price quote,15.0,1,0,synthetic_demo
L009786,2026-06-23,Healthcare,201-1000,Bulk order,15.65,2,1,synthetic_demo
L007354,2026-06-23,Healthcare,1-50,Price quote,14.57,1,0,synthetic_demo
L000737,2026-06-23,Manufacturing,51-200,Supplier request,14.17,2,0,synthetic_demo
L008125,2026-06-23,Construction,201-1000,Price quote,1.61,5,1,synthetic_demo
L010509,2026-06-23,Manufacturing,201-1000,Product enquiry,14.7,2,0,synthetic_demo
L008687,2026-06-23,Technology,1001+,Product enquiry,4.86,2,0,synthetic_demo
L007191,2026-06-23,Healthcare,1001+,Supplier request,30.21,1,0,synthetic_demo
L005674,2026-06-23,Healthcare,1-50,Price quote,16.5,4,0,synthetic_demo
L011329,2026-06-23,Technology,1-50,Product enquiry,1.86,3,0,synthetic_demo
L000136,2026-06-23,Manufacturing,51-200,Bulk order,15.98,1,0,synthetic_demo
L005793,2026-06-23,Manufacturing,1-50,Bulk order,10.41,3,0,synthetic_demo
L005434,2026-06-23,Retail,51-200,Bulk order,12.06,2,0,synthetic_demo
L011143,2026-06-23,Technology,51-200,Price quote,4.75,4,1,synthetic_demo
L008289,2026-06-23,Retail,201-1000,Product enquiry,6.02,7,0,synthetic_demo
L003421,2026-06-23,Construction,201-1000,Product enquiry,10.81,3,1,synthetic_demo
L003892,2026-06-23,Technology,201-1000,Bulk order,11.12,1,1,synthetic_demo
L000999,2026-06-23,Construction,201-1000,Product enquiry,13.4,2,0,synthetic_demo
L010697,2026-06-24,Retail,51-200,Price quote,9.7,1,0,synthetic_demo
L003929,2026-06-24,Manufacturing,51-200,Bulk order,3.33,2,0,synthetic_demo
L010954,2026-06-24,Technology,1001+,Product enquiry,6.1,2,0,synthetic_demo
L010063,2026-06-24,Technology,51-200,Price quote,3.95,3,0,synthetic_demo
L001578,2026-06-24,Technology,1001+,Supplier request,19.12,4,0,synthetic_demo
L003292,2026-06-24,Technology,1-50,Bulk order,12.75,2,0,synthetic_demo
L005327,2026-06-24,Healthcare,201-1000,Price quote,4.29,5,1,synthetic_demo
L001562,2026-06-24,Healthcare,1-50,Product enquiry,15.57,3,0,synthetic_demo
L001601,2026-06-24,Construction,51-200,Price quote,13.21,4,1,synthetic_demo
L008628,2026-06-24,Construction,1001+,Supplier request,5.79,3,0,synthetic_demo
L010839,2026-06-24,Manufacturing,1-50,Product enquiry,17.08,4,0,synthetic_demo
L008946,2026-06-24,Technology,51-200,Product enquiry,14.51,0,0,synthetic_demo
L010103,2026-06-24,Construction,1001+,Price quote,13.15,4,1,synthetic_demo
L009879,2026-06-24,Manufacturing,201-1000,Product enquiry,5.45,1,0,synthetic_demo
L004654,2026-06-24,Manufacturing,51-200,Product enquiry,17.31,2,0,synthetic_demo
L005990,2026-06-24,Retail,201-1000,Price quote,0.97,0,1,synthetic_demo
L006036,2026-06-24,Construction,1-50,Price quote,21.06,3,0,synthetic_demo
L004936,2026-06-24,Manufacturing,51-200,Supplier request,1.63,1,0,synthetic_demo
L009474,2026-06-24,Manufacturing,1-50,Supplier request,9.41,0,0,synthetic_demo
L005110,2026-06-24,Technology,51-200,Product enquiry,3.99,4,0,synthetic_demo
L010724,2026-06-24,Manufacturing,51-200,Bulk order,4.95,3,1,synthetic_demo
L008581,2026-06-24,Healthcare,1-50,Price quote,1.76,0,0,synthetic_demo
L007503,2026-06-24,Manufacturing,51-200,Bulk order,12.3,2,0,synthetic_demo
L006612,2026-06-25,Manufacturing,201-1000,Price quote,12.05,2,0,synthetic_demo
L008566,2026-06-25,Retail,1-50,Product enquiry,15.26,3,0,synthetic_demo
L007658,2026-06-25,Technology,1-50,Price quote,13.33,1,0,synthetic_demo
L007228,2026-06-25,Retail,51-200,Product enquiry,6.48,3,0,synthetic_demo
L004161,2026-06-25,Healthcare,1-50,Product enquiry,4.29,0,0,synthetic_demo
L006891,2026-06-25,Healthcare,1-50,Price quote,4.73,1,0,synthetic_demo
L000823,2026-06-25,Retail,1-50,Price quote,15.93,2,0,synthetic_demo
L000831,2026-06-25,Healthcare,51-200,Bulk order,6.38,2,0,synthetic_demo
L010030,2026-06-25,Technology,51-200,Bulk order,4.96,2,0,synthetic_demo
L010312,2026-06-25,Retail,1001+,Product enquiry,8.24,2,1,synthetic_demo
L002503,2026-06-25,Construction,51-200,Bulk order,10.66,5,1,synthetic_demo
L007547,2026-06-25,Healthcare,51-200,Product enquiry,16.57,2,0,synthetic_demo
L001365,2026-06-25,Retail,51-200,Bulk order,17.35,2,0,synthetic_demo
L009760,2026-06-25,Manufacturing,201-1000,Price quote,8.76,1,0,synthetic_demo
L005875,2026-06-25,Manufacturing,1-50,Price quote,23.76,1,0,synthetic_demo
L009460,2026-06-25,Construction,1-50,Price quote,17.11,1,0,synthetic_demo
L005862,2026-06-25,Manufacturing,201-1000,Supplier request,26.2,2,0,synthetic_demo
L005995,2026-06-25,Healthcare,1-50,Price quote,4.06,2,0,synthetic_demo
L005854,2026-06-25,Manufacturing,1-50,Price quote,12.2,2,1,synthetic_demo
L007903,2026-06-25,Construction,1001+,Price quote,6.82,3,0,synthetic_demo
L002857,2026-06-25,Technology,51-200,Product enquiry,14.51,6,0,synthetic_demo
L002854,2026-06-25,Retail,1-50,Price quote,6.57,1,0,synthetic_demo
L005616,2026-06-25,Manufacturing,201-1000,Supplier request,2.08,2,0,synthetic_demo
L006027,2026-06-25,Manufacturing,51-200,Supplier request,5.32,7,1,synthetic_demo
L009976,2026-06-25,Manufacturing,201-1000,Price quote,9.31,3,0,synthetic_demo
L005252,2026-06-25,Manufacturing,201-1000,Bulk order,7.04,0,0,synthetic_demo
L008747,2026-06-25,Technology,1-50,Bulk order,3.8,1,0,synthetic_demo
L010693,2026-06-25,Manufacturing,201-1000,Product enquiry,24.14,1,0,synthetic_demo
L005785,2026-06-25,Manufacturing,51-200,Price quote,5.08,2,0,synthetic_demo
L009418,2026-06-25,Technology,201-1000,Supplier request,4.26,6,0,synthetic_demo
L003168,2026-06-25,Manufacturing,201-1000,Price quote,10.87,2,1,synthetic_demo
L002743,2026-06-25,Manufacturing,201-1000,Product enquiry,9.79,2,1,synthetic_demo
L000573,2026-06-25,Retail,201-1000,Price quote,7.55,3,1,synthetic_demo
L006963,2026-06-26,Healthcare,201-1000,Supplier request,11.48,0,0,synthetic_demo
L005797,2026-06-26,Healthcare,1001+,Supplier request,19.26,2,0,synthetic_demo
L000130,2026-06-26,Healthcare,1001+,Product enquiry,19.38,2,1,synthetic_demo
L006892,2026-06-26,Retail,51-200,Bulk order,5.22,0,0,synthetic_demo
L009691,2026-06-26,Retail,1-50,Bulk order,5.43,5,0,synthetic_demo
L008172,2026-06-26,Technology,1001+,Bulk order,10.45,6,0,synthetic_demo
L004006,2026-06-26,Manufacturing,1001+,Price quote,7.88,4,1,synthetic_demo
L001248,2026-06-26,Manufacturing,1-50,Price quote,2.82,6,0,synthetic_demo
L011609,2026-06-26,Manufacturing,201-1000,Product enquiry,12.97,0,0,synthetic_demo
L000362,2026-06-26,Manufacturing,51-200,Price quote,5.99,0,0,synthetic_demo
L006974,2026-06-26,Construction,1-50,Bulk order,6.46,5,0,synthetic_demo
L005312,2026-06-26,Manufacturing,1-50,Product enquiry,2.05,4,0,synthetic_demo
L005929,2026-06-26,Construction,201-1000,Supplier request,14.31,1,0,synthetic_demo
L011534,2026-06-26,Technology,201-1000,Supplier request,0.58,1,0,synthetic_demo
L003632,2026-06-26,Construction,51-200,Bulk order,19.87,3,0,synthetic_demo
L007730,2026-06-26,Manufacturing,201-1000,Product enquiry,6.01,1,1,synthetic_demo
L007472,2026-06-26,Technology,201-1000,Price quote,1.93,4,0,synthetic_demo
L005124,2026-06-26,Healthcare,1001+,Product enquiry,3.45,2,0,synthetic_demo
L006236,2026-06-26,Manufacturing,201-1000,Product enquiry,8.29,0,0,synthetic_demo
L007791,2026-06-26,Technology,1-50,Supplier request,8.07,2,0,synthetic_demo
L010832,2026-06-26,Manufacturing,201-1000,Product enquiry,37.95,3,1,synthetic_demo
L009332,2026-06-26,Manufacturing,1-50,Supplier request,1.29,1,1,synthetic_demo
L002824,2026-06-26,Construction,1001+,Price quote,2.26,1,0,synthetic_demo
L000359,2026-06-26,Healthcare,1001+,Price quote,8.51,1,1,synthetic_demo
L004646,2026-06-26,Construction,51-200,Product enquiry,2.64,4,0,synthetic_demo
L005627,2026-06-26,Technology,51-200,Price quote,0.1,2,0,synthetic_demo
L002900,2026-06-26,Retail,51-200,Price quote,15.53,2,0,synthetic_demo
L005194,2026-06-26,Technology,51-200,Price quote,6.16,3,0,synthetic_demo
L004401,2026-06-26,Technology,1001+,Supplier request,11.35,2,1,synthetic_demo
L003366,2026-06-26,Retail,1001+,Supplier request,16.78,1,0,synthetic_demo
L010118,2026-06-27,Healthcare,1001+,Product enquiry,22.91,2,0,synthetic_demo
L005261,2026-06-27,Technology,201-1000,Product enquiry,15.6,8,1,synthetic_demo
L003721,2026-06-27,Healthcare,201-1000,Price quote,12.59,0,0,synthetic_demo
L008643,2026-06-27,Manufacturing,201-1000,Price quote,2.63,2,0,synthetic_demo
L009575,2026-06-27,Manufacturing,201-1000,Bulk order,5.55,2,1,synthetic_demo
L001499,2026-06-27,Retail,1-50,Supplier request,24.46,4,0,synthetic_demo
L001333,2026-06-27,Healthcare,51-200,Price quote,7.07,3,0,synthetic_demo
L002290,2026-06-27,Retail,51-200,Product enquiry,2.27,5,1,synthetic_demo
L004684,2026-06-27,Technology,201-1000,Product enquiry,18.26,2,0,synthetic_demo
L005743,2026-06-27,Technology,1-50,Supplier request,29.97,0,0,synthetic_demo
L005809,2026-06-27,Manufacturing,1-50,Product enquiry,12.54,2,1,synthetic_demo
L005811,2026-06-27,Healthcare,201-1000,Supplier request,4.94,1,0,synthetic_demo
L010757,2026-06-27,Technology,51-200,Bulk order,6.62,1,0,synthetic_demo
L002906,2026-06-27,Healthcare,201-1000,Price quote,2.9,5,1,synthetic_demo
L007807,2026-06-27,Technology,1-50,Price quote,11.6,4,0,synthetic_demo
L005569,2026-06-27,Manufacturing,1-50,Price quote,9.47,1,0,synthetic_demo
L003288,2026-06-27,Retail,1-50,Bulk order,8.31,2,1,synthetic_demo
L010591,2026-06-27,Manufacturing,1-50,Bulk order,7.43,5,1,synthetic_demo
L002438,2026-06-27,Technology,201-1000,Supplier request,12.54,0,0,synthetic_demo
L004124,2026-06-27,Retail,1-50,Supplier request,4.52,2,0,synthetic_demo
L011304,2026-06-27,Technology,1-50,Bulk order,0.47,2,0,synthetic_demo
L002360,2026-06-27,Manufacturing,51-200,Price quote,6.51,1,0,synthetic_demo
L000763,2026-06-27,Manufacturing,51-200,Product enquiry,6.63,6,0,synthetic_demo
L004912,2026-06-27,Retail,51-200,Product enquiry,24.63,1,0,synthetic_demo
L008700,2026-06-27,Manufacturing,201-1000,Product enquiry,20.51,1,0,synthetic_demo
L010206,2026-06-27,Healthcare,201-1000,Bulk order,4.59,3,0,synthetic_demo
L000279,2026-06-27,Construction,51-200,Price quote,9.43,2,0,synthetic_demo
L004824,2026-06-27,Technology,1001+,Price quote,11.49,1,0,synthetic_demo
L010191,2026-06-27,Construction,201-1000,Supplier request,5.29,3,1,synthetic_demo
L011174,2026-06-27,Construction,51-200,Price quote,16.7,4,0,synthetic_demo
L010023,2026-06-27,Retail,1001+,Supplier request,12.59,3,0,synthetic_demo
L006973,2026-06-27,Manufacturing,1-50,Price quote,4.59,0,0,synthetic_demo
L006928,2026-06-27,Construction,51-200,Supplier request,3.19,4,0,synthetic_demo
L002259,2026-06-27,Manufacturing,51-200,Price quote,3.11,0,0,synthetic_demo
L003505,2026-06-27,Technology,1-50,Supplier request,6.17,1,0,synthetic_demo
L001770,2026-06-27,Technology,51-200,Product enquiry,29.09,3,0,synthetic_demo
L004555,2026-06-27,Manufacturing,201-1000,Product enquiry,13.29,0,0,synthetic_demo
L000794,2026-06-28,Manufacturing,1-50,Price quote,3.26,4,1,synthetic_demo
L000452,2026-06-28,Construction,201-1000,Price quote,4.18,0,0,synthetic_demo
L001242,2026-06-28,Retail,51-200,Supplier request,5.34,5,0,synthetic_demo
L007911,2026-06-28,Construction,1-50,Product enquiry,11.42,2,0,synthetic_demo
L008407,2026-06-28,Manufacturing,51-200,Price quote,11.68,0,0,synthetic_demo
L007745,2026-06-28,Technology,1-50,Supplier request,4.32,2,0,synthetic_demo
L011890,2026-06-28,Manufacturing,1-50,Product enquiry,20.65,1,0,synthetic_demo
L001135,2026-06-28,Construction,1-50,Price quote,14.86,3,0,synthetic_demo
L004616,2026-06-28,Retail,201-1000,Price quote,3.88,3,0,synthetic_demo
L007664,2026-06-28,Construction,51-200,Bulk order,4.98,7,1,synthetic_demo
L011516,2026-06-28,Retail,1-50,Bulk order,17.52,1,0,synthetic_demo
L004696,2026-06-28,Technology,51-200,Supplier request,13.19,1,0,synthetic_demo
L006661,2026-06-28,Retail,51-200,Supplier request,13.04,1,0,synthetic_demo
L009906,2026-06-28,Technology,51-200,Supplier request,6.9,3,0,synthetic_demo
L008876,2026-06-28,Retail,51-200,Product enquiry,7.15,2,0,synthetic_demo
L006459,2026-06-28,Healthcare,201-1000,Product enquiry,20.76,1,0,synthetic_demo
L001679,2026-06-28,Construction,51-200,Supplier request,7.44,3,0,synthetic_demo
L001854,2026-06-28,Technology,51-200,Price quote,5.98,0,0,synthetic_demo
L005523,2026-06-28,Retail,201-1000,Price quote,6.99,2,0,synthetic_demo
L003391,2026-06-28,Manufacturing,51-200,Price quote,8.61,3,1,synthetic_demo
L008805,2026-06-28,Technology,1-50,Bulk order,8.57,3,0,synthetic_demo
L003114,2026-06-28,Technology,1001+,Supplier request,3.65,1,0,synthetic_demo
L002145,2026-06-28,Retail,51-200,Product enquiry,13.7,2,0,synthetic_demo
L003206,2026-06-28,Retail,201-1000,Product enquiry,18.14,4,0,synthetic_demo
L006023,2026-06-28,Manufacturing,1-50,Product enquiry,12.07,0,0,synthetic_demo
L006506,2026-06-28,Manufacturing,201-1000,Product enquiry,10.34,2,0,synthetic_demo
L002272,2026-06-28,Healthcare,201-1000,Bulk order,4.68,2,0,synthetic_demo
L011441,2026-06-28,Retail,51-200,Price quote,14.17,0,0,synthetic_demo
L001994,2026-06-28,Manufacturing,51-200,Price quote,12.3,2,0,synthetic_demo
L003829,2026-06-28,Construction,201-1000,Product enquiry,11.08,3,0,synthetic_demo
L007348,2026-06-28,Retail,1-50,Price quote,11.44,4,1,synthetic_demo
L002278,2026-06-28,Manufacturing,1-50,Bulk order,2.37,1,0,synthetic_demo
L007385,2026-06-28,Manufacturing,1-50,Product enquiry,15.42,3,0,synthetic_demo
L010425,2026-06-28,Healthcare,201-1000,Product enquiry,22.45,1,0,synthetic_demo
L004324,2026-06-28,Manufacturing,51-200,Price quote,1.77,5,0,synthetic_demo
L005714,2026-06-28,Technology,51-200,Bulk order,5.23,3,0,synthetic_demo
L005968,2026-06-29,Retail,51-200,Supplier request,4.0,1,0,synthetic_demo
L010926,2026-06-29,Manufacturing,51-200,Product enquiry,8.51,3,0,synthetic_demo
L000515,2026-06-29,Retail,51-200,Price quote,10.35,4,0,synthetic_demo
L005830,2026-06-29,Technology,51-200,Price quote,5.48,1,0,synthetic_demo
L000347,2026-06-29,Construction,1-50,Supplier request,1.84,4,1,synthetic_demo
L000439,2026-06-29,Technology,51-200,Supplier request,4.19,3,0,synthetic_demo
L000319,2026-06-29,Retail,51-200,Supplier request,2.15,1,0,synthetic_demo
L000293,2026-06-29,Construction,1-50,Product enquiry,13.27,2,0,synthetic_demo
L008081,2026-06-29,Manufacturing,201-1000,Bulk order,15.03,2,0,synthetic_demo
L003859,2026-06-29,Technology,201-1000,Product enquiry,16.32,2,0,synthetic_demo
L008375,2026-06-29,Healthcare,201-1000,Product enquiry,3.11,2,0,synthetic_demo
L000172,2026-06-29,Healthcare,201-1000,Bulk order,22.55,3,0,synthetic_demo
L005423,2026-06-29,Technology,51-200,Bulk order,2.52,6,0,synthetic_demo
L003543,2026-06-29,Construction,1-50,Supplier request,4.19,3,0,synthetic_demo
L010708,2026-06-29,Healthcare,1-50,Bulk order,9.23,3,1,synthetic_demo
L002423,2026-06-29,Technology,51-200,Bulk order,6.94,1,0,synthetic_demo
L004942,2026-06-29,Manufacturing,51-200,Product enquiry,2.33,2,0,synthetic_demo
L004316,2026-06-29,Healthcare,1001+,Product enquiry,13.33,3,1,synthetic_demo
L006683,2026-06-29,Healthcare,1-50,Price quote,3.01,3,1,synthetic_demo
L008685,2026-06-29,Manufacturing,1-50,Product enquiry,8.86,3,0,synthetic_demo
L001203,2026-06-29,Technology,51-200,Supplier request,14.38,5,0,synthetic_demo
L004863,2026-06-29,Retail,1-50,Bulk order,10.27,1,0,synthetic_demo
L009921,2026-06-29,Manufacturing,1-50,Product enquiry,11.65,1,0,synthetic_demo
L008771,2026-06-29,Manufacturing,1-50,Bulk order,2.6,3,0,synthetic_demo
L000772,2026-06-29,Healthcare,1-50,Product enquiry,12.25,1,0,synthetic_demo
L002200,2026-06-29,Technology,51-200,Bulk order,14.87,0,0,synthetic_demo
L001535,2026-06-29,Manufacturing,51-200,Product enquiry,14.3,3,0,synthetic_demo
L010173,2026-06-30,Construction,1001+,Product enquiry,21.63,1,0,synthetic_demo
L008874,2026-06-30,Technology,1-50,Product enquiry,41.97,0,0,synthetic_demo
L010157,2026-06-30,Retail,1-50,Price quote,4.19,4,0,synthetic_demo
L005591,2026-06-30,Retail,201-1000,Price quote,12.74,2,0,synthetic_demo
L011316,2026-06-30,Manufacturing,51-200,Product enquiry,14.81,4,0,synthetic_demo
L005695,2026-06-30,Technology,51-200,Product enquiry,3.95,2,0,synthetic_demo
L004783,2026-06-30,Construction,1-50,Supplier request,18.6,1,0,synthetic_demo
L005460,2026-06-30,Manufacturing,1-50,Product enquiry,16.18,6,0,synthetic_demo
L001196,2026-06-30,Manufacturing,51-200,Supplier request,10.91,1,0,synthetic_demo
L004342,2026-06-30,Manufacturing,201-1000,Price quote,9.56,4,0,synthetic_demo
L007391,2026-06-30,Manufacturing,51-200,Supplier request,9.72,0,0,synthetic_demo
L010010,2026-06-30,Retail,1001+,Bulk order,9.97,0,0,synthetic_demo
L005183,2026-06-30,Manufacturing,201-1000,Product enquiry,9.52,2,0,synthetic_demo
L003341,2026-06-30,Retail,1-50,Supplier request,22.4,3,1,synthetic_demo
L006841,2026-06-30,Technology,201-1000,Price quote,9.33,2,0,synthetic_demo
L009663,2026-06-30,Manufacturing,51-200,Supplier request,6.75,3,0,synthetic_demo
L006737,2026-06-30,Manufacturing,1-50,Bulk order,0.67,0,0,synthetic_demo
L010255,2026-06-30,Technology,201-1000,Product enquiry,3.42,4,0,synthetic_demo
L010316,2026-06-30,Technology,1-50,Product enquiry,9.83,1,0,synthetic_demo
L010891,2026-06-30,Retail,51-200,Product enquiry,7.65,5,1,synthetic_demo
L006111,2026-06-30,Manufacturing,201-1000,Bulk order,10.34,1,1,synthetic_demo
L002296,2026-06-30,Manufacturing,1001+,Supplier request,5.65,1,0,synthetic_demo
L004404,2026-06-30,Retail,51-200,Bulk order,13.28,2,0,synthetic_demo
L001257,2026-06-30,Technology,51-200,Product enquiry,2.8,3,0,synthetic_demo
L002095,2026-06-30,Construction,1-50,Price quote,9.45,4,0,synthetic_demo
L009110,2026-06-30,Retail,1-50,Product enquiry,4.92,1,0,synthetic_demo
L005801,2026-06-30,Retail,51-200,Bulk order,10.52,4,1,synthetic_demo
L000870,2026-06-30,Manufacturing,1-50,Product enquiry,13.11,3,0,synthetic_demo
L002377,2026-06-30,Construction,1-50,Bulk order,4.39,2,0,synthetic_demo
L003527,2026-07-01,Manufacturing,51-200,Bulk order,13.63,1,0,synthetic_demo
L000725,2026-07-01,Manufacturing,1-50,Bulk order,15.01,1,0,synthetic_demo
L011024,2026-07-01,Technology,201-1000,Bulk order,6.4,1,0,synthetic_demo
L003574,2026-07-01,Retail,201-1000,Bulk order,3.51,3,1,synthetic_demo
L003428,2026-07-01,Construction,201-1000,Product enquiry,7.4,0,0,synthetic_demo
L002582,2026-07-01,Technology,51-200,Bulk order,3.54,2,1,synthetic_demo
L003405,2026-07-01,Construction,51-200,Product enquiry,18.74,0,0,synthetic_demo
L002737,2026-07-01,Manufacturing,201-1000,Supplier request,14.23,3,0,synthetic_demo
L004021,2026-07-01,Manufacturing,1-50,Price quote,21.64,1,0,synthetic_demo
L002928,2026-07-01,Healthcare,201-1000,Product enquiry,6.65,2,0,synthetic_demo
L010744,2026-07-01,Technology,201-1000,Supplier request,12.79,3,1,synthetic_demo
L003173,2026-07-01,Technology,51-200,Price quote,11.46,3,0,synthetic_demo
L011662,2026-07-01,Retail,201-1000,Price quote,17.29,0,0,synthetic_demo
L011684,2026-07-01,Construction,51-200,Product enquiry,11.36,1,0,synthetic_demo
L000001,2026-07-01,Technology,51-200,Price quote,12.81,0,0,synthetic_demo
L005581,2026-07-01,Technology,1-50,Product enquiry,6.78,3,1,synthetic_demo
L005045,2026-07-01,Manufacturing,201-1000,Product enquiry,19.73,3,1,synthetic_demo
L008674,2026-07-01,Manufacturing,1-50,Bulk order,12.41,3,0,synthetic_demo
L006570,2026-07-01,Construction,51-200,Product enquiry,5.83,4,0,synthetic_demo
L009911,2026-07-01,Manufacturing,201-1000,Product enquiry,15.34,1,0,synthetic_demo
L007172,2026-07-01,Healthcare,201-1000,Product enquiry,5.5,3,0,synthetic_demo
L008908,2026-07-01,Technology,201-1000,Supplier request,2.31,3,0,synthetic_demo
L009538,2026-07-01,Manufacturing,51-200,Bulk order,17.67,1,1,synthetic_demo
L007474,2026-07-01,Retail,1-50,Price quote,7.22,2,0,synthetic_demo
L007651,2026-07-01,Technology,51-200,Product enquiry,10.36,1,0,synthetic_demo
L006829,2026-07-01,Healthcare,201-1000,Product enquiry,1.17,4,0,synthetic_demo
L006781,2026-07-01,Retail,51-200,Product enquiry,12.36,1,0,synthetic_demo
L004786,2026-07-01,Construction,51-200,Product enquiry,21.83,0,0,synthetic_demo
L007318,2026-07-01,Construction,1-50,Bulk order,9.0,1,1,synthetic_demo
L007059,2026-07-01,Healthcare,51-200,Product enquiry,14.88,5,0,synthetic_demo
L005916,2026-07-01,Healthcare,51-200,Bulk order,15.6,0,0,synthetic_demo
L005693,2026-07-01,Healthcare,1001+,Product enquiry,8.6,0,0,synthetic_demo
L001981,2026-07-02,Construction,51-200,Price quote,8.96,1,0,synthetic_demo
L004064,2026-07-02,Healthcare,51-200,Product enquiry,13.07,1,0,synthetic_demo
L005871,2026-07-02,Healthcare,1001+,Supplier request,6.24,4,0,synthetic_demo
L007370,2026-07-02,Construction,201-1000,Product enquiry,11.99,6,1,synthetic_demo
L008656,2026-07-02,Manufacturing,51-200,Product enquiry,26.6,4,0,synthetic_demo
L011837,2026-07-02,Healthcare,51-200,Price quote,21.45,1,0,synthetic_demo
L000148,2026-07-02,Healthcare,201-1000,Supplier request,9.93,5,1,synthetic_demo
L000630,2026-07-02,Technology,201-1000,Product enquiry,19.89,6,0,synthetic_demo
L005218,2026-07-02,Manufacturing,201-1000,Product enquiry,17.02,2,1,synthetic_demo
L008156,2026-07-02,Construction,201-1000,Supplier request,7.81,0,0,synthetic_demo
L000351,2026-07-02,Healthcare,1001+,Price quote,4.93,0,0,synthetic_demo
L002477,2026-07-02,Manufacturing,51-200,Supplier request,12.66,1,0,synthetic_demo
L011277,2026-07-02,Manufacturing,201-1000,Product enquiry,8.67,2,1,synthetic_demo
L004473,2026-07-02,Healthcare,1-50,Price quote,3.55,1,0,synthetic_demo
L007443,2026-07-02,Technology,51-200,Product enquiry,6.9,3,0,synthetic_demo
L009411,2026-07-02,Retail,1001+,Bulk order,2.31,1,0,synthetic_demo
L011780,2026-07-02,Construction,51-200,Product enquiry,4.08,2,0,synthetic_demo
L004706,2026-07-02,Retail,51-200,Price quote,32.2,4,0,synthetic_demo
L005376,2026-07-02,Technology,201-1000,Bulk order,4.38,2,0,synthetic_demo
L009413,2026-07-02,Manufacturing,201-1000,Supplier request,10.42,2,0,synthetic_demo
L004325,2026-07-02,Manufacturing,1-50,Supplier request,3.67,2,0,synthetic_demo
L011785,2026-07-02,Healthcare,51-200,Price quote,10.32,2,0,synthetic_demo
L007002,2026-07-02,Construction,1001+,Supplier request,6.15,2,0,synthetic_demo
L006424,2026-07-02,Technology,51-200,Product enquiry,2.2,4,0,synthetic_demo
L005941,2026-07-02,Technology,51-200,Product enquiry,10.8,5,0,synthetic_demo
L009471,2026-07-02,Technology,51-200,Bulk order,7.35,2,0,synthetic_demo
L003960,2026-07-02,Retail,1-50,Product enquiry,3.48,2,0,synthetic_demo
L007756,2026-07-02,Construction,201-1000,Price quote,25.86,1,0,synthetic_demo
L011697,2026-07-02,Technology,51-200,Product enquiry,6.59,3,0,synthetic_demo
L001952,2026-07-03,Manufacturing,201-1000,Price quote,2.45,4,1,synthetic_demo
L011863,2026-07-03,Technology,201-1000,Bulk order,4.6,1,1,synthetic_demo
L003734,2026-07-03,Healthcare,201-1000,Bulk order,21.27,4,0,synthetic_demo
L004967,2026-07-03,Retail,51-200,Product enquiry,7.35,3,0,synthetic_demo
L003453,2026-07-03,Manufacturing,1001+,Bulk order,8.03,1,0,synthetic_demo
L006300,2026-07-03,Construction,1-50,Product enquiry,16.81,4,0,synthetic_demo
L006002,2026-07-03,Manufacturing,201-1000,Bulk order,7.39,2,1,synthetic_demo
L010801,2026-07-03,Manufacturing,1-50,Price quote,7.51,1,0,synthetic_demo
L007362,2026-07-03,Technology,1001+,Price quote,3.89,2,0,synthetic_demo
L000451,2026-07-03,Manufacturing,1-50,Price quote,11.23,0,0,synthetic_demo
L006193,2026-07-03,Manufacturing,1-50,Price quote,3.2,1,0,synthetic_demo
L000322,2026-07-03,Retail,51-200,Supplier request,22.29,3,0,synthetic_demo
L006723,2026-07-03,Retail,201-1000,Bulk order,10.44,1,1,synthetic_demo
L008153,2026-07-03,Healthcare,201-1000,Supplier request,9.09,2,0,synthetic_demo
L002942,2026-07-03,Manufacturing,1001+,Product enquiry,3.24,1,0,synthetic_demo
L005114,2026-07-03,Construction,201-1000,Product enquiry,13.08,1,0,synthetic_demo
L003111,2026-07-03,Retail,1-50,Price quote,14.31,2,0,synthetic_demo
L008729,2026-07-03,Manufacturing,1001+,Bulk order,3.47,2,1,synthetic_demo
L005583,2026-07-03,Retail,51-200,Price quote,12.14,3,1,synthetic_demo
L003540,2026-07-03,Retail,1001+,Product enquiry,15.43,3,0,synthetic_demo
L008533,2026-07-03,Manufacturing,51-200,Bulk order,4.82,2,1,synthetic_demo
L009104,2026-07-03,Technology,1-50,Product enquiry,7.09,1,0,synthetic_demo
L002054,2026-07-03,Technology,201-1000,Product enquiry,29.43,3,1,synthetic_demo
L009472,2026-07-03,Manufacturing,201-1000,Supplier request,3.66,1,0,synthetic_demo
L008894,2026-07-03,Manufacturing,201-1000,Price quote,6.66,3,0,synthetic_demo
L011137,2026-07-03,Construction,201-1000,Supplier request,5.04,4,0,synthetic_demo
L005654,2026-07-03,Retail,201-1000,Product enquiry,5.28,2,0,synthetic_demo
L007724,2026-07-03,Retail,51-200,Product enquiry,13.61,2,0,synthetic_demo
L002293,2026-07-03,Healthcare,51-200,Product enquiry,3.92,4,0,synthetic_demo
L001217,2026-07-03,Retail,1001+,Supplier request,1.39,1,0,synthetic_demo
L010411,2026-07-03,Healthcare,51-200,Product enquiry,4.62,2,0,synthetic_demo
L005175,2026-07-03,Manufacturing,51-200,Price quote,12.09,1,0,synthetic_demo
L007309,2026-07-03,Manufacturing,201-1000,Product enquiry,5.64,2,0,synthetic_demo
L008297,2026-07-03,Technology,1-50,Bulk order,6.27,2,0,synthetic_demo
L000688,2026-07-03,Construction,1-50,Product enquiry,10.44,0,0,synthetic_demo
L006536,2026-07-03,Manufacturing,1-50,Product enquiry,14.22,0,0,synthetic_demo
L006758,2026-07-04,Construction,1-50,Bulk order,9.77,2,0,synthetic_demo
L004845,2026-07-04,Retail,201-1000,Product enquiry,10.83,3,0,synthetic_demo
L006421,2026-07-04,Retail,1001+,Bulk order,10.13,3,0,synthetic_demo
L007573,2026-07-04,Manufacturing,201-1000,Supplier request,9.33,1,0,synthetic_demo
L006221,2026-07-04,Retail,201-1000,Supplier request,19.85,2,0,synthetic_demo
L005258,2026-07-04,Retail,51-200,Price quote,5.45,2,1,synthetic_demo
L004721,2026-07-04,Retail,1-50,Bulk order,1.74,3,0,synthetic_demo
L009142,2026-07-04,Construction,1001+,Supplier request,16.86,1,0,synthetic_demo
L006635,2026-07-04,Technology,1001+,Bulk order,9.13,1,1,synthetic_demo
L002469,2026-07-04,Healthcare,51-200,Product enquiry,12.16,2,0,synthetic_demo
L003507,2026-07-04,Healthcare,1001+,Supplier request,21.87,2,0,synthetic_demo
L001154,2026-07-04,Manufacturing,201-1000,Product enquiry,30.44,2,0,synthetic_demo
L000622,2026-07-04,Retail,201-1000,Product enquiry,4.46,2,1,synthetic_demo
L000912,2026-07-04,Construction,1-50,Bulk order,5.51,3,0,synthetic_demo
L006437,2026-07-04,Healthcare,1-50,Price quote,12.18,0,0,synthetic_demo
L005483,2026-07-04,Retail,1-50,Price quote,4.17,3,0,synthetic_demo
L011501,2026-07-04,Healthcare,51-200,Price quote,11.89,2,0,synthetic_demo
L008271,2026-07-04,Retail,201-1000,Price quote,9.43,1,0,synthetic_demo
L007035,2026-07-04,Manufacturing,1001+,Supplier request,7.64,2,0,synthetic_demo
L007028,2026-07-04,Manufacturing,1-50,Bulk order,16.24,3,0,synthetic_demo
L004513,2026-07-04,Construction,51-200,Bulk order,7.72,2,0,synthetic_demo
L007201,2026-07-04,Retail,201-1000,Price quote,7.48,3,0,synthetic_demo
L011949,2026-07-04,Healthcare,1-50,Product enquiry,11.86,0,0,synthetic_demo
L010337,2026-07-04,Healthcare,51-200,Price quote,6.04,2,0,synthetic_demo
L002966,2026-07-04,Healthcare,201-1000,Bulk order,25.41,1,0,synthetic_demo
L002954,2026-07-04,Construction,51-200,Product enquiry,2.26,3,0,synthetic_demo
L001728,2026-07-04,Construction,201-1000,Bulk order,3.83,3,1,synthetic_demo
L008142,2026-07-04,Manufacturing,1-50,Bulk order,14.45,4,0,synthetic_demo
L010058,2026-07-04,Retail,201-1000,Bulk order,12.88,3,0,synthetic_demo
L005975,2026-07-04,Construction,1001+,Product enquiry,9.11,1,0,synthetic_demo
L009082,2026-07-04,Retail,201-1000,Product enquiry,1.3,2,0,synthetic_demo
L009650,2026-07-04,Retail,1001+,Supplier request,19.0,3,1,synthetic_demo
L011481,2026-07-04,Healthcare,1-50,Price quote,3.4,2,0,synthetic_demo
L007426,2026-07-04,Manufacturing,1-50,Product enquiry,6.85,0,0,synthetic_demo
L005480,2026-07-04,Construction,51-200,Price quote,11.03,3,1,synthetic_demo
L000348,2026-07-05,Manufacturing,1-50,Price quote,15.97,1,0,synthetic_demo
L010362,2026-07-05,Healthcare,1001+,Product enquiry,19.93,2,0,synthetic_demo
L005391,2026-07-05,Healthcare,51-200,Supplier request,16.34,4,0,synthetic_demo
L003043,2026-07-05,Technology,1-50,Bulk order,20.95,2,0,synthetic_demo
L004289,2026-07-05,Construction,1-50,Supplier request,10.64,1,0,synthetic_demo
L008594,2026-07-05,Retail,1001+,Price quote,12.95,3,1,synthetic_demo
L007199,2026-07-05,Technology,201-1000,Bulk order,9.25,1,1,synthetic_demo
L011790,2026-07-05,Manufacturing,1-50,Product enquiry,17.89,1,0,synthetic_demo
L008811,2026-07-05,Technology,201-1000,Product enquiry,5.12,0,0,synthetic_demo
L000091,2026-07-05,Manufacturing,51-200,Product enquiry,15.38,0,0,synthetic_demo
L004226,2026-07-05,Construction,51-200,Bulk order,0.7,1,0,synthetic_demo
L003086,2026-07-05,Retail,201-1000,Supplier request,10.17,0,0,synthetic_demo
L002172,2026-07-05,Manufacturing,1-50,Supplier request,14.81,2,0,synthetic_demo
L011066,2026-07-05,Retail,51-200,Supplier request,38.59,2,0,synthetic_demo
L004252,2026-07-05,Manufacturing,201-1000,Price quote,2.21,4,0,synthetic_demo
L002301,2026-07-05,Construction,1001+,Bulk order,1.18,7,1,synthetic_demo
L010026,2026-07-05,Manufacturing,1-50,Product enquiry,3.27,2,0,synthetic_demo
L011051,2026-07-05,Manufacturing,51-200,Product enquiry,5.54,0,0,synthetic_demo
L009694,2026-07-05,Manufacturing,201-1000,Supplier request,4.5,3,0,synthetic_demo
L002897,2026-07-05,Construction,1-50,Price quote,7.43,2,0,synthetic_demo
L001433,2026-07-05,Manufacturing,51-200,Product enquiry,5.31,2,1,synthetic_demo
L001040,2026-07-05,Manufacturing,1001+,Product enquiry,8.65,2,0,synthetic_demo
L011567,2026-07-05,Retail,1-50,Supplier request,16.67,6,0,synthetic_demo
L005513,2026-07-05,Retail,51-200,Product enquiry,12.47,3,0,synthetic_demo
L009214,2026-07-05,Manufacturing,1-50,Bulk order,7.52,1,0,synthetic_demo
L010743,2026-07-05,Manufacturing,1001+,Supplier request,16.71,5,0,synthetic_demo
L003397,2026-07-05,Manufacturing,201-1000,Price quote,7.99,0,0,synthetic_demo
L000155,2026-07-05,Manufacturing,201-1000,Bulk order,14.61,5,1,synthetic_demo
L009005,2026-07-05,Manufacturing,201-1000,Price quote,5.94,2,1,synthetic_demo
L008669,2026-07-05,Healthcare,51-200,Product enquiry,14.88,1,0,synthetic_demo
L010289,2026-07-05,Healthcare,1-50,Supplier request,21.34,1,0,synthetic_demo
L002482,2026-07-05,Manufacturing,201-1000,Bulk order,18.25,2,0,synthetic_demo
L001461,2026-07-06,Technology,1-50,Product enquiry,11.28,5,0,synthetic_demo
L001310,2026-07-06,Construction,51-200,Price quote,4.34,2,1,synthetic_demo
L007115,2026-07-06,Technology,1-50,Price quote,18.98,4,0,synthetic_demo
L001946,2026-07-06,Construction,201-1000,Product enquiry,3.22,2,0,synthetic_demo
L007670,2026-07-06,Healthcare,1-50,Price quote,7.61,0,0,synthetic_demo
L003828,2026-07-06,Retail,1001+,Product enquiry,6.51,1,0,synthetic_demo
L001742,2026-07-06,Manufacturing,51-200,Product enquiry,3.62,2,0,synthetic_demo
L009685,2026-07-06,Manufacturing,1-50,Product enquiry,2.18,3,0,synthetic_demo
L007412,2026-07-06,Technology,1-50,Product enquiry,13.9,2,0,synthetic_demo
L004853,2026-07-06,Technology,1-50,Product enquiry,14.0,1,0,synthetic_demo
L005286,2026-07-06,Manufacturing,1-50,Supplier request,5.18,3,0,synthetic_demo
L007423,2026-07-06,Retail,1001+,Price quote,4.69,1,0,synthetic_demo
L000926,2026-07-06,Manufacturing,1-50,Price quote,6.51,3,0,synthetic_demo
L004946,2026-07-06,Technology,201-1000,Product enquiry,8.18,1,0,synthetic_demo
L001142,2026-07-06,Technology,1-50,Bulk order,4.0,4,0,synthetic_demo
L008605,2026-07-06,Technology,51-200,Price quote,14.68,6,1,synthetic_demo
L010004,2026-07-06,Manufacturing,1-50,Supplier request,5.29,2,0,synthetic_demo
L002826,2026-07-06,Technology,201-1000,Product enquiry,20.74,1,0,synthetic_demo
L009344,2026-07-06,Manufacturing,51-200,Supplier request,7.58,1,0,synthetic_demo
L000100,2026-07-06,Construction,51-200,Price quote,15.66,3,0,synthetic_demo
L008030,2026-07-06,Healthcare,1-50,Bulk order,2.22,1,1,synthetic_demo
L004494,2026-07-06,Manufacturing,201-1000,Price quote,5.11,1,0,synthetic_demo
L000821,2026-07-06,Manufacturing,1-50,Price quote,6.25,3,0,synthetic_demo
L009491,2026-07-06,Retail,1-50,Product enquiry,1.14,3,0,synthetic_demo
L002847,2026-07-06,Manufacturing,1-50,Product enquiry,7.99,0,0,synthetic_demo
L011751,2026-07-06,Construction,1001+,Supplier request,5.28,3,1,synthetic_demo
L000037,2026-07-06,Manufacturing,51-200,Product enquiry,4.72,1,0,synthetic_demo
L002329,2026-07-06,Healthcare,1001+,Supplier request,10.63,2,0,synthetic_demo
L002317,2026-07-06,Manufacturing,51-200,Price quote,7.16,1,0,synthetic_demo
L007292,2026-07-07,Manufacturing,201-1000,Price quote,31.44,3,0,synthetic_demo
L007255,2026-07-07,Healthcare,1-50,Price quote,2.52,5,1,synthetic_demo
L003316,2026-07-07,Manufacturing,51-200,Product enquiry,5.43,4,0,synthetic_demo
L005905,2026-07-07,Retail,201-1000,Supplier request,17.29,0,0,synthetic_demo
L007280,2026-07-07,Technology,51-200,Product enquiry,17.0,3,0,synthetic_demo
L005001,2026-07-07,Manufacturing,51-200,Price quote,5.39,3,0,synthetic_demo
L011556,2026-07-07,Retail,1001+,Product enquiry,14.32,0,0,synthetic_demo
L008111,2026-07-07,Retail,1001+,Product enquiry,19.75,2,1,synthetic_demo
L008730,2026-07-07,Retail,51-200,Price quote,12.23,4,0,synthetic_demo
L005959,2026-07-07,Technology,201-1000,Product enquiry,37.99,5,1,synthetic_demo
L004751,2026-07-07,Manufacturing,1-50,Bulk order,4.3,4,1,synthetic_demo
L010572,2026-07-07,Healthcare,51-200,Product enquiry,32.69,3,0,synthetic_demo
L009516,2026-07-07,Construction,51-200,Bulk order,13.14,1,0,synthetic_demo
L002707,2026-07-07,Construction,51-200,Bulk order,4.18,6,0,synthetic_demo
L007793,2026-07-07,Manufacturing,1001+,Product enquiry,7.14,1,0,synthetic_demo
L001359,2026-07-07,Technology,51-200,Supplier request,8.32,2,0,synthetic_demo
L001907,2026-07-07,Retail,51-200,Product enquiry,10.23,1,0,synthetic_demo
L009567,2026-07-07,Manufacturing,51-200,Product enquiry,10.84,2,0,synthetic_demo
L010736,2026-07-07,Retail,51-200,Bulk order,21.01,3,0,synthetic_demo
L009852,2026-07-07,Technology,201-1000,Bulk order,10.12,2,0,synthetic_demo
L000857,2026-07-07,Technology,1-50,Price quote,11.19,2,0,synthetic_demo
L010330,2026-07-07,Construction,51-200,Price quote,3.91,2,0,synthetic_demo
L004274,2026-07-07,Construction,201-1000,Price quote,19.9,3,0,synthetic_demo
L009603,2026-07-07,Technology,201-1000,Bulk order,11.77,1,0,synthetic_demo
L007676,2026-07-07,Healthcare,1-50,Supplier request,9.16,1,0,synthetic_demo
L005065,2026-07-07,Construction,1001+,Bulk order,4.92,3,0,synthetic_demo
L000788,2026-07-07,Retail,201-1000,Product enquiry,5.45,2,0,synthetic_demo
L006411,2026-07-07,Manufacturing,201-1000,Supplier request,9.47,3,0,synthetic_demo
L000509,2026-07-07,Healthcare,201-1000,Price quote,9.57,1,0,synthetic_demo
L007196,2026-07-07,Construction,51-200,Price quote,3.98,0,0,synthetic_demo
L005256,2026-07-07,Construction,51-200,Supplier request,7.59,3,0,synthetic_demo
L001639,2026-07-07,Manufacturing,201-1000,Product enquiry,11.3,1,0,synthetic_demo
L008551,2026-07-07,Healthcare,1-50,Bulk order,16.63,2,0,synthetic_demo
L002935,2026-07-08,Technology,1001+,Product enquiry,5.91,2,1,synthetic_demo
L005093,2026-07-08,Retail,201-1000,Product enquiry,7.73,3,0,synthetic_demo
L008161,2026-07-08,Retail,51-200,Price quote,4.67,0,0,synthetic_demo
L011279,2026-07-08,Retail,201-1000,Bulk order,11.52,4,1,synthetic_demo
L005203,2026-07-08,Manufacturing,201-1000,Supplier request,2.93,3,0,synthetic_demo
L000430,2026-07-08,Technology,51-200,Price quote,7.67,1,0,synthetic_demo
L008218,2026-07-08,Healthcare,201-1000,Bulk order,14.41,2,0,synthetic_demo
L005505,2026-07-08,Construction,51-200,Product enquiry,16.08,2,0,synthetic_demo
L009375,2026-07-08,Healthcare,51-200,Bulk order,9.24,3,1,synthetic_demo
L010021,2026-07-08,Manufacturing,1-50,Product enquiry,4.48,1,0,synthetic_demo
L007233,2026-07-08,Manufacturing,51-200,Supplier request,7.91,1,0,synthetic_demo
L000232,2026-07-08,Retail,1001+,Bulk order,14.67,3,0,synthetic_demo
L001492,2026-07-08,Technology,201-1000,Supplier request,3.84,6,1,synthetic_demo
L006921,2026-07-08,Technology,1001+,Bulk order,9.56,0,0,synthetic_demo
L004249,2026-07-08,Manufacturing,51-200,Price quote,5.78,3,0,synthetic_demo
L002336,2026-07-08,Technology,1-50,Bulk order,13.36,1,0,synthetic_demo
L002167,2026-07-08,Construction,51-200,Price quote,6.1,1,0,synthetic_demo
L009161,2026-07-08,Retail,1-50,Supplier request,12.4,2,0,synthetic_demo
L003650,2026-07-08,Construction,1-50,Supplier request,3.99,2,1,synthetic_demo
L009156,2026-07-08,Construction,1-50,Product enquiry,6.99,1,0,synthetic_demo
L009134,2026-07-08,Healthcare,51-200,Price quote,29.66,2,1,synthetic_demo
L011533,2026-07-08,Manufacturing,51-200,Price quote,4.88,2,1,synthetic_demo
L006286,2026-07-08,Healthcare,51-200,Product enquiry,12.04,3,0,synthetic_demo
L004116,2026-07-09,Manufacturing,51-200,Product enquiry,16.86,2,0,synthetic_demo
L001102,2026-07-09,Retail,1-50,Bulk order,10.33,2,0,synthetic_demo
L002486,2026-07-09,Retail,201-1000,Product enquiry,13.69,2,0,synthetic_demo
L008126,2026-07-09,Retail,1001+,Price quote,3.08,2,1,synthetic_demo
L006331,2026-07-09,Retail,1-50,Bulk order,16.46,2,0,synthetic_demo
L000723,2026-07-09,Manufacturing,1-50,Product enquiry,10.29,4,0,synthetic_demo
L001014,2026-07-09,Construction,1-50,Product enquiry,7.75,1,0,synthetic_demo
L011601,2026-07-09,Technology,1001+,Bulk order,3.79,1,0,synthetic_demo
L005849,2026-07-09,Manufacturing,1-50,Product enquiry,11.33,4,0,synthetic_demo
L006399,2026-07-09,Healthcare,1001+,Product enquiry,16.46,4,0,synthetic_demo
L011957,2026-07-09,Technology,51-200,Price quote,18.79,2,0,synthetic_demo
L005135,2026-07-09,Construction,1-50,Supplier request,5.53,2,0,synthetic_demo
L004562,2026-07-09,Manufacturing,51-200,Supplier request,12.56,1,0,synthetic_demo
L007629,2026-07-09,Manufacturing,51-200,Product enquiry,1.94,2,0,synthetic_demo
L007156,2026-07-09,Technology,1001+,Product enquiry,9.04,0,0,synthetic_demo
L001604,2026-07-09,Technology,1-50,Price quote,32.22,3,0,synthetic_demo
L011967,2026-07-09,Technology,51-200,Supplier request,8.0,4,0,synthetic_demo
L009420,2026-07-09,Construction,1001+,Bulk order,8.37,4,1,synthetic_demo
L003186,2026-07-09,Manufacturing,51-200,Price quote,8.98,5,1,synthetic_demo
L008521,2026-07-09,Healthcare,1001+,Price quote,4.21,2,0,synthetic_demo
L002491,2026-07-09,Construction,201-1000,Product enquiry,11.42,0,0,synthetic_demo
L001576,2026-07-09,Manufacturing,201-1000,Product enquiry,39.94,2,0,synthetic_demo
L001308,2026-07-09,Technology,1-50,Supplier request,14.5,1,0,synthetic_demo
L004382,2026-07-09,Retail,51-200,Price quote,24.11,5,0,synthetic_demo
L007989,2026-07-09,Technology,51-200,Supplier request,12.45,3,0,synthetic_demo
L007435,2026-07-09,Manufacturing,201-1000,Bulk order,10.52,1,1,synthetic_demo
L004100,2026-07-09,Construction,1001+,Price quote,9.89,1,0,synthetic_demo
L009794,2026-07-09,Manufacturing,1001+,Product enquiry,5.64,2,0,synthetic_demo
L010873,2026-07-09,Technology,1001+,Bulk order,8.18,2,0,synthetic_demo
L003790,2026-07-09,Technology,201-1000,Bulk order,14.96,4,0,synthetic_demo
L006246,2026-07-09,Manufacturing,201-1000,Product enquiry,16.97,3,0,synthetic_demo
L002539,2026-07-09,Manufacturing,1001+,Supplier request,5.81,3,0,synthetic_demo
L010715,2026-07-10,Healthcare,201-1000,Product enquiry,0.73,4,0,synthetic_demo
L010972,2026-07-10,Construction,51-200,Price quote,17.16,5,0,synthetic_demo
L009843,2026-07-10,Manufacturing,51-200,Product enquiry,4.8,2,1,synthetic_demo
L001488,2026-07-10,Retail,1-50,Product enquiry,17.69,3,0,synthetic_demo
L005202,2026-07-10,Manufacturing,1-50,Price quote,16.53,3,0,synthetic_demo
L001976,2026-07-10,Manufacturing,201-1000,Supplier request,4.47,1,0,synthetic_demo
L007508,2026-07-10,Technology,51-200,Supplier request,10.74,3,0,synthetic_demo
L003647,2026-07-10,Retail,51-200,Supplier request,9.92,5,0,synthetic_demo
L009871,2026-07-10,Manufacturing,201-1000,Product enquiry,5.21,1,0,synthetic_demo
L005767,2026-07-10,Retail,51-200,Bulk order,15.01,1,0,synthetic_demo
L007043,2026-07-10,Manufacturing,201-1000,Product enquiry,6.35,5,0,synthetic_demo
L002636,2026-07-10,Retail,201-1000,Product enquiry,7.55,2,0,synthetic_demo
L009924,2026-07-10,Manufacturing,1001+,Supplier request,2.25,1,0,synthetic_demo
L001595,2026-07-10,Technology,201-1000,Product enquiry,6.07,2,0,synthetic_demo
L002642,2026-07-10,Technology,201-1000,Price quote,12.51,3,0,synthetic_demo
L002739,2026-07-10,Technology,51-200,Price quote,31.03,2,0,synthetic_demo
L008463,2026-07-10,Technology,201-1000,Bulk order,1.78,1,0,synthetic_demo
L006270,2026-07-10,Manufacturing,201-1000,Supplier request,13.2,3,1,synthetic_demo
L008600,2026-07-10,Retail,51-200,Price quote,6.78,1,0,synthetic_demo
L009958,2026-07-10,Manufacturing,51-200,Price quote,6.67,1,0,synthetic_demo
L000624,2026-07-10,Retail,51-200,Supplier request,15.78,3,0,synthetic_demo
L008078,2026-07-10,Manufacturing,201-1000,Product enquiry,10.5,2,1,synthetic_demo
L007729,2026-07-10,Healthcare,1-50,Product enquiry,4.34,0,0,synthetic_demo
L003365,2026-07-10,Retail,201-1000,Bulk order,16.29,2,0,synthetic_demo
L011475,2026-07-10,Manufacturing,1-50,Bulk order,61.59,4,0,synthetic_demo
L011574,2026-07-10,Construction,201-1000,Product enquiry,1.72,1,0,synthetic_demo
L007531,2026-07-10,Manufacturing,1-50,Supplier request,4.22,3,0,synthetic_demo
L005833,2026-07-10,Retail,51-200,Product enquiry,29.1,1,0,synthetic_demo
L010102,2026-07-10,Technology,1-50,Product enquiry,17.05,2,1,synthetic_demo
L007591,2026-07-10,Retail,1-50,Price quote,10.58,0,0,synthetic_demo
L011230,2026-07-10,Technology,1-50,Supplier request,1.63,1,0,synthetic_demo
L001826,2026-07-10,Manufacturing,201-1000,Product enquiry,8.46,4,0,synthetic_demo
L006984,2026-07-10,Technology,1-50,Product enquiry,6.79,1,0,synthetic_demo
L005190,2026-07-10,Healthcare,1-50,Supplier request,21.41,4,0,synthetic_demo
L010932,2026-07-11,Technology,201-1000,Price quote,2.56,0,0,synthetic_demo
L006922,2026-07-11,Technology,1-50,Product enquiry,11.37,2,0,synthetic_demo
L002069,2026-07-11,Manufacturing,201-1000,Product enquiry,4.16,2,0,synthetic_demo
L002073,2026-07-11,Retail,51-200,Product enquiry,25.16,6,0,synthetic_demo
L009039,2026-07-11,Retail,1-50,Bulk order,5.87,3,0,synthetic_demo
L001697,2026-07-11,Manufacturing,1-50,Price quote,4.59,7,1,synthetic_demo
L002342,2026-07-11,Manufacturing,51-200,Price quote,13.22,1,0,synthetic_demo
L005728,2026-07-11,Retail,1001+,Bulk order,9.21,3,0,synthetic_demo
L009295,2026-07-11,Manufacturing,201-1000,Supplier request,3.08,4,0,synthetic_demo
L010952,2026-07-11,Construction,201-1000,Price quote,4.21,2,0,synthetic_demo
L003191,2026-07-11,Manufacturing,1-50,Product enquiry,6.52,2,0,synthetic_demo
L008567,2026-07-11,Construction,51-200,Supplier request,14.75,3,0,synthetic_demo
L004777,2026-07-11,Retail,201-1000,Bulk order,10.97,3,0,synthetic_demo
L001193,2026-07-11,Construction,1-50,Product enquiry,0.94,3,1,synthetic_demo
L010253,2026-07-11,Construction,201-1000,Product enquiry,12.85,3,0,synthetic_demo
L004517,2026-07-11,Retail,51-200,Price quote,23.84,1,0,synthetic_demo
L008344,2026-07-11,Retail,1-50,Price quote,10.25,2,0,synthetic_demo
L004583,2026-07-11,Technology,1-50,Product enquiry,7.45,2,0,synthetic_demo
L009918,2026-07-11,Retail,51-200,Supplier request,8.54,1,0,synthetic_demo
L008638,2026-07-11,Retail,1-50,Supplier request,1.82,2,0,synthetic_demo
L008104,2026-07-11,Technology,1001+,Supplier request,6.0,3,0,synthetic_demo
L010204,2026-07-11,Retail,51-200,Price quote,24.48,1,0,synthetic_demo
L001410,2026-07-11,Technology,1-50,Price quote,5.78,5,0,synthetic_demo
L008050,2026-07-11,Technology,201-1000,Bulk order,3.28,0,0,synthetic_demo
L007220,2026-07-11,Manufacturing,51-200,Price quote,36.62,1,0,synthetic_demo
L000938,2026-07-11,Manufacturing,51-200,Price quote,12.5,4,0,synthetic_demo
L007200,2026-07-11,Technology,51-200,Bulk order,10.4,3,0,synthetic_demo
L000423,2026-07-11,Manufacturing,51-200,Bulk order,6.13,2,0,synthetic_demo
L009952,2026-07-11,Construction,51-200,Bulk order,10.75,0,0,synthetic_demo
L000854,2026-07-11,Construction,1-50,Bulk order,15.73,1,0,synthetic_demo
L007122,2026-07-11,Manufacturing,1-50,Price quote,6.56,2,0,synthetic_demo
L010458,2026-07-12,Manufacturing,1-50,Product enquiry,2.28,2,1,synthetic_demo
L004692,2026-07-12,Manufacturing,201-1000,Bulk order,12.87,1,0,synthetic_demo
L006444,2026-07-12,Technology,51-200,Price quote,2.21,2,0,synthetic_demo
L001593,2026-07-12,Construction,201-1000,Bulk order,23.92,3,0,synthetic_demo
L007062,2026-07-12,Manufacturing,201-1000,Product enquiry,6.79,1,0,synthetic_demo
L009285,2026-07-12,Retail,201-1000,Price quote,6.84,1,0,synthetic_demo
L005965,2026-07-12,Technology,51-200,Bulk order,14.53,2,1,synthetic_demo
L011160,2026-07-12,Manufacturing,1-50,Price quote,1.16,1,1,synthetic_demo
L004281,2026-07-12,Manufacturing,1001+,Bulk order,7.56,2,0,synthetic_demo
L004492,2026-07-12,Construction,1-50,Bulk order,5.88,1,0,synthetic_demo
L006750,2026-07-12,Technology,51-200,Bulk order,3.86,5,0,synthetic_demo
L006763,2026-07-12,Construction,201-1000,Product enquiry,8.55,2,0,synthetic_demo
L011198,2026-07-12,Manufacturing,1-50,Price quote,11.11,1,0,synthetic_demo
L001245,2026-07-12,Retail,1-50,Product enquiry,10.76,1,0,synthetic_demo
L005426,2026-07-12,Healthcare,1001+,Product enquiry,2.75,1,0,synthetic_demo
L009270,2026-07-12,Construction,1-50,Bulk order,5.98,5,1,synthetic_demo
L007948,2026-07-12,Retail,1-50,Bulk order,24.12,4,0,synthetic_demo
L011934,2026-07-12,Healthcare,201-1000,Product enquiry,5.91,4,0,synthetic_demo
L003928,2026-07-12,Technology,201-1000,Product enquiry,8.6,1,0,synthetic_demo
L008873,2026-07-12,Manufacturing,51-200,Price quote,19.18,1,0,synthetic_demo
L006348,2026-07-12,Technology,201-1000,Price quote,18.07,3,0,synthetic_demo
L000028,2026-07-12,Manufacturing,51-200,Supplier request,9.98,2,0,synthetic_demo
L000676,2026-07-12,Retail,1-50,Product enquiry,2.64,2,0,synthetic_demo
L004864,2026-07-12,Technology,1-50,Price quote,3.85,4,0,synthetic_demo
L009503,2026-07-12,Healthcare,201-1000,Bulk order,7.81,1,0,synthetic_demo
L011351,2026-07-12,Manufacturing,201-1000,Bulk order,8.37,3,1,synthetic_demo
L011362,2026-07-12,Retail,1001+,Bulk order,7.36,0,1,synthetic_demo
L008695,2026-07-12,Technology,201-1000,Price quote,4.84,3,1,synthetic_demo
L005413,2026-07-12,Retail,1-50,Supplier request,7.23,2,0,synthetic_demo
L010765,2026-07-12,Healthcare,51-200,Bulk order,8.79,2,0,synthetic_demo
L009751,2026-07-12,Construction,1001+,Supplier request,36.39,2,0,synthetic_demo
L000931,2026-07-12,Retail,51-200,Price quote,24.59,2,0,synthetic_demo
L004110,2026-07-13,Healthcare,1001+,Bulk order,12.24,2,0,synthetic_demo
L000125,2026-07-13,Manufacturing,1001+,Price quote,8.35,1,0,synthetic_demo
L008679,2026-07-13,Technology,51-200,Product enquiry,4.45,0,0,synthetic_demo
L011049,2026-07-13,Retail,201-1000,Price quote,7.91,3,0,synthetic_demo
L000402,2026-07-13,Construction,201-1000,Product enquiry,11.13,2,0,synthetic_demo
L000846,2026-07-13,Construction,51-200,Bulk order,5.31,0,0,synthetic_demo
L003303,2026-07-13,Manufacturing,201-1000,Supplier request,9.4,4,1,synthetic_demo
L010197,2026-07-13,Manufacturing,201-1000,Product enquiry,18.72,5,0,synthetic_demo
L000151,2026-07-13,Technology,1-50,Bulk order,9.21,3,0,synthetic_demo
L003698,2026-07-13,Manufacturing,1-50,Bulk order,5.45,3,1,synthetic_demo
L007650,2026-07-13,Technology,1-50,Price quote,8.7,2,0,synthetic_demo
L002052,2026-07-13,Manufacturing,201-1000,Bulk order,34.53,3,0,synthetic_demo
L007457,2026-07-13,Technology,51-200,Price quote,3.6,4,1,synthetic_demo
L011658,2026-07-13,Technology,51-200,Product enquiry,8.87,2,0,synthetic_demo
L011950,2026-07-13,Retail,51-200,Supplier request,1.04,4,0,synthetic_demo
L006510,2026-07-13,Healthcare,1001+,Supplier request,14.35,2,0,synthetic_demo
L010001,2026-07-13,Technology,51-200,Supplier request,2.66,1,0,synthetic_demo
L003209,2026-07-13,Manufacturing,51-200,Price quote,12.65,1,0,synthetic_demo
L003434,2026-07-13,Manufacturing,201-1000,Price quote,6.94,4,0,synthetic_demo
L005677,2026-07-13,Manufacturing,201-1000,Bulk order,8.53,4,1,synthetic_demo
L003214,2026-07-13,Healthcare,201-1000,Price quote,1.89,3,0,synthetic_demo
L003878,2026-07-13,Construction,1001+,Price quote,17.35,2,0,synthetic_demo
L008183,2026-07-13,Healthcare,1001+,Supplier request,17.6,3,0,synthetic_demo
L009702,2026-07-13,Manufacturing,201-1000,Price quote,2.38,1,1,synthetic_demo
L004830,2026-07-13,Construction,201-1000,Product enquiry,3.54,3,1,synthetic_demo
L001750,2026-07-13,Retail,51-200,Bulk order,9.23,2,0,synthetic_demo
L004965,2026-07-13,Manufacturing,51-200,Supplier request,10.28,5,0,synthetic_demo
L006853,2026-07-13,Technology,201-1000,Price quote,8.53,1,1,synthetic_demo
L003485,2026-07-13,Technology,1-50,Product enquiry,10.24,4,0,synthetic_demo
L002716,2026-07-13,Manufacturing,1-50,Product enquiry,10.69,0,0,synthetic_demo
L007050,2026-07-14,Retail,51-200,Price quote,2.53,0,0,synthetic_demo
L001858,2026-07-14,Retail,51-200,Product enquiry,8.33,4,1,synthetic_demo
L010029,2026-07-14,Construction,201-1000,Price quote,20.94,4,0,synthetic_demo
L007226,2026-07-14,Manufacturing,51-200,Bulk order,12.04,1,0,synthetic_demo
L004823,2026-07-14,Technology,201-1000,Price quote,4.21,3,0,synthetic_demo
L008168,2026-07-14,Construction,1-50,Bulk order,13.22,2,0,synthetic_demo
L004386,2026-07-14,Construction,51-200,Supplier request,15.91,2,0,synthetic_demo
L000132,2026-07-14,Construction,1-50,Product enquiry,16.35,0,0,synthetic_demo
L006357,2026-07-14,Retail,1-50,Product enquiry,10.06,0,0,synthetic_demo
L007934,2026-07-14,Manufacturing,1-50,Supplier request,19.97,3,0,synthetic_demo
L000094,2026-07-14,Retail,51-200,Bulk order,14.87,1,0,synthetic_demo
L007402,2026-07-14,Manufacturing,1001+,Product enquiry,1.99,5,1,synthetic_demo
L002766,2026-07-14,Construction,201-1000,Supplier request,6.75,4,1,synthetic_demo
L001374,2026-07-14,Technology,201-1000,Product enquiry,7.12,4,0,synthetic_demo
L009878,2026-07-14,Construction,1-50,Product enquiry,25.51,3,0,synthetic_demo
L011308,2026-07-14,Construction,51-200,Product enquiry,6.41,3,0,synthetic_demo
L002480,2026-07-14,Construction,51-200,Price quote,6.3,0,0,synthetic_demo
L003826,2026-07-14,Healthcare,51-200,Product enquiry,5.36,2,0,synthetic_demo
L008619,2026-07-14,Manufacturing,1001+,Price quote,9.11,6,1,synthetic_demo
L002531,2026-07-14,Healthcare,1-50,Price quote,3.47,1,1,synthetic_demo
L003065,2026-07-14,Retail,51-200,Price quote,1.76,1,0,synthetic_demo
L000149,2026-07-14,Retail,1-50,Product enquiry,24.75,2,0,synthetic_demo
L004814,2026-07-14,Construction,51-200,Product enquiry,11.08,1,0,synthetic_demo
L000774,2026-07-14,Technology,1-50,Product enquiry,24.04,2,0,synthetic_demo
L011345,2026-07-14,Technology,1-50,Bulk order,6.59,3,0,synthetic_demo
L003572,2026-07-14,Manufacturing,1001+,Product enquiry,5.78,2,0,synthetic_demo
L004298,2026-07-14,Healthcare,1001+,Supplier request,3.54,5,1,synthetic_demo
L004356,2026-07-15,Technology,51-200,Bulk order,10.16,5,1,synthetic_demo
L000695,2026-07-15,Construction,51-200,Supplier request,10.9,1,0,synthetic_demo
L001558,2026-07-15,Healthcare,1001+,Supplier request,18.77,2,0,synthetic_demo
L006028,2026-07-15,Manufacturing,1-50,Supplier request,11.92,3,1,synthetic_demo
L006112,2026-07-15,Retail,1001+,Price quote,7.94,2,0,synthetic_demo
L006172,2026-07-15,Retail,201-1000,Price quote,6.24,4,0,synthetic_demo
L004932,2026-07-15,Healthcare,1-50,Price quote,3.62,1,0,synthetic_demo
L007393,2026-07-15,Manufacturing,51-200,Bulk order,11.6,9,1,synthetic_demo
L004960,2026-07-15,Technology,1-50,Bulk order,34.14,3,0,synthetic_demo
L000645,2026-07-15,Healthcare,51-200,Bulk order,10.99,2,0,synthetic_demo
L008468,2026-07-15,Healthcare,1-50,Product enquiry,12.96,1,0,synthetic_demo
L006458,2026-07-15,Technology,51-200,Bulk order,2.75,2,0,synthetic_demo
L003709,2026-07-15,Retail,51-200,Product enquiry,32.18,1,0,synthetic_demo
L002289,2026-07-15,Manufacturing,51-200,Price quote,6.97,2,0,synthetic_demo
L006675,2026-07-15,Technology,1001+,Bulk order,4.77,2,0,synthetic_demo
L010593,2026-07-15,Healthcare,1-50,Supplier request,6.92,1,0,synthetic_demo
L005225,2026-07-15,Retail,201-1000,Supplier request,3.0,3,0,synthetic_demo
L010110,2026-07-15,Retail,201-1000,Product enquiry,23.89,2,0,synthetic_demo
L001052,2026-07-15,Manufacturing,201-1000,Price quote,17.92,3,1,synthetic_demo
L009317,2026-07-15,Construction,51-200,Price quote,4.26,1,0,synthetic_demo
L009011,2026-07-15,Retail,51-200,Price quote,7.57,3,0,synthetic_demo
L000497,2026-07-16,Retail,51-200,Product enquiry,12.81,1,0,synthetic_demo
L000460,2026-07-16,Healthcare,1-50,Supplier request,6.73,5,0,synthetic_demo
L004647,2026-07-16,Construction,201-1000,Bulk order,12.43,1,1,synthetic_demo
L010322,2026-07-16,Healthcare,1-50,Price quote,7.83,1,1,synthetic_demo
L007357,2026-07-16,Technology,1-50,Supplier request,28.15,2,0,synthetic_demo
L004351,2026-07-16,Manufacturing,1-50,Bulk order,3.9,3,0,synthetic_demo
L005109,2026-07-16,Healthcare,51-200,Product enquiry,15.36,4,1,synthetic_demo
L009736,2026-07-16,Healthcare,51-200,Supplier request,17.65,1,0,synthetic_demo
L001505,2026-07-16,Technology,1-50,Bulk order,7.72,0,0,synthetic_demo
L001654,2026-07-16,Manufacturing,51-200,Product enquiry,11.81,1,0,synthetic_demo
L001710,2026-07-16,Retail,1-50,Price quote,15.83,2,1,synthetic_demo
L003226,2026-07-16,Technology,51-200,Product enquiry,11.42,2,0,synthetic_demo
L011439,2026-07-16,Technology,51-200,Price quote,4.57,4,0,synthetic_demo
L003382,2026-07-16,Construction,1-50,Price quote,5.37,0,0,synthetic_demo
L009391,2026-07-16,Healthcare,51-200,Bulk order,11.87,1,0,synthetic_demo
L002388,2026-07-16,Manufacturing,51-200,Price quote,19.72,6,0,synthetic_demo
L001156,2026-07-16,Manufacturing,201-1000,Product enquiry,9.69,2,0,synthetic_demo
L001131,2026-07-16,Construction,201-1000,Product enquiry,7.32,0,0,synthetic_demo
L010073,2026-07-16,Retail,201-1000,Bulk order,3.92,1,1,synthetic_demo
L010907,2026-07-16,Technology,51-200,Bulk order,35.27,1,0,synthetic_demo
L005820,2026-07-16,Retail,51-200,Price quote,1.88,0,1,synthetic_demo
L008366,2026-07-16,Construction,201-1000,Product enquiry,3.49,1,0,synthetic_demo
L011738,2026-07-17,Technology,51-200,Bulk order,11.78,2,0,synthetic_demo
L006114,2026-07-17,Construction,51-200,Supplier request,0.97,1,0,synthetic_demo
L000587,2026-07-17,Manufacturing,1-50,Product enquiry,8.37,1,0,synthetic_demo
L000504,2026-07-17,Healthcare,1001+,Price quote,16.84,3,1,synthetic_demo
L008552,2026-07-17,Healthcare,51-200,Product enquiry,7.81,6,1,synthetic_demo
L011716,2026-07-17,Construction,1-50,Product enquiry,23.43,0,0,synthetic_demo
L007739,2026-07-17,Manufacturing,51-200,Price quote,6.42,0,0,synthetic_demo
L002662,2026-07-17,Retail,51-200,Product enquiry,8.28,4,1,synthetic_demo
L007738,2026-07-17,Retail,1001+,Bulk order,11.14,0,0,synthetic_demo
L002621,2026-07-17,Construction,51-200,Bulk order,10.52,3,0,synthetic_demo
L008542,2026-07-17,Manufacturing,51-200,Product enquiry,10.76,3,0,synthetic_demo
L008369,2026-07-17,Retail,1001+,Price quote,13.62,1,0,synthetic_demo
L000487,2026-07-17,Retail,1-50,Price quote,37.1,4,0,synthetic_demo
L001571,2026-07-17,Retail,51-200,Price quote,9.68,1,0,synthetic_demo
L008843,2026-07-17,Manufacturing,1-50,Price quote,14.0,0,0,synthetic_demo
L001538,2026-07-17,Technology,1001+,Bulk order,12.49,4,1,synthetic_demo
L007221,2026-07-17,Manufacturing,1-50,Bulk order,25.38,1,1,synthetic_demo
L001397,2026-07-17,Healthcare,1-50,Bulk order,8.76,2,0,synthetic_demo
L001740,2026-07-17,Technology,201-1000,Product enquiry,12.89,1,0,synthetic_demo
L005772,2026-07-17,Construction,51-200,Product enquiry,4.57,3,0,synthetic_demo
L005794,2026-07-17,Manufacturing,1-50,Supplier request,8.19,4,0,synthetic_demo
L011231,2026-07-17,Manufacturing,1-50,Bulk order,6.41,6,1,synthetic_demo
L006820,2026-07-17,Construction,201-1000,Price quote,26.12,0,0,synthetic_demo
L007416,2026-07-17,Technology,201-1000,Product enquiry,6.16,3,0,synthetic_demo
L006667,2026-07-17,Technology,1-50,Product enquiry,15.52,2,0,synthetic_demo
L005084,2026-07-17,Manufacturing,1001+,Price quote,3.65,3,0,synthetic_demo
L001086,2026-07-17,Technology,201-1000,Price quote,5.62,1,1,synthetic_demo
L002033,2026-07-17,Retail,1-50,Supplier request,2.26,5,0,synthetic_demo
L010752,2026-07-17,Manufacturing,201-1000,Price quote,4.33,0,0,synthetic_demo
L000310,2026-07-17,Manufacturing,51-200,Supplier request,20.35,0,0,synthetic_demo
L000474,2026-07-17,Manufacturing,1-50,Supplier request,10.7,1,0,synthetic_demo
L006484,2026-07-17,Technology,201-1000,Supplier request,10.97,2,0,synthetic_demo
L002909,2026-07-17,Construction,51-200,Price quote,7.34,0,1,synthetic_demo
L005350,2026-07-17,Manufacturing,1-50,Product enquiry,1.89,6,1,synthetic_demo
L006513,2026-07-17,Manufacturing,1001+,Price quote,8.45,5,0,synthetic_demo
L009596,2026-07-17,Retail,51-200,Price quote,4.02,4,0,synthetic_demo
L003491,2026-07-17,Healthcare,201-1000,Price quote,11.56,2,0,synthetic_demo
L006538,2026-07-17,Healthcare,201-1000,Product enquiry,11.61,3,0,synthetic_demo
L003347,2026-07-17,Technology,51-200,Price quote,1.79,3,1,synthetic_demo
L005333,2026-07-17,Manufacturing,1-50,Bulk order,13.01,0,0,synthetic_demo
L011853,2026-07-18,Retail,51-200,Price quote,7.13,1,0,synthetic_demo
L010603,2026-07-18,Construction,51-200,Product enquiry,15.08,3,0,synthetic_demo
L003228,2026-07-18,Manufacturing,201-1000,Product enquiry,18.42,3,0,synthetic_demo
L000313,2026-07-18,Manufacturing,1-50,Bulk order,4.34,2,0,synthetic_demo
L004524,2026-07-18,Construction,1-50,Bulk order,9.47,1,0,synthetic_demo
L002792,2026-07-18,Manufacturing,201-1000,Price quote,3.11,2,0,synthetic_demo
L006047,2026-07-18,Retail,1-50,Product enquiry,6.78,1,0,synthetic_demo
L002767,2026-07-18,Retail,1-50,Supplier request,19.67,1,0,synthetic_demo
L000017,2026-07-18,Healthcare,1001+,Price quote,16.5,2,0,synthetic_demo
L002746,2026-07-18,Technology,201-1000,Product enquiry,2.79,3,1,synthetic_demo
L003089,2026-07-18,Healthcare,1-50,Product enquiry,4.86,2,0,synthetic_demo
L006412,2026-07-18,Technology,201-1000,Bulk order,6.8,3,1,synthetic_demo
L011745,2026-07-18,Retail,51-200,Product enquiry,9.31,1,0,synthetic_demo
L007053,2026-07-18,Retail,51-200,Price quote,10.18,1,0,synthetic_demo
L001646,2026-07-18,Retail,201-1000,Supplier request,4.24,1,0,synthetic_demo
L008920,2026-07-18,Technology,51-200,Supplier request,7.8,2,0,synthetic_demo
L001778,2026-07-18,Retail,201-1000,Product enquiry,25.33,1,0,synthetic_demo
L003704,2026-07-18,Technology,201-1000,Bulk order,3.04,1,0,synthetic_demo
L009639,2026-07-18,Healthcare,1001+,Product enquiry,3.29,3,0,synthetic_demo
L006639,2026-07-18,Technology,51-200,Product enquiry,1.34,2,0,synthetic_demo
L005276,2026-07-18,Technology,201-1000,Bulk order,4.42,3,1,synthetic_demo
L011086,2026-07-18,Construction,51-200,Price quote,18.06,1,0,synthetic_demo
L011075,2026-07-18,Construction,1-50,Supplier request,15.51,2,0,synthetic_demo
L002271,2026-07-18,Healthcare,1001+,Bulk order,20.87,5,1,synthetic_demo
L010168,2026-07-18,Technology,1001+,Product enquiry,24.85,1,0,synthetic_demo
L003590,2026-07-18,Retail,201-1000,Product enquiry,7.68,1,1,synthetic_demo
L000838,2026-07-18,Construction,1-50,Price quote,1.25,4,1,synthetic_demo
L010997,2026-07-18,Retail,1-50,Price quote,9.04,3,0,synthetic_demo
L006598,2026-07-18,Manufacturing,51-200,Product enquiry,14.69,0,0,synthetic_demo
L002496,2026-07-18,Healthcare,201-1000,Price quote,11.35,2,0,synthetic_demo
L010931,2026-07-18,Manufacturing,1-50,Bulk order,13.97,4,0,synthetic_demo
L002441,2026-07-18,Construction,1-50,Product enquiry,4.77,1,0,synthetic_demo
L000711,2026-07-18,Construction,201-1000,Price quote,6.81,1,0,synthetic_demo
L002479,2026-07-18,Retail,1-50,Price quote,22.42,2,0,synthetic_demo
L011325,2026-07-19,Manufacturing,51-200,Product enquiry,16.52,1,0,synthetic_demo
L003450,2026-07-19,Technology,1-50,Supplier request,8.63,2,1,synthetic_demo
L007964,2026-07-19,Technology,1001+,Supplier request,17.74,1,0,synthetic_demo
L009065,2026-07-19,Manufacturing,51-200,Price quote,2.06,1,0,synthetic_demo
L004430,2026-07-19,Manufacturing,1-50,Product enquiry,7.22,7,0,synthetic_demo
L008706,2026-07-19,Retail,201-1000,Supplier request,17.52,3,0,synthetic_demo
L000338,2026-07-19,Technology,51-200,Supplier request,7.43,3,0,synthetic_demo
L005280,2026-07-19,Technology,1-50,Bulk order,12.48,0,0,synthetic_demo
L003773,2026-07-19,Technology,201-1000,Product enquiry,9.89,2,0,synthetic_demo
L001865,2026-07-19,Healthcare,1-50,Bulk order,15.28,1,0,synthetic_demo
L009982,2026-07-19,Manufacturing,51-200,Bulk order,3.99,1,0,synthetic_demo
L008176,2026-07-19,Construction,1001+,Price quote,7.3,3,0,synthetic_demo
L003737,2026-07-19,Manufacturing,51-200,Supplier request,11.72,2,0,synthetic_demo
L001033,2026-07-19,Healthcare,1-50,Supplier request,6.69,1,0,synthetic_demo
L003006,2026-07-19,Technology,1-50,Product enquiry,16.02,1,0,synthetic_demo
L011162,2026-07-19,Technology,51-200,Price quote,20.88,1,0,synthetic_demo
L006638,2026-07-19,Technology,201-1000,Product enquiry,8.51,4,0,synthetic_demo
L011159,2026-07-19,Manufacturing,1-50,Supplier request,32.49,2,0,synthetic_demo
L005917,2026-07-19,Technology,51-200,Supplier request,20.03,0,0,synthetic_demo
L008363,2026-07-19,Retail,1001+,Supplier request,10.68,4,1,synthetic_demo
L006326,2026-07-19,Manufacturing,201-1000,Product enquiry,22.12,0,0,synthetic_demo
L007725,2026-07-19,Construction,1-50,Bulk order,17.12,2,0,synthetic_demo
L010217,2026-07-19,Technology,201-1000,Price quote,21.88,1,1,synthetic_demo
L002840,2026-07-19,Manufacturing,1-50,Bulk order,0.98,2,1,synthetic_demo
L003433,2026-07-19,Construction,1001+,Bulk order,9.69,4,1,synthetic_demo
L000779,2026-07-19,Technology,51-200,Supplier request,19.2,2,0,synthetic_demo
L004812,2026-07-19,Technology,1001+,Product enquiry,13.33,3,1,synthetic_demo
L001425,2026-07-19,Retail,51-200,Product enquiry,8.73,2,0,synthetic_demo
L004816,2026-07-19,Manufacturing,201-1000,Supplier request,17.88,3,0,synthetic_demo
L010673,2026-07-19,Retail,1-50,Bulk order,20.25,1,0,synthetic_demo
L000863,2026-07-19,Technology,1-50,Price quote,20.98,2,0,synthetic_demo
L004267,2026-07-19,Retail,201-1000,Product enquiry,3.55,1,0,synthetic_demo
L004833,2026-07-19,Technology,1-50,Product enquiry,6.33,2,0,synthetic_demo
L009107,2026-07-19,Manufacturing,1001+,Product enquiry,17.61,3,0,synthetic_demo
L003097,2026-07-19,Manufacturing,201-1000,Supplier request,3.04,6,1,synthetic_demo
L004973,2026-07-19,Retail,1001+,Supplier request,11.38,1,0,synthetic_demo
L011042,2026-07-19,Retail,51-200,Supplier request,17.75,2,0,synthetic_demo
L006528,2026-07-19,Manufacturing,1-50,Price quote,7.04,3,0,synthetic_demo
L011653,2026-07-19,Healthcare,201-1000,Bulk order,6.01,1,0,synthetic_demo
L001363,2026-07-19,Healthcare,51-200,Product enquiry,4.31,3,0,synthetic_demo
L008348,2026-07-20,Manufacturing,1001+,Supplier request,9.59,6,0,synthetic_demo
L010224,2026-07-20,Technology,1-50,Product enquiry,18.97,2,0,synthetic_demo
L006287,2026-07-20,Healthcare,51-200,Product enquiry,17.43,1,0,synthetic_demo
L007366,2026-07-20,Manufacturing,201-1000,Price quote,22.75,7,1,synthetic_demo
L007247,2026-07-20,Construction,1-50,Supplier request,41.32,1,0,synthetic_demo
L004521,2026-07-20,Manufacturing,201-1000,Price quote,12.09,0,0,synthetic_demo
L001225,2026-07-20,Manufacturing,51-200,Price quote,6.61,2,0,synthetic_demo
L005012,2026-07-20,Healthcare,1-50,Product enquiry,4.21,2,0,synthetic_demo
L006805,2026-07-20,Construction,51-200,Bulk order,8.14,2,0,synthetic_demo
L006899,2026-07-20,Healthcare,1001+,Price quote,5.72,3,1,synthetic_demo
L005782,2026-07-20,Construction,1001+,Bulk order,4.09,2,0,synthetic_demo
L008553,2026-07-20,Technology,51-200,Bulk order,2.43,5,0,synthetic_demo
L002117,2026-07-20,Manufacturing,201-1000,Price quote,1.85,2,1,synthetic_demo
L005993,2026-07-20,Construction,201-1000,Bulk order,24.21,2,1,synthetic_demo
L005475,2026-07-20,Technology,51-200,Bulk order,11.98,3,1,synthetic_demo
L005414,2026-07-20,Manufacturing,1-50,Product enquiry,7.99,5,0,synthetic_demo
L007612,2026-07-20,Technology,201-1000,Price quote,15.06,2,0,synthetic_demo
L002693,2026-07-20,Construction,201-1000,Supplier request,17.0,2,0,synthetic_demo
L007672,2026-07-20,Manufacturing,51-200,Bulk order,24.76,4,1,synthetic_demo
L007743,2026-07-20,Technology,1-50,Product enquiry,14.89,1,0,synthetic_demo
L010546,2026-07-20,Technology,201-1000,Price quote,8.81,3,0,synthetic_demo
L000867,2026-07-20,Construction,1-50,Bulk order,5.37,5,1,synthetic_demo
L003372,2026-07-20,Manufacturing,1-50,Product enquiry,5.33,5,0,synthetic_demo
L002081,2026-07-20,Retail,51-200,Product enquiry,9.09,4,1,synthetic_demo
L005946,2026-07-20,Manufacturing,201-1000,Price quote,13.29,3,1,synthetic_demo
L003386,2026-07-20,Technology,51-200,Product enquiry,6.5,1,0,synthetic_demo
L007558,2026-07-20,Retail,1001+,Bulk order,7.68,1,0,synthetic_demo
L000440,2026-07-20,Healthcare,51-200,Product enquiry,11.35,5,0,synthetic_demo
L007696,2026-07-20,Healthcare,1-50,Bulk order,11.8,1,1,synthetic_demo
L002740,2026-07-20,Healthcare,201-1000,Product enquiry,17.56,3,1,synthetic_demo
L006334,2026-07-20,Retail,1001+,Price quote,22.76,2,0,synthetic_demo
L007700,2026-07-20,Healthcare,201-1000,Product enquiry,14.02,4,0,synthetic_demo
L006003,2026-07-20,Healthcare,1001+,Price quote,14.2,2,0,synthetic_demo
L002660,2026-07-21,Manufacturing,1-50,Price quote,9.32,2,0,synthetic_demo
L000062,2026-07-21,Retail,201-1000,Price quote,5.7,3,0,synthetic_demo
L008249,2026-07-21,Retail,1-50,Price quote,1.84,3,0,synthetic_demo
L008462,2026-07-21,Technology,51-200,Price quote,7.39,0,0,synthetic_demo
L001682,2026-07-21,Technology,1-50,Product enquiry,0.72,1,0,synthetic_demo
L008871,2026-07-21,Healthcare,51-200,Supplier request,2.95,0,0,synthetic_demo
L002718,2026-07-21,Construction,201-1000,Product enquiry,6.72,3,0,synthetic_demo
L003107,2026-07-21,Retail,51-200,Supplier request,7.47,1,0,synthetic_demo
L011260,2026-07-21,Manufacturing,51-200,Product enquiry,7.92,2,0,synthetic_demo
L011246,2026-07-21,Retail,1001+,Bulk order,26.79,4,1,synthetic_demo
L010798,2026-07-21,Retail,201-1000,Price quote,11.57,2,1,synthetic_demo
L011635,2026-07-21,Retail,1-50,Price quote,5.28,1,0,synthetic_demo
L001850,2026-07-21,Technology,1-50,Price quote,2.03,0,1,synthetic_demo
L003056,2026-07-21,Healthcare,201-1000,Product enquiry,3.46,2,0,synthetic_demo
L001870,2026-07-21,Technology,1001+,Supplier request,10.28,4,1,synthetic_demo
L009037,2026-07-21,Construction,51-200,Price quote,14.28,4,0,synthetic_demo
L001231,2026-07-21,Manufacturing,51-200,Price quote,29.39,2,0,synthetic_demo
L001901,2026-07-21,Healthcare,51-200,Supplier request,2.85,0,0,synthetic_demo
L006736,2026-07-21,Construction,1-50,Supplier request,13.91,1,0,synthetic_demo
L008396,2026-07-21,Healthcare,1001+,Supplier request,7.76,4,1,synthetic_demo
L001973,2026-07-21,Technology,1-50,Product enquiry,17.6,1,0,synthetic_demo
L008164,2026-07-21,Manufacturing,201-1000,Supplier request,26.66,3,0,synthetic_demo
L006040,2026-07-21,Retail,51-200,Price quote,6.22,3,0,synthetic_demo
L002044,2026-07-21,Construction,201-1000,Price quote,15.21,1,0,synthetic_demo
L008304,2026-07-21,Retail,1001+,Price quote,16.52,1,0,synthetic_demo
L004001,2026-07-21,Technology,201-1000,Supplier request,8.4,6,0,synthetic_demo
L004160,2026-07-21,Manufacturing,1001+,Product enquiry,2.24,2,1,synthetic_demo
L009640,2026-07-21,Retail,51-200,Product enquiry,12.52,0,0,synthetic_demo
L003314,2026-07-21,Healthcare,201-1000,Price quote,3.53,0,0,synthetic_demo
L004935,2026-07-21,Healthcare,51-200,Price quote,1.95,3,0,synthetic_demo
L003564,2026-07-21,Manufacturing,1001+,Supplier request,16.6,10,1,synthetic_demo
L009805,2026-07-21,Manufacturing,1-50,Product enquiry,11.87,1,0,synthetic_demo
L003520,2026-07-21,Technology,201-1000,Price quote,5.05,3,0,synthetic_demo
L000998,2026-07-22,Manufacturing,51-200,Supplier request,4.72,3,0,synthetic_demo
L004378,2026-07-22,Manufacturing,51-200,Product enquiry,2.57,2,0,synthetic_demo
L003731,2026-07-22,Construction,51-200,Price quote,18.6,2,0,synthetic_demo
L004497,2026-07-22,Retail,201-1000,Supplier request,3.09,1,0,synthetic_demo
L010581,2026-07-22,Technology,1-50,Product enquiry,3.04,3,0,synthetic_demo
L000239,2026-07-22,Manufacturing,1001+,Supplier request,6.49,2,0,synthetic_demo
L009506,2026-07-22,Healthcare,1-50,Bulk order,5.43,0,0,synthetic_demo
L006702,2026-07-22,Healthcare,201-1000,Supplier request,14.42,2,0,synthetic_demo
L010680,2026-07-22,Retail,201-1000,Supplier request,7.21,1,0,synthetic_demo
L007585,2026-07-22,Healthcare,1-50,Bulk order,17.13,2,0,synthetic_demo
L004013,2026-07-22,Construction,201-1000,Supplier request,7.79,0,0,synthetic_demo
L010350,2026-07-22,Technology,201-1000,Bulk order,18.79,0,0,synthetic_demo
L005032,2026-07-22,Construction,1-50,Bulk order,3.68,2,1,synthetic_demo
L008586,2026-07-22,Retail,1-50,Product enquiry,24.04,3,0,synthetic_demo
L010523,2026-07-22,Manufacturing,201-1000,Product enquiry,23.54,4,0,synthetic_demo
L000199,2026-07-22,Manufacturing,51-200,Product enquiry,13.24,1,0,synthetic_demo
L009701,2026-07-22,Manufacturing,1-50,Price quote,18.64,6,1,synthetic_demo
L000762,2026-07-22,Manufacturing,51-200,Price quote,10.73,5,1,synthetic_demo
L008867,2026-07-22,Manufacturing,1-50,Bulk order,3.02,4,1,synthetic_demo
L008556,2026-07-22,Manufacturing,201-1000,Price quote,9.5,1,0,synthetic_demo
L007680,2026-07-22,Construction,1-50,Bulk order,6.58,4,0,synthetic_demo
L003455,2026-07-22,Construction,1-50,Price quote,16.58,0,0,synthetic_demo
L004856,2026-07-22,Construction,51-200,Bulk order,14.76,1,0,synthetic_demo
L010732,2026-07-22,Manufacturing,201-1000,Bulk order,9.67,0,0,synthetic_demo
L010758,2026-07-22,Retail,1001+,Product enquiry,7.39,0,1,synthetic_demo
L010037,2026-07-22,Construction,51-200,Supplier request,8.47,2,0,synthetic_demo
L005081,2026-07-22,Manufacturing,201-1000,Supplier request,8.12,4,1,synthetic_demo
L007950,2026-07-22,Construction,1001+,Price quote,21.66,0,1,synthetic_demo
L011063,2026-07-22,Manufacturing,201-1000,Product enquiry,3.24,3,0,synthetic_demo
L011511,2026-07-22,Retail,1001+,Supplier request,9.88,2,1,synthetic_demo
L000027,2026-07-22,Retail,1001+,Bulk order,17.26,3,0,synthetic_demo
L006488,2026-07-22,Technology,1-50,Price quote,3.73,6,0,synthetic_demo
L006486,2026-07-22,Construction,51-200,Bulk order,2.86,0,0,synthetic_demo
L001114,2026-07-22,Construction,1-50,Supplier request,1.89,1,0,synthetic_demo
L003585,2026-07-22,Construction,201-1000,Price quote,2.28,3,0,synthetic_demo
L010436,2026-07-22,Construction,1-50,Bulk order,10.73,2,0,synthetic_demo
L004539,2026-07-22,Manufacturing,51-200,Bulk order,6.81,2,0,synthetic_demo
L010236,2026-07-22,Manufacturing,51-200,Bulk order,2.45,0,0,synthetic_demo
L009253,2026-07-22,Technology,201-1000,Product enquiry,9.19,2,0,synthetic_demo
L003591,2026-07-22,Technology,51-200,Price quote,32.76,1,0,synthetic_demo
L005030,2026-07-22,Manufacturing,201-1000,Bulk order,8.38,0,0,synthetic_demo
L009158,2026-07-22,Manufacturing,1001+,Bulk order,14.58,1,1,synthetic_demo
L005396,2026-07-22,Retail,1001+,Price quote,9.75,2,0,synthetic_demo
L007994,2026-07-22,Construction,1-50,Bulk order,13.38,3,0,synthetic_demo
L006123,2026-07-23,Technology,51-200,Price quote,10.25,2,0,synthetic_demo
L003492,2026-07-23,Manufacturing,1-50,Product enquiry,24.86,3,1,synthetic_demo
L003426,2026-07-23,Healthcare,51-200,Bulk order,5.64,1,0,synthetic_demo
L002976,2026-07-23,Technology,201-1000,Supplier request,8.55,4,0,synthetic_demo
L005220,2026-07-23,Manufacturing,51-200,Price quote,16.43,1,0,synthetic_demo
L010019,2026-07-23,Manufacturing,201-1000,Supplier request,28.41,4,0,synthetic_demo
L011895,2026-07-23,Manufacturing,51-200,Price quote,11.99,1,0,synthetic_demo
L002352,2026-07-23,Construction,201-1000,Bulk order,8.14,1,0,synthetic_demo
L003889,2026-07-23,Construction,1001+,Product enquiry,1.33,6,0,synthetic_demo
L001546,2026-07-23,Retail,201-1000,Supplier request,3.37,4,1,synthetic_demo
L006448,2026-07-23,Retail,1-50,Price quote,13.58,3,0,synthetic_demo
L005089,2026-07-23,Construction,51-200,Supplier request,7.99,1,0,synthetic_demo
L000843,2026-07-23,Healthcare,1001+,Bulk order,19.12,5,1,synthetic_demo
L009423,2026-07-23,Healthcare,1-50,Bulk order,5.87,3,0,synthetic_demo
L007603,2026-07-23,Healthcare,1001+,Price quote,10.62,1,1,synthetic_demo
L007455,2026-07-23,Construction,51-200,Supplier request,8.96,2,0,synthetic_demo
L001479,2026-07-23,Retail,201-1000,Product enquiry,21.89,2,0,synthetic_demo
L010245,2026-07-23,Retail,201-1000,Price quote,6.0,2,1,synthetic_demo
L009318,2026-07-23,Retail,51-200,Price quote,2.68,2,0,synthetic_demo
L008599,2026-07-23,Retail,201-1000,Product enquiry,11.73,2,1,synthetic_demo
L007834,2026-07-23,Technology,51-200,Supplier request,12.63,1,0,synthetic_demo
L000553,2026-07-23,Manufacturing,201-1000,Price quote,10.3,2,1,synthetic_demo
L005948,2026-07-23,Technology,51-200,Product enquiry,16.53,4,0,synthetic_demo
L010418,2026-07-23,Manufacturing,1-50,Product enquiry,4.56,1,0,synthetic_demo
L004350,2026-07-23,Technology,51-200,Bulk order,9.05,0,0,synthetic_demo
L001000,2026-07-23,Retail,51-200,Supplier request,6.38,0,0,synthetic_demo
L010925,2026-07-23,Retail,51-200,Supplier request,16.45,3,0,synthetic_demo
L006403,2026-07-23,Manufacturing,1-50,Bulk order,4.04,2,0,synthetic_demo
L001804,2026-07-23,Technology,51-200,Price quote,7.81,2,0,synthetic_demo
L009937,2026-07-23,Retail,1-50,Price quote,20.49,3,1,synthetic_demo
L010681,2026-07-23,Healthcare,201-1000,Product enquiry,4.57,1,0,synthetic_demo
L004927,2026-07-24,Manufacturing,1001+,Bulk order,5.38,2,1,synthetic_demo
L001069,2026-07-24,Manufacturing,1-50,Price quote,26.35,4,0,synthetic_demo
L007302,2026-07-24,Technology,1001+,Product enquiry,4.54,2,0,synthetic_demo
L000883,2026-07-24,Construction,51-200,Price quote,10.14,2,0,synthetic_demo
L009340,2026-07-24,Retail,1-50,Price quote,9.12,3,0,synthetic_demo
L011569,2026-07-24,Retail,1-50,Price quote,9.19,4,0,synthetic_demo
L008169,2026-07-24,Manufacturing,51-200,Supplier request,10.7,1,0,synthetic_demo
L009750,2026-07-24,Manufacturing,51-200,Price quote,3.43,2,0,synthetic_demo
L011360,2026-07-24,Manufacturing,51-200,Product enquiry,10.47,1,0,synthetic_demo
L000026,2026-07-24,Manufacturing,51-200,Bulk order,51.72,2,0,synthetic_demo
L010039,2026-07-24,Healthcare,51-200,Product enquiry,11.38,2,0,synthetic_demo
L002721,2026-07-24,Healthcare,1001+,Price quote,20.09,1,0,synthetic_demo
L011012,2026-07-24,Construction,1-50,Product enquiry,3.91,4,0,synthetic_demo
L001743,2026-07-24,Manufacturing,201-1000,Product enquiry,10.2,1,1,synthetic_demo
L011222,2026-07-24,Healthcare,1001+,Supplier request,25.68,3,1,synthetic_demo
L002528,2026-07-24,Construction,1001+,Supplier request,16.02,1,0,synthetic_demo
L006646,2026-07-24,Manufacturing,51-200,Price quote,8.48,0,0,synthetic_demo
L004573,2026-07-24,Manufacturing,201-1000,Bulk order,9.3,3,0,synthetic_demo
L008136,2026-07-24,Retail,1-50,Supplier request,6.91,2,0,synthetic_demo
L003223,2026-07-24,Technology,201-1000,Supplier request,14.74,4,1,synthetic_demo
L009038,2026-07-24,Healthcare,201-1000,Product enquiry,6.25,0,0,synthetic_demo
L001751,2026-07-24,Healthcare,201-1000,Product enquiry,2.56,2,0,synthetic_demo
L010517,2026-07-24,Manufacturing,201-1000,Price quote,14.65,2,0,synthetic_demo
L004797,2026-07-24,Manufacturing,51-200,Bulk order,5.38,3,0,synthetic_demo
L009651,2026-07-24,Technology,201-1000,Bulk order,7.58,4,0,synthetic_demo
L009578,2026-07-24,Technology,201-1000,Bulk order,16.85,2,0,synthetic_demo
L003203,2026-07-24,Construction,201-1000,Bulk order,8.39,9,1,synthetic_demo
L005501,2026-07-24,Manufacturing,51-200,Price quote,4.55,2,0,synthetic_demo
L005444,2026-07-24,Technology,201-1000,Product enquiry,13.76,2,0,synthetic_demo
L008564,2026-07-24,Manufacturing,1001+,Product enquiry,32.64,3,0,synthetic_demo
L005348,2026-07-24,Technology,51-200,Product enquiry,4.04,3,0,synthetic_demo
L002267,2026-07-24,Technology,201-1000,Price quote,17.54,1,0,synthetic_demo
L005274,2026-07-25,Construction,201-1000,Price quote,19.75,4,0,synthetic_demo
L009562,2026-07-25,Manufacturing,201-1000,Product enquiry,7.24,0,0,synthetic_demo
L004445,2026-07-25,Manufacturing,1-50,Product enquiry,4.15,2,0,synthetic_demo
L005354,2026-07-25,Technology,1-50,Price quote,17.75,2,0,synthetic_demo
L007297,2026-07-25,Technology,1-50,Product enquiry,3.79,4,0,synthetic_demo
L007898,2026-07-25,Manufacturing,51-200,Bulk order,8.6,2,0,synthetic_demo
L009458,2026-07-25,Manufacturing,1001+,Bulk order,10.6,3,0,synthetic_demo
L010075,2026-07-25,Manufacturing,201-1000,Price quote,1.96,1,0,synthetic_demo
L003915,2026-07-25,Retail,1001+,Bulk order,8.55,2,0,synthetic_demo
L004958,2026-07-25,Manufacturing,51-200,Bulk order,11.24,2,1,synthetic_demo
L004107,2026-07-25,Technology,1-50,Bulk order,4.72,4,0,synthetic_demo
L008259,2026-07-25,Technology,1-50,Supplier request,4.1,2,1,synthetic_demo
L008865,2026-07-25,Manufacturing,1-50,Supplier request,4.71,3,0,synthetic_demo
L008568,2026-07-25,Retail,51-200,Supplier request,5.05,2,0,synthetic_demo
L007091,2026-07-25,Retail,201-1000,Bulk order,15.62,4,0,synthetic_demo
L011910,2026-07-25,Healthcare,1001+,Supplier request,14.73,4,1,synthetic_demo
L002691,2026-07-25,Construction,1001+,Bulk order,6.08,3,1,synthetic_demo
L003323,2026-07-25,Technology,51-200,Price quote,12.22,3,1,synthetic_demo
L007649,2026-07-25,Retail,51-200,Supplier request,1.17,2,0,synthetic_demo
L010381,2026-07-25,Technology,51-200,Product enquiry,5.53,2,0,synthetic_demo
L011915,2026-07-25,Construction,1-50,Product enquiry,3.49,2,0,synthetic_demo
L000646,2026-07-25,Construction,1001+,Price quote,20.03,5,0,synthetic_demo
L006169,2026-07-25,Retail,201-1000,Supplier request,8.15,0,0,synthetic_demo
L005150,2026-07-25,Retail,1-50,Bulk order,5.53,2,1,synthetic_demo
L004198,2026-07-25,Construction,1-50,Price quote,14.27,4,1,synthetic_demo
L008361,2026-07-26,Manufacturing,1-50,Price quote,7.21,3,0,synthetic_demo
L001927,2026-07-26,Retail,51-200,Supplier request,5.67,1,0,synthetic_demo
L004940,2026-07-26,Manufacturing,1-50,Supplier request,20.02,4,0,synthetic_demo
L009197,2026-07-26,Healthcare,1-50,Bulk order,13.63,3,0,synthetic_demo
L010451,2026-07-26,Retail,1-50,Product enquiry,8.47,4,0,synthetic_demo
L004937,2026-07-26,Retail,201-1000,Product enquiry,12.32,3,0,synthetic_demo
L006213,2026-07-26,Retail,1-50,Supplier request,8.67,4,1,synthetic_demo
L011485,2026-07-26,Retail,51-200,Supplier request,20.81,3,0,synthetic_demo
L008207,2026-07-26,Retail,1001+,Product enquiry,10.07,1,0,synthetic_demo
L002564,2026-07-26,Healthcare,201-1000,Product enquiry,10.88,2,0,synthetic_demo
L001331,2026-07-26,Technology,1-50,Price quote,2.43,2,0,synthetic_demo
L009625,2026-07-26,Technology,1001+,Product enquiry,9.89,4,0,synthetic_demo
L002079,2026-07-26,Retail,51-200,Bulk order,6.71,3,1,synthetic_demo
L006866,2026-07-26,Retail,1-50,Product enquiry,10.08,1,0,synthetic_demo
L002724,2026-07-26,Retail,51-200,Product enquiry,4.53,2,0,synthetic_demo
L007208,2026-07-26,Manufacturing,201-1000,Product enquiry,7.33,1,0,synthetic_demo
L011144,2026-07-26,Manufacturing,51-200,Bulk order,4.82,1,0,synthetic_demo
L006671,2026-07-26,Retail,1001+,Price quote,8.34,4,0,synthetic_demo
L001414,2026-07-26,Construction,1-50,Price quote,19.68,0,0,synthetic_demo
L005206,2026-07-26,Manufacturing,201-1000,Product enquiry,20.94,1,1,synthetic_demo
L006744,2026-07-26,Manufacturing,1001+,Product enquiry,15.1,1,1,synthetic_demo
L010512,2026-07-26,Technology,1001+,Supplier request,10.28,8,1,synthetic_demo
L008798,2026-07-26,Healthcare,1-50,Bulk order,7.35,1,0,synthetic_demo
L004557,2026-07-26,Technology,1-50,Supplier request,6.55,4,0,synthetic_demo
L003911,2026-07-26,Healthcare,1001+,Bulk order,14.56,1,1,synthetic_demo
L001277,2026-07-26,Manufacturing,51-200,Price quote,35.94,0,0,synthetic_demo
L011990,2026-07-26,Technology,201-1000,Product enquiry,9.53,1,0,synthetic_demo
L003018,2026-07-26,Manufacturing,201-1000,Price quote,9.34,2,0,synthetic_demo
L008544,2026-07-26,Construction,201-1000,Supplier request,7.07,2,0,synthetic_demo
L000736,2026-07-26,Technology,1001+,Supplier request,12.71,1,0,synthetic_demo
L010127,2026-07-26,Manufacturing,1-50,Price quote,12.53,4,0,synthetic_demo
L005511,2026-07-26,Manufacturing,201-1000,Product enquiry,5.58,3,0,synthetic_demo
L007740,2026-07-26,Retail,1-50,Supplier request,15.36,3,0,synthetic_demo
L007836,2026-07-26,Retail,201-1000,Product enquiry,12.45,1,0,synthetic_demo
L004148,2026-07-26,Technology,1-50,Supplier request,5.21,2,0,synthetic_demo
L009917,2026-07-26,Healthcare,51-200,Bulk order,16.24,4,0,synthetic_demo
L010686,2026-07-26,Healthcare,1001+,Product enquiry,1.43,3,0,synthetic_demo
L007598,2026-07-26,Technology,1-50,Price quote,0.99,2,0,synthetic_demo
L007943,2026-07-26,Technology,1-50,Product enquiry,2.89,4,0,synthetic_demo
L000376,2026-07-26,Manufacturing,1-50,Product enquiry,16.71,1,0,synthetic_demo
L010057,2026-07-26,Manufacturing,1001+,Bulk order,17.35,3,0,synthetic_demo
L002837,2026-07-26,Healthcare,51-200,Bulk order,3.92,2,0,synthetic_demo
L004439,2026-07-26,Retail,51-200,Price quote,11.93,1,0,synthetic_demo
L005749,2026-07-27,Construction,51-200,Price quote,8.46,2,0,synthetic_demo
L008413,2026-07-27,Healthcare,51-200,Price quote,17.31,2,1,synthetic_demo
L001559,2026-07-27,Healthcare,201-1000,Product enquiry,26.11,0,0,synthetic_demo
L007083,2026-07-27,Technology,201-1000,Price quote,8.99,1,0,synthetic_demo
L005657,2026-07-27,Construction,51-200,Price quote,22.1,2,0,synthetic_demo
L011357,2026-07-27,Healthcare,201-1000,Product enquiry,11.21,0,0,synthetic_demo
L007094,2026-07-27,Technology,201-1000,Price quote,15.99,2,0,synthetic_demo
L005689,2026-07-27,Technology,201-1000,Supplier request,6.43,0,0,synthetic_demo
L007616,2026-07-27,Technology,1-50,Bulk order,10.34,2,0,synthetic_demo
L005069,2026-07-27,Retail,1-50,Price quote,4.46,0,0,synthetic_demo
L002702,2026-07-27,Healthcare,201-1000,Product enquiry,7.49,4,0,synthetic_demo
L003312,2026-07-27,Construction,201-1000,Product enquiry,8.06,1,0,synthetic_demo
L008875,2026-07-27,Manufacturing,51-200,Product enquiry,8.18,1,0,synthetic_demo
L004549,2026-07-27,Technology,1-50,Supplier request,5.04,1,0,synthetic_demo
L009480,2026-07-27,Technology,1-50,Price quote,4.13,2,0,synthetic_demo
L009406,2026-07-27,Healthcare,1-50,Supplier request,18.92,1,0,synthetic_demo
L010361,2026-07-27,Technology,51-200,Price quote,13.28,1,0,synthetic_demo
L000665,2026-07-27,Retail,1-50,Price quote,4.99,3,0,synthetic_demo
L006499,2026-07-27,Retail,1001+,Supplier request,10.18,2,0,synthetic_demo
L004741,2026-07-27,Manufacturing,201-1000,Supplier request,9.31,1,0,synthetic_demo
L011371,2026-07-27,Manufacturing,1-50,Product enquiry,4.79,0,0,synthetic_demo
L011062,2026-07-27,Healthcare,51-200,Bulk order,7.44,1,1,synthetic_demo
L006760,2026-07-27,Manufacturing,1-50,Price quote,17.54,2,0,synthetic_demo
L007854,2026-07-27,Retail,201-1000,Supplier request,13.21,5,1,synthetic_demo
L000476,2026-07-27,Retail,201-1000,Bulk order,12.91,5,0,synthetic_demo
L009695,2026-07-27,Healthcare,51-200,Product enquiry,12.5,1,0,synthetic_demo
L000596,2026-07-27,Retail,201-1000,Supplier request,6.45,0,0,synthetic_demo
L001185,2026-07-27,Manufacturing,51-200,Price quote,7.39,2,1,synthetic_demo
L004951,2026-07-27,Manufacturing,1001+,Supplier request,7.59,0,1,synthetic_demo
L001025,2026-07-27,Technology,1-50,Supplier request,12.76,2,0,synthetic_demo
L004145,2026-07-27,Retail,201-1000,Product enquiry,8.76,2,0,synthetic_demo
L008620,2026-07-27,Technology,51-200,Supplier request,9.7,1,0,synthetic_demo
L003999,2026-07-27,Retail,201-1000,Product enquiry,6.94,2,1,synthetic_demo
L008362,2026-07-27,Construction,51-200,Price quote,7.61,3,1,synthetic_demo
L005992,2026-07-28,Technology,1-50,Price quote,3.45,0,1,synthetic_demo
L005485,2026-07-28,Construction,1001+,Price quote,20.35,5,0,synthetic_demo
L000175,2026-07-28,Manufacturing,1001+,Product enquiry,3.31,3,0,synthetic_demo
L011324,2026-07-28,Construction,51-200,Bulk order,5.41,0,0,synthetic_demo
L007671,2026-07-28,Construction,1-50,Price quote,10.0,2,0,synthetic_demo
L000830,2026-07-28,Manufacturing,1-50,Price quote,12.38,5,1,synthetic_demo
L011955,2026-07-28,Technology,51-200,Bulk order,8.96,0,0,synthetic_demo
L004800,2026-07-28,Technology,51-200,Price quote,2.15,3,1,synthetic_demo
L000564,2026-07-28,Healthcare,1001+,Price quote,11.87,1,0,synthetic_demo
L001845,2026-07-28,Manufacturing,201-1000,Price quote,8.17,3,1,synthetic_demo
L000361,2026-07-28,Construction,1-50,Supplier request,13.25,2,1,synthetic_demo
L007707,2026-07-28,Manufacturing,201-1000,Bulk order,3.51,2,1,synthetic_demo
L006846,2026-07-28,Manufacturing,51-200,Product enquiry,26.57,2,0,synthetic_demo
L005812,2026-07-28,Manufacturing,1001+,Product enquiry,16.79,2,1,synthetic_demo
L005708,2026-07-28,Technology,1-50,Bulk order,12.78,3,0,synthetic_demo
L001765,2026-07-28,Manufacturing,201-1000,Price quote,10.12,1,0,synthetic_demo
L003888,2026-07-28,Technology,1-50,Product enquiry,7.67,2,0,synthetic_demo
L010506,2026-07-28,Technology,201-1000,Bulk order,3.17,0,0,synthetic_demo
L002680,2026-07-28,Retail,201-1000,Price quote,3.28,0,0,synthetic_demo
L003283,2026-07-28,Retail,1001+,Bulk order,20.33,1,1,synthetic_demo
L011126,2026-07-28,Retail,1-50,Supplier request,6.11,0,0,synthetic_demo
L002283,2026-07-28,Retail,201-1000,Price quote,19.7,2,1,synthetic_demo
L010239,2026-07-28,Retail,51-200,Supplier request,11.19,3,0,synthetic_demo
L007206,2026-07-28,Retail,201-1000,Product enquiry,25.11,2,0,synthetic_demo
L003553,2026-07-28,Retail,51-200,Bulk order,21.22,2,0,synthetic_demo
L009589,2026-07-28,Technology,201-1000,Price quote,5.07,1,0,synthetic_demo
L009748,2026-07-28,Construction,201-1000,Bulk order,17.41,2,0,synthetic_demo
L009009,2026-07-28,Technology,51-200,Product enquiry,5.37,4,1,synthetic_demo
L004443,2026-07-28,Construction,1-50,Price quote,3.41,2,0,synthetic_demo
L002987,2026-07-28,Manufacturing,201-1000,Product enquiry,9.17,3,1,synthetic_demo
L010059,2026-07-28,Technology,201-1000,Supplier request,6.64,1,0,synthetic_demo
L007513,2026-07-28,Manufacturing,51-200,Supplier request,20.14,3,0,synthetic_demo
L002969,2026-07-28,Healthcare,201-1000,Product enquiry,19.71,1,0,synthetic_demo
L009053,2026-07-28,Construction,201-1000,Product enquiry,21.15,3,1,synthetic_demo
L000434,2026-07-29,Technology,1001+,Product enquiry,6.29,3,0,synthetic_demo
L007936,2026-07-29,Retail,1001+,Supplier request,17.54,4,1,synthetic_demo
L011101,2026-07-29,Construction,1-50,Price quote,5.63,4,0,synthetic_demo
L002535,2026-07-29,Construction,1001+,Price quote,24.63,3,0,synthetic_demo
L004346,2026-07-29,Construction,1-50,Product enquiry,0.41,0,0,synthetic_demo
L004688,2026-07-29,Retail,1-50,Price quote,11.03,2,0,synthetic_demo
L003234,2026-07-29,Manufacturing,51-200,Bulk order,9.39,2,0,synthetic_demo
L006529,2026-07-29,Healthcare,201-1000,Price quote,3.87,2,0,synthetic_demo
L007835,2026-07-29,Healthcare,201-1000,Bulk order,3.19,1,0,synthetic_demo
L009010,2026-07-29,Manufacturing,201-1000,Bulk order,12.02,4,0,synthetic_demo
L001964,2026-07-29,Manufacturing,51-200,Product enquiry,7.84,3,0,synthetic_demo
L011087,2026-07-29,Technology,1001+,Supplier request,12.86,3,0,synthetic_demo
L007857,2026-07-29,Manufacturing,201-1000,Product enquiry,33.8,1,0,synthetic_demo
L003756,2026-07-29,Retail,1-50,Product enquiry,7.49,1,0,synthetic_demo
L005629,2026-07-29,Manufacturing,1001+,Bulk order,5.97,3,1,synthetic_demo
L007673,2026-07-29,Construction,1001+,Product enquiry,9.8,1,0,synthetic_demo
L004837,2026-07-29,Manufacturing,51-200,Supplier request,12.43,1,0,synthetic_demo
L000150,2026-07-29,Manufacturing,51-200,Supplier request,18.34,7,0,synthetic_demo
L007081,2026-07-29,Technology,51-200,Price quote,5.1,1,0,synthetic_demo
L009299,2026-07-29,Technology,201-1000,Supplier request,5.49,1,0,synthetic_demo
L000332,2026-07-29,Manufacturing,201-1000,Price quote,8.78,2,0,synthetic_demo
L010304,2026-07-29,Healthcare,51-200,Bulk order,12.44,3,0,synthetic_demo
L001670,2026-07-29,Construction,201-1000,Bulk order,15.8,1,0,synthetic_demo
L008633,2026-07-29,Manufacturing,51-200,Product enquiry,8.12,3,0,synthetic_demo
L005385,2026-07-29,Manufacturing,1-50,Bulk order,13.35,1,0,synthetic_demo
L006089,2026-07-29,Retail,51-200,Product enquiry,10.05,4,1,synthetic_demo
L004212,2026-07-29,Retail,51-200,Product enquiry,15.89,1,0,synthetic_demo
L001209,2026-07-29,Manufacturing,51-200,Price quote,12.97,4,0,synthetic_demo
L001138,2026-07-29,Retail,1-50,Price quote,13.81,2,0,synthetic_demo
L001148,2026-07-30,Technology,1-50,Bulk order,1.73,3,1,synthetic_demo
L010823,2026-07-30,Manufacturing,51-200,Supplier request,8.62,2,0,synthetic_demo
L008666,2026-07-30,Technology,201-1000,Price quote,11.22,3,0,synthetic_demo
L001460,2026-07-30,Retail,51-200,Price quote,5.98,4,1,synthetic_demo
L008279,2026-07-30,Construction,1-50,Price quote,7.28,0,0,synthetic_demo
L009732,2026-07-30,Retail,201-1000,Price quote,10.53,0,0,synthetic_demo
L000939,2026-07-30,Construction,201-1000,Price quote,1.18,1,0,synthetic_demo
L009328,2026-07-30,Manufacturing,201-1000,Price quote,16.28,0,0,synthetic_demo
L010406,2026-07-30,Manufacturing,201-1000,Supplier request,10.81,2,1,synthetic_demo
L011411,2026-07-30,Manufacturing,201-1000,Supplier request,3.58,5,1,synthetic_demo
L005271,2026-07-30,Construction,1-50,Price quote,1.1,1,0,synthetic_demo
L006464,2026-07-30,Manufacturing,51-200,Bulk order,9.31,2,1,synthetic_demo
L001128,2026-07-30,Technology,201-1000,Bulk order,2.58,2,0,synthetic_demo
L002024,2026-07-30,Manufacturing,51-200,Bulk order,5.76,2,0,synthetic_demo
L002343,2026-07-30,Technology,51-200,Bulk order,8.8,4,0,synthetic_demo
L004200,2026-07-30,Manufacturing,1-50,Bulk order,11.8,3,1,synthetic_demo
L005624,2026-07-30,Healthcare,201-1000,Price quote,17.5,2,0,synthetic_demo
L008002,2026-07-30,Construction,1001+,Bulk order,5.99,0,1,synthetic_demo
L002622,2026-07-30,Construction,51-200,Price quote,6.61,3,0,synthetic_demo
L006879,2026-07-30,Technology,51-200,Bulk order,14.69,1,0,synthetic_demo
L011932,2026-07-30,Healthcare,51-200,Supplier request,15.76,4,0,synthetic_demo
L009255,2026-07-30,Technology,51-200,Bulk order,0.81,6,1,synthetic_demo
L003856,2026-07-30,Manufacturing,1001+,Bulk order,19.36,3,1,synthetic_demo
L009903,2026-07-30,Technology,201-1000,Supplier request,2.08,4,0,synthetic_demo
L004159,2026-07-30,Retail,1001+,Bulk order,15.81,5,1,synthetic_demo
L009185,2026-07-30,Technology,51-200,Bulk order,20.99,3,0,synthetic_demo
L004976,2026-07-30,Retail,1-50,Supplier request,12.29,0,0,synthetic_demo
L001078,2026-07-30,Retail,201-1000,Product enquiry,8.95,1,0,synthetic_demo
L011269,2026-07-30,Manufacturing,51-200,Supplier request,9.04,4,0,synthetic_demo
L005003,2026-07-30,Technology,1-50,Bulk order,15.85,1,0,synthetic_demo
L009292,2026-07-30,Construction,51-200,Supplier request,32.06,3,0,synthetic_demo
L011109,2026-07-30,Retail,1-50,Price quote,6.84,2,0,synthetic_demo
L009653,2026-07-30,Manufacturing,1-50,Product enquiry,12.25,0,0,synthetic_demo
L005343,2026-07-30,Construction,1-50,Bulk order,12.51,1,0,synthetic_demo
L002378,2026-07-30,Healthcare,51-200,Supplier request,4.44,4,0,synthetic_demo
L001633,2026-07-30,Healthcare,1001+,Bulk order,5.31,1,0,synthetic_demo
L006489,2026-07-30,Manufacturing,51-200,Bulk order,5.36,2,0,synthetic_demo
L003413,2026-07-31,Healthcare,201-1000,Price quote,41.98,2,0,synthetic_demo
L009820,2026-07-31,Construction,1001+,Price quote,9.81,1,1,synthetic_demo
L007969,2026-07-31,Manufacturing,201-1000,Price quote,13.92,1,0,synthetic_demo
L009054,2026-07-31,Technology,51-200,Product enquiry,4.19,2,0,synthetic_demo
L003561,2026-07-31,Technology,1-50,Product enquiry,6.61,4,0,synthetic_demo
L006527,2026-07-31,Retail,1-50,Price quote,6.95,1,0,synthetic_demo
L009135,2026-07-31,Manufacturing,201-1000,Supplier request,1.0,2,1,synthetic_demo
L008684,2026-07-31,Construction,201-1000,Supplier request,10.86,3,0,synthetic_demo
L003611,2026-07-31,Technology,1-50,Bulk order,6.13,2,0,synthetic_demo
L005536,2026-07-31,Technology,201-1000,Product enquiry,2.89,1,0,synthetic_demo
L002076,2026-07-31,Healthcare,51-200,Bulk order,9.28,2,0,synthetic_demo
L001504,2026-07-31,Retail,1-50,Price quote,7.09,2,0,synthetic_demo
L001041,2026-07-31,Manufacturing,1001+,Product enquiry,1.89,1,0,synthetic_demo
L010013,2026-07-31,Manufacturing,201-1000,Supplier request,4.38,0,0,synthetic_demo
L003020,2026-07-31,Manufacturing,51-200,Supplier request,17.08,0,0,synthetic_demo
L010836,2026-07-31,Manufacturing,1-50,Supplier request,8.86,2,0,synthetic_demo
L005825,2026-07-31,Retail,51-200,Supplier request,15.31,1,0,synthetic_demo
L004632,2026-07-31,Retail,1-50,Supplier request,19.51,1,0,synthetic_demo
L010228,2026-07-31,Manufacturing,201-1000,Product enquiry,5.14,1,0,synthetic_demo
L004908,2026-07-31,Manufacturing,1001+,Supplier request,2.75,3,0,synthetic_demo
L008244,2026-07-31,Retail,201-1000,Product enquiry,14.08,1,0,synthetic_demo
L011954,2026-07-31,Construction,1001+,Price quote,4.4,3,0,synthetic_demo
L003277,2026-07-31,Retail,1-50,Product enquiry,24.73,2,0,synthetic_demo
L008722,2026-07-31,Healthcare,51-200,Product enquiry,26.12,1,0,synthetic_demo
L009535,2026-07-31,Construction,51-200,Bulk order,14.8,1,0,synthetic_demo
L006298,2026-07-31,Healthcare,51-200,Product enquiry,15.69,5,0,synthetic_demo
L008373,2026-07-31,Manufacturing,1-50,Bulk order,14.83,1,0,synthetic_demo
L003091,2026-07-31,Construction,51-200,Supplier request,13.72,2,0,synthetic_demo
L005419,2026-07-31,Manufacturing,1-50,Product enquiry,6.0,0,0,synthetic_demo
L009167,2026-07-31,Healthcare,1-50,Product enquiry,6.8,5,0,synthetic_demo
L009514,2026-07-31,Technology,1-50,Product enquiry,13.89,2,0,synthetic_demo
L000554,2026-07-31,Construction,51-200,Product enquiry,9.41,1,1,synthetic_demo
L007386,2026-07-31,Technology,1001+,Supplier request,25.09,3,0,synthetic_demo
L011208,2026-07-31,Healthcare,201-1000,Product enquiry,6.89,2,0,synthetic_demo
L010610,2026-07-31,Technology,1-50,Product enquiry,14.49,4,0,synthetic_demo
L000745,2026-08-01,Healthcare,201-1000,Product enquiry,3.21,2,0,synthetic_demo
L000295,2026-08-01,Technology,201-1000,Supplier request,11.9,3,0,synthetic_demo
L008791,2026-08-01,Construction,201-1000,Product enquiry,24.0,3,0,synthetic_demo
L004865,2026-08-01,Technology,1001+,Price quote,19.67,0,0,synthetic_demo
L009747,2026-08-01,Technology,51-200,Price quote,34.7,1,0,synthetic_demo
L002103,2026-08-01,Technology,1001+,Product enquiry,8.58,4,1,synthetic_demo
L008799,2026-08-01,Manufacturing,51-200,Supplier request,2.11,1,0,synthetic_demo
L011034,2026-08-01,Healthcare,1-50,Price quote,2.77,6,1,synthetic_demo
L000481,2026-08-01,Retail,201-1000,Price quote,5.71,1,0,synthetic_demo
L004895,2026-08-01,Technology,1-50,Supplier request,29.36,4,0,synthetic_demo
L004620,2026-08-01,Healthcare,201-1000,Product enquiry,14.08,1,0,synthetic_demo
L004846,2026-08-01,Retail,1-50,Price quote,4.79,2,1,synthetic_demo
L000189,2026-08-01,Technology,1-50,Price quote,10.71,3,0,synthetic_demo
L010344,2026-08-01,Construction,201-1000,Supplier request,4.86,1,0,synthetic_demo
L010146,2026-08-01,Construction,1-50,Bulk order,12.07,4,0,synthetic_demo
L011050,2026-08-01,Manufacturing,51-200,Product enquiry,10.59,2,0,synthetic_demo
L002027,2026-08-01,Technology,51-200,Bulk order,4.97,5,1,synthetic_demo
L008053,2026-08-01,Construction,201-1000,Bulk order,17.71,2,0,synthetic_demo
L010419,2026-08-01,Manufacturing,1-50,Bulk order,10.95,0,0,synthetic_demo
L008102,2026-08-01,Manufacturing,1001+,Product enquiry,2.93,3,1,synthetic_demo
L006077,2026-08-01,Healthcare,51-200,Product enquiry,6.77,1,0,synthetic_demo
L009259,2026-08-01,Retail,1-50,Bulk order,26.13,2,0,synthetic_demo
L006021,2026-08-01,Construction,1001+,Supplier request,19.06,1,0,synthetic_demo
L002334,2026-08-01,Manufacturing,1-50,Price quote,13.34,4,0,synthetic_demo
L000050,2026-08-01,Manufacturing,201-1000,Product enquiry,10.65,3,1,synthetic_demo
L010475,2026-08-01,Retail,201-1000,Product enquiry,7.13,3,1,synthetic_demo
L003539,2026-08-01,Manufacturing,51-200,Bulk order,11.5,1,0,synthetic_demo
L003112,2026-08-01,Manufacturing,51-200,Price quote,9.35,2,0,synthetic_demo
L009444,2026-08-01,Retail,201-1000,Supplier request,0.4,4,1,synthetic_demo
L010489,2026-08-01,Construction,201-1000,Bulk order,17.75,6,1,synthetic_demo
L010837,2026-08-01,Retail,1001+,Supplier request,7.72,4,0,synthetic_demo
L001013,2026-08-02,Retail,1001+,Price quote,2.4,2,0,synthetic_demo
L010542,2026-08-02,Retail,201-1000,Bulk order,8.83,0,0,synthetic_demo
L009497,2026-08-02,Manufacturing,51-200,Product enquiry,0.99,1,0,synthetic_demo
L007578,2026-08-02,Manufacturing,201-1000,Product enquiry,27.14,2,0,synthetic_demo
L004893,2026-08-02,Retail,51-200,Product enquiry,0.27,2,0,synthetic_demo
L002722,2026-08-02,Technology,1-50,Product enquiry,9.37,2,0,synthetic_demo
L007311,2026-08-02,Retail,1-50,Supplier request,4.64,1,0,synthetic_demo
L008631,2026-08-02,Healthcare,51-200,Price quote,16.35,4,0,synthetic_demo
L009294,2026-08-02,Manufacturing,1-50,Bulk order,10.69,1,1,synthetic_demo
L010307,2026-08-02,Healthcare,1-50,Product enquiry,27.59,1,0,synthetic_demo
L006053,2026-08-02,Technology,1001+,Supplier request,3.2,2,0,synthetic_demo
L007501,2026-08-02,Healthcare,1001+,Bulk order,15.82,2,0,synthetic_demo
L002830,2026-08-02,Technology,1001+,Supplier request,8.89,3,1,synthetic_demo
L003390,2026-08-02,Manufacturing,1-50,Product enquiry,16.08,0,0,synthetic_demo
L000144,2026-08-02,Healthcare,1-50,Product enquiry,4.43,0,0,synthetic_demo
L001371,2026-08-02,Manufacturing,1-50,Price quote,5.44,3,0,synthetic_demo
L002994,2026-08-02,Healthcare,51-200,Price quote,2.4,1,0,synthetic_demo
L004819,2026-08-02,Healthcare,1001+,Price quote,3.86,4,1,synthetic_demo
L002825,2026-08-02,Construction,51-200,Supplier request,16.09,2,0,synthetic_demo
L007463,2026-08-02,Manufacturing,51-200,Supplier request,13.71,2,1,synthetic_demo
L003584,2026-08-02,Technology,1-50,Product enquiry,4.21,1,0,synthetic_demo
L000086,2026-08-02,Manufacturing,201-1000,Supplier request,7.5,2,0,synthetic_demo
L004305,2026-08-02,Manufacturing,1001+,Supplier request,4.63,2,0,synthetic_demo
L003264,2026-08-02,Retail,1-50,Product enquiry,3.7,2,0,synthetic_demo
L010142,2026-08-02,Technology,1001+,Product enquiry,11.1,1,0,synthetic_demo
L011214,2026-08-02,Manufacturing,51-200,Product enquiry,7.8,7,0,synthetic_demo
L003601,2026-08-02,Retail,1-50,Product enquiry,7.46,1,0,synthetic_demo
L000449,2026-08-02,Manufacturing,201-1000,Price quote,1.26,1,0,synthetic_demo
L000443,2026-08-02,Technology,51-200,Product enquiry,5.18,2,0,synthetic_demo
L004287,2026-08-02,Construction,51-200,Supplier request,3.05,4,0,synthetic_demo
L002093,2026-08-02,Healthcare,1001+,Price quote,22.34,3,0,synthetic_demo
L004733,2026-08-02,Retail,201-1000,Product enquiry,6.81,2,1,synthetic_demo
L003690,2026-08-03,Retail,1001+,Bulk order,11.81,2,0,synthetic_demo
L000140,2026-08-03,Manufacturing,201-1000,Price quote,5.25,3,1,synthetic_demo
L006336,2026-08-03,Retail,51-200,Price quote,5.93,1,1,synthetic_demo
L011154,2026-08-03,Technology,1001+,Supplier request,12.06,2,0,synthetic_demo
L006235,2026-08-03,Retail,201-1000,Price quote,8.67,2,0,synthetic_demo
L001930,2026-08-03,Retail,51-200,Supplier request,7.44,2,0,synthetic_demo
L008962,2026-08-03,Retail,1-50,Product enquiry,5.34,4,0,synthetic_demo
L006296,2026-08-03,Technology,1001+,Product enquiry,4.82,1,0,synthetic_demo
L001385,2026-08-03,Construction,201-1000,Supplier request,10.32,2,1,synthetic_demo
L005170,2026-08-03,Retail,1-50,Price quote,0.3,2,0,synthetic_demo
L005450,2026-08-03,Retail,51-200,Price quote,17.62,1,0,synthetic_demo
L003908,2026-08-03,Construction,1-50,Bulk order,6.71,1,1,synthetic_demo
L002600,2026-08-03,Construction,201-1000,Price quote,9.95,2,0,synthetic_demo
L004990,2026-08-03,Manufacturing,201-1000,Price quote,15.76,4,0,synthetic_demo
L011190,2026-08-03,Retail,1001+,Bulk order,22.87,5,0,synthetic_demo
L009633,2026-08-03,Manufacturing,201-1000,Supplier request,7.41,2,0,synthetic_demo
L002832,2026-08-03,Retail,51-200,Supplier request,10.14,0,0,synthetic_demo
L010999,2026-08-03,Healthcare,51-200,Product enquiry,11.01,1,0,synthetic_demo
L004923,2026-08-03,Retail,201-1000,Bulk order,2.61,2,0,synthetic_demo
L002357,2026-08-03,Retail,1-50,Price quote,5.51,1,0,synthetic_demo
L011743,2026-08-03,Construction,51-200,Supplier request,13.79,5,0,synthetic_demo
L007669,2026-08-03,Healthcare,201-1000,Price quote,10.85,3,0,synthetic_demo
L004843,2026-08-03,Retail,1-50,Product enquiry,21.78,2,0,synthetic_demo
L004238,2026-08-03,Construction,51-200,Price quote,9.78,0,0,synthetic_demo
L011788,2026-08-03,Retail,1001+,Price quote,15.85,0,0,synthetic_demo
L007713,2026-08-03,Retail,51-200,Price quote,17.34,0,0,synthetic_demo
L010753,2026-08-03,Technology,51-200,Product enquiry,12.32,2,0,synthetic_demo
L008158,2026-08-03,Manufacturing,201-1000,Product enquiry,3.78,2,0,synthetic_demo
L004168,2026-08-03,Retail,201-1000,Bulk order,6.69,3,1,synthetic_demo
L001105,2026-08-03,Manufacturing,51-200,Bulk order,9.13,5,0,synthetic_demo
L003225,2026-08-03,Manufacturing,51-200,Product enquiry,14.25,0,0,synthetic_demo
L000441,2026-08-03,Construction,201-1000,Bulk order,1.14,2,0,synthetic_demo
L000384,2026-08-03,Retail,51-200,Bulk order,11.02,2,0,synthetic_demo
L002446,2026-08-03,Healthcare,51-200,Product enquiry,34.89,3,0,synthetic_demo
L003051,2026-08-03,Construction,201-1000,Supplier request,8.53,2,0,synthetic_demo
L005411,2026-08-04,Manufacturing,201-1000,Product enquiry,10.71,7,0,synthetic_demo
L011777,2026-08-04,Manufacturing,1-50,Price quote,5.0,1,0,synthetic_demo
L009014,2026-08-04,Retail,1-50,Bulk order,10.86,3,1,synthetic_demo
L004611,2026-08-04,Construction,51-200,Product enquiry,26.37,4,0,synthetic_demo
L003742,2026-08-04,Manufacturing,51-200,Bulk order,9.87,3,0,synthetic_demo
L008517,2026-08-04,Construction,1-50,Price quote,1.54,2,0,synthetic_demo
L004664,2026-08-04,Manufacturing,51-200,Product enquiry,23.16,6,0,synthetic_demo
L000019,2026-08-04,Technology,51-200,Product enquiry,13.85,0,0,synthetic_demo
L006817,2026-08-04,Healthcare,201-1000,Price quote,1.62,1,1,synthetic_demo
L010378,2026-08-04,Manufacturing,201-1000,Product enquiry,11.61,5,1,synthetic_demo
L006971,2026-08-04,Technology,51-200,Price quote,10.3,1,0,synthetic_demo
L004221,2026-08-04,Manufacturing,1-50,Supplier request,21.1,2,0,synthetic_demo
L005463,2026-08-04,Manufacturing,1001+,Price quote,7.33,0,0,synthetic_demo
L000949,2026-08-04,Construction,1-50,Price quote,16.45,2,0,synthetic_demo
L000153,2026-08-04,Manufacturing,201-1000,Price quote,1.44,4,1,synthetic_demo
L011446,2026-08-04,Manufacturing,51-200,Product enquiry,6.31,5,0,synthetic_demo
L011452,2026-08-04,Construction,1-50,Price quote,9.36,1,0,synthetic_demo
L005504,2026-08-04,Healthcare,51-200,Bulk order,5.06,2,0,synthetic_demo
L001117,2026-08-04,Manufacturing,51-200,Bulk order,10.71,1,0,synthetic_demo
L011930,2026-08-04,Technology,51-200,Price quote,6.63,2,0,synthetic_demo
L008522,2026-08-04,Retail,1-50,Price quote,19.97,0,0,synthetic_demo
L001130,2026-08-04,Construction,1-50,Price quote,8.44,3,0,synthetic_demo
L009680,2026-08-04,Retail,51-200,Supplier request,4.28,0,0,synthetic_demo
L010008,2026-08-05,Construction,1001+,Bulk order,5.26,1,1,synthetic_demo
L002213,2026-08-05,Construction,1-50,Price quote,36.52,3,0,synthetic_demo
L000420,2026-08-05,Construction,1-50,Price quote,16.98,3,0,synthetic_demo
L011448,2026-08-05,Manufacturing,51-200,Price quote,17.65,0,0,synthetic_demo
L003732,2026-08-05,Construction,51-200,Price quote,3.13,2,0,synthetic_demo
L005371,2026-08-05,Manufacturing,51-200,Supplier request,10.56,5,0,synthetic_demo
L003761,2026-08-05,Construction,1-50,Product enquiry,7.71,3,0,synthetic_demo
L011422,2026-08-05,Manufacturing,1-50,Bulk order,13.77,3,0,synthetic_demo
L003787,2026-08-05,Construction,1001+,Bulk order,23.01,1,1,synthetic_demo
L001775,2026-08-05,Healthcare,1001+,Supplier request,6.1,1,0,synthetic_demo
L005914,2026-08-05,Retail,1001+,Product enquiry,2.67,3,0,synthetic_demo
L010032,2026-08-05,Technology,51-200,Product enquiry,6.69,0,0,synthetic_demo
L009336,2026-08-05,Technology,1001+,Product enquiry,13.29,3,1,synthetic_demo
L009205,2026-08-05,Manufacturing,1001+,Product enquiry,21.9,3,1,synthetic_demo
L000663,2026-08-05,Manufacturing,51-200,Bulk order,3.36,3,1,synthetic_demo
L008853,2026-08-05,Manufacturing,201-1000,Supplier request,7.55,4,0,synthetic_demo
L005894,2026-08-05,Technology,1-50,Price quote,6.59,3,0,synthetic_demo
L000749,2026-08-05,Technology,51-200,Bulk order,2.12,0,0,synthetic_demo
L004295,2026-08-05,Technology,51-200,Bulk order,2.22,3,0,synthetic_demo
L003570,2026-08-05,Retail,1-50,Product enquiry,7.13,4,0,synthetic_demo
L006672,2026-08-05,Retail,201-1000,Product enquiry,20.43,4,0,synthetic_demo
L009792,2026-08-05,Manufacturing,51-200,Supplier request,18.01,2,0,synthetic_demo
L002685,2026-08-05,Retail,51-200,Product enquiry,29.58,1,0,synthetic_demo
L008124,2026-08-05,Manufacturing,201-1000,Price quote,10.06,2,0,synthetic_demo
L006637,2026-08-05,Manufacturing,201-1000,Bulk order,5.45,2,0,synthetic_demo
L010554,2026-08-05,Manufacturing,201-1000,Product enquiry,11.25,0,0,synthetic_demo
L005230,2026-08-05,Manufacturing,201-1000,Supplier request,6.72,0,0,synthetic_demo
L004502,2026-08-06,Retail,1-50,Price quote,4.07,2,0,synthetic_demo
L002810,2026-08-06,Manufacturing,1-50,Supplier request,13.84,2,0,synthetic_demo
L002956,2026-08-06,Retail,51-200,Supplier request,7.33,5,0,synthetic_demo
L006495,2026-08-06,Technology,51-200,Bulk order,22.86,3,1,synthetic_demo
L006138,2026-08-06,Manufacturing,1001+,Bulk order,9.01,1,0,synthetic_demo
L010716,2026-08-06,Retail,51-200,Bulk order,21.89,1,0,synthetic_demo
L000281,2026-08-06,Manufacturing,1-50,Product enquiry,14.65,3,1,synthetic_demo
L008513,2026-08-06,Healthcare,201-1000,Product enquiry,8.65,2,0,synthetic_demo
L011453,2026-08-06,Retail,1-50,Bulk order,8.93,1,0,synthetic_demo
L011105,2026-08-06,Construction,1-50,Product enquiry,14.44,1,0,synthetic_demo
L005931,2026-08-06,Construction,51-200,Supplier request,7.36,3,0,synthetic_demo
L005741,2026-08-06,Technology,1-50,Supplier request,18.83,4,0,synthetic_demo
L011560,2026-08-06,Healthcare,51-200,Price quote,9.99,5,1,synthetic_demo
L006457,2026-08-06,Retail,201-1000,Price quote,17.92,2,0,synthetic_demo
L008921,2026-08-06,Retail,51-200,Supplier request,5.42,3,0,synthetic_demo
L003096,2026-08-06,Manufacturing,1001+,Price quote,7.45,2,0,synthetic_demo
L008034,2026-08-06,Retail,1-50,Product enquiry,11.99,2,0,synthetic_demo
L006373,2026-08-06,Construction,1001+,Bulk order,10.08,2,0,synthetic_demo
L011314,2026-08-06,Manufacturing,51-200,Bulk order,6.37,5,0,synthetic_demo
L008368,2026-08-06,Technology,1-50,Product enquiry,13.1,1,0,synthetic_demo
L008640,2026-08-06,Manufacturing,51-200,Price quote,6.06,3,1,synthetic_demo
L004896,2026-08-06,Retail,201-1000,Bulk order,2.07,5,1,synthetic_demo
L006085,2026-08-06,Manufacturing,1001+,Bulk order,9.87,2,0,synthetic_demo
L004141,2026-08-06,Retail,51-200,Product enquiry,6.72,2,0,synthetic_demo
L008992,2026-08-06,Manufacturing,1001+,Product enquiry,4.48,3,0,synthetic_demo
L003972,2026-08-06,Manufacturing,201-1000,Supplier request,9.04,7,1,synthetic_demo
L007197,2026-08-06,Manufacturing,1-50,Supplier request,4.52,2,1,synthetic_demo
L003071,2026-08-06,Manufacturing,1-50,Bulk order,3.27,4,0,synthetic_demo
L008367,2026-08-06,Manufacturing,1-50,Price quote,2.63,4,0,synthetic_demo
L000517,2026-08-06,Retail,51-200,Price quote,11.4,3,0,synthetic_demo
L005055,2026-08-06,Technology,51-200,Price quote,4.61,2,0,synthetic_demo
L004438,2026-08-06,Manufacturing,1001+,Product enquiry,15.8,2,0,synthetic_demo
L000910,2026-08-06,Retail,1-50,Product enquiry,0.44,3,0,synthetic_demo
L006925,2026-08-06,Retail,1-50,Supplier request,16.37,3,1,synthetic_demo
L006482,2026-08-06,Retail,51-200,Product enquiry,11.44,4,0,synthetic_demo
L002585,2026-08-06,Manufacturing,201-1000,Product enquiry,2.2,0,0,synthetic_demo
L011870,2026-08-06,Manufacturing,51-200,Bulk order,17.68,3,0,synthetic_demo
L006809,2026-08-06,Retail,201-1000,Price quote,4.95,3,0,synthetic_demo
L007369,2026-08-06,Construction,1001+,Bulk order,18.2,2,0,synthetic_demo
L003515,2026-08-06,Construction,1-50,Bulk order,9.51,1,0,synthetic_demo
L009972,2026-08-06,Manufacturing,1-50,Bulk order,7.68,2,1,synthetic_demo
L005815,2026-08-06,Healthcare,201-1000,Product enquiry,4.34,2,0,synthetic_demo
L009397,2026-08-06,Healthcare,1-50,Price quote,2.62,2,0,synthetic_demo
L009696,2026-08-06,Retail,201-1000,Bulk order,13.28,2,0,synthetic_demo
L010306,2026-08-06,Healthcare,51-200,Price quote,5.94,3,1,synthetic_demo
L005516,2026-08-07,Construction,1-50,Price quote,14.18,2,0,synthetic_demo
L009507,2026-08-07,Healthcare,51-200,Supplier request,1.78,2,0,synthetic_demo
L009737,2026-08-07,Manufacturing,1-50,Bulk order,16.13,3,0,synthetic_demo
L007719,2026-08-07,Technology,1001+,Supplier request,7.86,3,0,synthetic_demo
L001380,2026-08-07,Retail,201-1000,Product enquiry,4.9,1,0,synthetic_demo
L000229,2026-08-07,Healthcare,1001+,Product enquiry,6.64,1,0,synthetic_demo
L008749,2026-08-07,Technology,201-1000,Price quote,11.5,2,0,synthetic_demo
L011517,2026-08-07,Construction,51-200,Product enquiry,8.35,2,0,synthetic_demo
L005771,2026-08-07,Technology,1001+,Price quote,5.97,1,0,synthetic_demo
L007778,2026-08-07,Construction,1-50,Supplier request,13.5,1,0,synthetic_demo
L006163,2026-08-07,Retail,1001+,Product enquiry,17.7,3,0,synthetic_demo
L003694,2026-08-07,Healthcare,201-1000,Price quote,5.82,1,1,synthetic_demo
L006669,2026-08-07,Manufacturing,51-200,Product enquiry,2.93,0,0,synthetic_demo
L007383,2026-08-07,Construction,51-200,Product enquiry,10.93,0,0,synthetic_demo
L009123,2026-08-07,Construction,51-200,Product enquiry,4.24,0,0,synthetic_demo
L007204,2026-08-07,Construction,201-1000,Price quote,30.86,2,0,synthetic_demo
L003707,2026-08-07,Retail,51-200,Supplier request,10.0,2,0,synthetic_demo
L001664,2026-08-07,Manufacturing,51-200,Price quote,9.43,2,0,synthetic_demo
L003842,2026-08-07,Healthcare,51-200,Price quote,19.4,3,0,synthetic_demo
L007870,2026-08-07,Technology,51-200,Supplier request,8.32,5,0,synthetic_demo
L004261,2026-08-07,Construction,1-50,Product enquiry,11.91,2,0,synthetic_demo
L007444,2026-08-07,Manufacturing,51-200,Product enquiry,1.96,2,0,synthetic_demo
L004354,2026-08-08,Manufacturing,1001+,Price quote,11.86,2,0,synthetic_demo
L001690,2026-08-08,Retail,51-200,Price quote,13.33,1,0,synthetic_demo
L010577,2026-08-08,Technology,51-200,Bulk order,18.29,1,0,synthetic_demo
L006224,2026-08-08,Manufacturing,1001+,Supplier request,8.67,4,0,synthetic_demo
L006930,2026-08-08,Construction,51-200,Price quote,4.68,0,0,synthetic_demo
L006110,2026-08-08,Healthcare,201-1000,Price quote,7.72,1,0,synthetic_demo
L001795,2026-08-08,Construction,1-50,Price quote,26.35,4,0,synthetic_demo
L003597,2026-08-08,Construction,1-50,Bulk order,10.89,3,0,synthetic_demo
L011600,2026-08-08,Manufacturing,51-200,Price quote,13.28,2,0,synthetic_demo
L008222,2026-08-08,Technology,201-1000,Price quote,9.21,4,1,synthetic_demo
L002550,2026-08-08,Retail,1-50,Price quote,5.66,2,0,synthetic_demo
L007169,2026-08-08,Healthcare,201-1000,Price quote,18.54,4,1,synthetic_demo
L003805,2026-08-08,Manufacturing,201-1000,Supplier request,25.15,3,0,synthetic_demo
L009342,2026-08-08,Manufacturing,1-50,Product enquiry,30.27,1,0,synthetic_demo
L005169,2026-08-08,Manufacturing,201-1000,Supplier request,13.26,1,0,synthetic_demo
L001511,2026-08-08,Manufacturing,51-200,Price quote,18.65,6,0,synthetic_demo
L000139,2026-08-08,Technology,201-1000,Product enquiry,9.06,2,0,synthetic_demo
L008418,2026-08-08,Construction,1001+,Price quote,8.16,3,0,synthetic_demo
L004919,2026-08-08,Construction,1-50,Price quote,7.33,4,1,synthetic_demo
L003419,2026-08-08,Manufacturing,51-200,Product enquiry,7.95,1,0,synthetic_demo
L002827,2026-08-08,Retail,201-1000,Price quote,9.4,0,0,synthetic_demo
L006764,2026-08-08,Technology,51-200,Product enquiry,5.36,4,0,synthetic_demo
L004050,2026-08-08,Technology,201-1000,Price quote,15.44,3,0,synthetic_demo
L010466,2026-08-08,Construction,201-1000,Product enquiry,8.59,3,1,synthetic_demo
L000264,2026-08-08,Manufacturing,1-50,Bulk order,18.59,1,0,synthetic_demo
L007960,2026-08-08,Construction,201-1000,Supplier request,9.51,3,0,synthetic_demo
L003368,2026-08-08,Healthcare,51-200,Price quote,29.81,3,1,synthetic_demo
L003514,2026-08-08,Construction,51-200,Supplier request,20.29,3,0,synthetic_demo
L001163,2026-08-08,Technology,201-1000,Price quote,9.36,3,1,synthetic_demo
L009735,2026-08-08,Manufacturing,201-1000,Product enquiry,10.59,2,0,synthetic_demo
L003677,2026-08-08,Retail,201-1000,Price quote,19.31,3,0,synthetic_demo
L004426,2026-08-08,Retail,1-50,Product enquiry,6.47,3,1,synthetic_demo
L008283,2026-08-08,Retail,201-1000,Bulk order,9.83,3,1,synthetic_demo
L005556,2026-08-08,Construction,1-50,Bulk order,17.81,3,1,synthetic_demo
L005263,2026-08-08,Manufacturing,1-50,Price quote,15.96,2,0,synthetic_demo
L003538,2026-08-08,Healthcare,1-50,Supplier request,19.19,0,0,synthetic_demo
L007826,2026-08-08,Manufacturing,51-200,Bulk order,9.79,1,0,synthetic_demo
L002014,2026-08-08,Retail,1001+,Price quote,5.66,0,0,synthetic_demo
L002998,2026-08-08,Manufacturing,1-50,Price quote,19.45,4,1,synthetic_demo
L009218,2026-08-09,Construction,201-1000,Supplier request,8.57,5,1,synthetic_demo
L000372,2026-08-09,Retail,1-50,Product enquiry,9.23,2,0,synthetic_demo
L011103,2026-08-09,Technology,201-1000,Supplier request,4.38,3,1,synthetic_demo
L002203,2026-08-09,Construction,1001+,Supplier request,2.21,0,0,synthetic_demo
L007606,2026-08-09,Construction,51-200,Supplier request,3.88,1,0,synthetic_demo
L004272,2026-08-09,Retail,1001+,Supplier request,6.89,1,0,synthetic_demo
L003729,2026-08-09,Technology,1001+,Price quote,20.21,4,0,synthetic_demo
L011076,2026-08-09,Retail,1001+,Supplier request,3.87,1,0,synthetic_demo
L001060,2026-08-09,Technology,51-200,Product enquiry,3.11,2,1,synthetic_demo
L002282,2026-08-09,Manufacturing,1-50,Product enquiry,32.93,1,1,synthetic_demo
L010137,2026-08-09,Technology,1001+,Supplier request,9.03,2,0,synthetic_demo
L008862,2026-08-09,Retail,201-1000,Bulk order,3.92,2,0,synthetic_demo
L002221,2026-08-09,Retail,51-200,Supplier request,4.93,1,0,synthetic_demo
L005023,2026-08-09,Construction,1-50,Supplier request,17.76,2,0,synthetic_demo
L001808,2026-08-09,Retail,51-200,Bulk order,15.31,1,0,synthetic_demo
L011286,2026-08-09,Retail,1-50,Product enquiry,8.14,1,0,synthetic_demo
L003363,2026-08-09,Healthcare,201-1000,Price quote,4.65,3,0,synthetic_demo
L006777,2026-08-09,Retail,1-50,Product enquiry,22.82,2,0,synthetic_demo
L008639,2026-08-09,Healthcare,1-50,Product enquiry,10.43,0,0,synthetic_demo
L009247,2026-08-09,Retail,1001+,Supplier request,9.2,2,0,synthetic_demo
L009849,2026-08-09,Retail,1-50,Product enquiry,10.45,0,0,synthetic_demo
L010524,2026-08-09,Retail,1-50,Price quote,4.56,2,0,synthetic_demo
L006302,2026-08-09,Healthcare,1-50,Supplier request,23.38,1,0,synthetic_demo
L010267,2026-08-09,Retail,201-1000,Supplier request,21.33,4,0,synthetic_demo
L009209,2026-08-09,Manufacturing,201-1000,Price quote,27.46,3,0,synthetic_demo
L010441,2026-08-09,Retail,1-50,Supplier request,8.52,2,0,synthetic_demo
L007731,2026-08-09,Technology,51-200,Supplier request,6.4,6,1,synthetic_demo
L005628,2026-08-09,Technology,1001+,Product enquiry,5.21,2,0,synthetic_demo
L003991,2026-08-09,Construction,1-50,Bulk order,6.33,1,0,synthetic_demo
L003353,2026-08-09,Manufacturing,1001+,Product enquiry,13.53,3,0,synthetic_demo
L011341,2026-08-10,Healthcare,201-1000,Price quote,2.92,3,0,synthetic_demo
L001608,2026-08-10,Manufacturing,1001+,Price quote,9.38,3,0,synthetic_demo
L003875,2026-08-10,Construction,1001+,Bulk order,2.87,2,0,synthetic_demo
L011726,2026-08-10,Manufacturing,1-50,Bulk order,26.27,3,0,synthetic_demo
L002823,2026-08-10,Manufacturing,51-200,Bulk order,4.63,1,0,synthetic_demo
L000861,2026-08-10,Technology,51-200,Supplier request,18.22,1,0,synthetic_demo
L000124,2026-08-10,Retail,1001+,Price quote,9.5,2,0,synthetic_demo
L010144,2026-08-10,Manufacturing,1-50,Supplier request,12.88,2,0,synthetic_demo
L007760,2026-08-10,Healthcare,51-200,Price quote,0.94,2,1,synthetic_demo
L010975,2026-08-10,Healthcare,1001+,Supplier request,6.19,3,0,synthetic_demo
L000255,2026-08-10,Manufacturing,1-50,Bulk order,4.01,4,0,synthetic_demo
L001295,2026-08-10,Retail,1-50,Price quote,6.28,2,0,synthetic_demo
L002395,2026-08-10,Healthcare,201-1000,Price quote,14.3,0,0,synthetic_demo
L010394,2026-08-10,Healthcare,1-50,Supplier request,17.99,2,0,synthetic_demo
L002096,2026-08-10,Retail,51-200,Supplier request,22.29,2,0,synthetic_demo
L001881,2026-08-10,Healthcare,201-1000,Price quote,12.13,2,0,synthetic_demo
L007266,2026-08-10,Manufacturing,1001+,Price quote,6.79,3,1,synthetic_demo
L011764,2026-08-10,Manufacturing,1-50,Product enquiry,16.25,0,0,synthetic_demo
L005858,2026-08-10,Healthcare,201-1000,Bulk order,4.53,1,0,synthetic_demo
L009280,2026-08-10,Construction,201-1000,Bulk order,0.92,3,0,synthetic_demo
L003550,2026-08-10,Construction,201-1000,Supplier request,9.75,3,0,synthetic_demo
L008941,2026-08-10,Manufacturing,201-1000,Price quote,5.13,2,0,synthetic_demo
L002727,2026-08-10,Technology,51-200,Supplier request,5.15,3,0,synthetic_demo
L001720,2026-08-10,Technology,1-50,Price quote,24.01,3,0,synthetic_demo
L005159,2026-08-10,Retail,1001+,Price quote,5.42,2,1,synthetic_demo
L005805,2026-08-10,Healthcare,1-50,Bulk order,8.84,4,0,synthetic_demo
L001450,2026-08-10,Manufacturing,1-50,Bulk order,13.5,4,1,synthetic_demo
L011009,2026-08-11,Retail,201-1000,Supplier request,4.0,3,0,synthetic_demo
L004975,2026-08-11,Healthcare,1001+,Product enquiry,12.38,1,0,synthetic_demo
L003380,2026-08-11,Construction,201-1000,Supplier request,2.72,3,1,synthetic_demo
L001319,2026-08-11,Technology,201-1000,Price quote,7.16,4,0,synthetic_demo
L007442,2026-08-11,Technology,1-50,Price quote,12.12,2,0,synthetic_demo
L004580,2026-08-11,Manufacturing,1-50,Bulk order,14.02,0,0,synthetic_demo
L011469,2026-08-11,Technology,201-1000,Product enquiry,7.11,3,0,synthetic_demo
L009956,2026-08-11,Retail,51-200,Price quote,9.99,1,0,synthetic_demo
L004546,2026-08-11,Retail,51-200,Supplier request,34.65,3,0,synthetic_demo
L004462,2026-08-11,Retail,1001+,Product enquiry,6.21,2,0,synthetic_demo
L008140,2026-08-11,Retail,51-200,Bulk order,26.34,3,0,synthetic_demo
L007728,2026-08-11,Manufacturing,51-200,Price quote,5.34,1,0,synthetic_demo
L003231,2026-08-11,Retail,201-1000,Product enquiry,18.61,3,0,synthetic_demo
L003171,2026-08-11,Construction,51-200,Price quote,14.19,5,0,synthetic_demo
L004459,2026-08-11,Manufacturing,1001+,Price quote,16.97,1,0,synthetic_demo
L001285,2026-08-11,Construction,1001+,Bulk order,21.69,4,1,synthetic_demo
L000542,2026-08-11,Healthcare,51-200,Bulk order,45.74,1,0,synthetic_demo
L009379,2026-08-11,Retail,51-200,Product enquiry,7.2,3,0,synthetic_demo
L002558,2026-08-11,Manufacturing,201-1000,Price quote,11.87,4,1,synthetic_demo
L002695,2026-08-11,Construction,201-1000,Supplier request,6.91,1,0,synthetic_demo
L009148,2026-08-11,Retail,51-200,Product enquiry,3.02,1,0,synthetic_demo
L010108,2026-08-11,Construction,1-50,Product enquiry,2.67,0,1,synthetic_demo
L008924,2026-08-11,Retail,51-200,Supplier request,12.11,2,0,synthetic_demo
L002089,2026-08-11,Technology,51-200,Product enquiry,42.81,2,0,synthetic_demo
L009543,2026-08-11,Retail,1-50,Product enquiry,25.52,3,0,synthetic_demo
L009979,2026-08-11,Manufacturing,1-50,Price quote,10.18,2,0,synthetic_demo
L004153,2026-08-11,Retail,51-200,Price quote,5.61,1,0,synthetic_demo
L001179,2026-08-12,Manufacturing,1-50,Bulk order,4.72,2,0,synthetic_demo
L007524,2026-08-12,Manufacturing,51-200,Bulk order,11.85,3,0,synthetic_demo
L001122,2026-08-12,Manufacturing,51-200,Price quote,12.88,3,0,synthetic_demo
L001432,2026-08-12,Healthcare,51-200,Product enquiry,9.14,2,0,synthetic_demo
L003309,2026-08-12,Healthcare,201-1000,Product enquiry,7.73,2,1,synthetic_demo
L003422,2026-08-12,Retail,1-50,Bulk order,18.95,1,0,synthetic_demo
L006107,2026-08-12,Construction,1-50,Product enquiry,14.09,0,0,synthetic_demo
L007526,2026-08-12,Manufacturing,201-1000,Supplier request,13.46,0,0,synthetic_demo
L001227,2026-08-12,Retail,201-1000,Bulk order,0.84,3,1,synthetic_demo
L006151,2026-08-12,Technology,201-1000,Product enquiry,14.65,2,0,synthetic_demo
L009200,2026-08-12,Healthcare,201-1000,Product enquiry,6.35,3,0,synthetic_demo
L003838,2026-08-12,Manufacturing,1001+,Supplier request,4.77,3,0,synthetic_demo
L002408,2026-08-12,Retail,201-1000,Supplier request,24.87,3,0,synthetic_demo
L009668,2026-08-12,Construction,201-1000,Supplier request,8.84,3,0,synthetic_demo
L010427,2026-08-12,Manufacturing,201-1000,Product enquiry,7.34,5,0,synthetic_demo
L004652,2026-08-12,Technology,201-1000,Supplier request,18.88,2,0,synthetic_demo
L006483,2026-08-12,Construction,51-200,Product enquiry,2.41,3,0,synthetic_demo
L003592,2026-08-12,Retail,1-50,Supplier request,12.61,5,0,synthetic_demo
L007959,2026-08-12,Manufacturing,1-50,Product enquiry,2.35,3,0,synthetic_demo
L005650,2026-08-12,Manufacturing,201-1000,Price quote,13.19,1,0,synthetic_demo
L003147,2026-08-12,Technology,1001+,Price quote,3.4,2,0,synthetic_demo
L008022,2026-08-12,Manufacturing,201-1000,Price quote,7.52,1,0,synthetic_demo
L009032,2026-08-12,Construction,201-1000,Bulk order,11.55,1,0,synthetic_demo
L010958,2026-08-12,Healthcare,1-50,Product enquiry,4.97,4,0,synthetic_demo
L000417,2026-08-12,Manufacturing,1001+,Price quote,12.51,3,0,synthetic_demo
L001232,2026-08-12,Healthcare,51-200,Bulk order,6.96,4,0,synthetic_demo
L001831,2026-08-12,Retail,1-50,Price quote,8.2,3,0,synthetic_demo
L000041,2026-08-12,Retail,1-50,Bulk order,10.52,2,0,synthetic_demo
L011902,2026-08-12,Retail,1-50,Price quote,5.72,2,0,synthetic_demo
L003019,2026-08-12,Retail,1-50,Price quote,14.0,0,0,synthetic_demo
L000786,2026-08-12,Retail,51-200,Price quote,14.93,1,0,synthetic_demo
L007134,2026-08-13,Retail,51-200,Price quote,8.72,1,1,synthetic_demo
L006094,2026-08-13,Healthcare,51-200,Bulk order,6.81,6,1,synthetic_demo
L001431,2026-08-13,Construction,1001+,Bulk order,15.77,1,1,synthetic_demo
L001769,2026-08-13,Manufacturing,51-200,Price quote,4.9,1,0,synthetic_demo
L005355,2026-08-13,Construction,51-200,Product enquiry,22.51,3,0,synthetic_demo
L003336,2026-08-13,Retail,1-50,Bulk order,5.21,8,1,synthetic_demo
L005620,2026-08-13,Manufacturing,1-50,Product enquiry,1.25,6,1,synthetic_demo
L010694,2026-08-13,Manufacturing,1-50,Product enquiry,10.97,2,0,synthetic_demo
L003504,2026-08-13,Healthcare,1001+,Price quote,10.51,0,1,synthetic_demo
L001874,2026-08-13,Construction,1001+,Price quote,6.09,6,1,synthetic_demo
L001912,2026-08-13,Manufacturing,1-50,Bulk order,9.88,3,0,synthetic_demo
L001926,2026-08-13,Manufacturing,51-200,Product enquiry,15.88,3,1,synthetic_demo
L003282,2026-08-13,Manufacturing,1-50,Supplier request,9.9,2,0,synthetic_demo
L001951,2026-08-13,Construction,1001+,Bulk order,13.21,2,0,synthetic_demo
L004627,2026-08-13,Technology,1-50,Bulk order,25.82,3,0,synthetic_demo
L010223,2026-08-13,Technology,1-50,Bulk order,7.8,2,0,synthetic_demo
L005870,2026-08-13,Manufacturing,201-1000,Price quote,3.29,4,0,synthetic_demo
L010422,2026-08-13,Manufacturing,51-200,Product enquiry,14.77,1,0,synthetic_demo
L006619,2026-08-13,Manufacturing,51-200,Price quote,5.3,4,0,synthetic_demo
L002809,2026-08-13,Manufacturing,51-200,Bulk order,10.55,4,1,synthetic_demo
L004542,2026-08-13,Manufacturing,51-200,Product enquiry,7.38,2,0,synthetic_demo
L001226,2026-08-13,Construction,51-200,Price quote,7.46,1,1,synthetic_demo
L009099,2026-08-13,Healthcare,1001+,Supplier request,4.36,0,0,synthetic_demo
L011973,2026-08-13,Construction,51-200,Price quote,3.02,4,1,synthetic_demo
L004398,2026-08-13,Technology,51-200,Price quote,4.96,1,0,synthetic_demo
L010741,2026-08-13,Construction,51-200,Price quote,2.09,1,0,synthetic_demo
L002694,2026-08-13,Construction,1-50,Price quote,19.09,2,0,synthetic_demo
L009085,2026-08-13,Manufacturing,201-1000,Product enquiry,10.57,3,1,synthetic_demo
L008589,2026-08-13,Retail,1-50,Product enquiry,5.82,2,0,synthetic_demo
L001520,2026-08-13,Manufacturing,51-200,Product enquiry,5.12,2,0,synthetic_demo
L000111,2026-08-13,Retail,51-200,Bulk order,14.11,1,0,synthetic_demo
L001489,2026-08-13,Construction,51-200,Bulk order,11.85,1,0,synthetic_demo
L007006,2026-08-13,Retail,201-1000,Price quote,3.05,3,1,synthetic_demo
L003116,2026-08-14,Healthcare,51-200,Bulk order,3.3,3,1,synthetic_demo
L010153,2026-08-14,Manufacturing,1-50,Price quote,3.76,1,0,synthetic_demo
L010345,2026-08-14,Retail,1-50,Product enquiry,7.38,3,0,synthetic_demo
L007892,2026-08-14,Construction,201-1000,Bulk order,8.67,4,1,synthetic_demo
L011884,2026-08-14,Construction,51-200,Price quote,5.86,3,1,synthetic_demo
L004531,2026-08-14,Technology,51-200,Price quote,13.56,3,0,synthetic_demo
L000215,2026-08-14,Technology,51-200,Supplier request,9.56,0,0,synthetic_demo
L004255,2026-08-14,Technology,1-50,Price quote,4.47,5,0,synthetic_demo
L008296,2026-08-14,Retail,1-50,Product enquiry,9.65,1,0,synthetic_demo
L001851,2026-08-14,Manufacturing,51-200,Product enquiry,9.11,4,0,synthetic_demo
L000425,2026-08-14,Healthcare,1-50,Product enquiry,11.43,5,0,synthetic_demo
L010794,2026-08-14,Construction,51-200,Price quote,3.08,3,0,synthetic_demo
L009673,2026-08-14,Construction,1-50,Product enquiry,5.4,1,1,synthetic_demo
L009883,2026-08-14,Healthcare,201-1000,Supplier request,22.81,0,0,synthetic_demo
L007033,2026-08-14,Manufacturing,201-1000,Price quote,7.99,0,0,synthetic_demo
L004776,2026-08-14,Manufacturing,1001+,Product enquiry,8.64,2,0,synthetic_demo
L006014,2026-08-14,Healthcare,1-50,Product enquiry,10.0,3,0,synthetic_demo
L005005,2026-08-14,Manufacturing,51-200,Price quote,4.66,2,1,synthetic_demo
L005389,2026-08-14,Retail,51-200,Bulk order,10.49,0,0,synthetic_demo
L009250,2026-08-14,Technology,201-1000,Price quote,3.95,4,0,synthetic_demo
L003255,2026-08-14,Manufacturing,1-50,Product enquiry,18.46,2,0,synthetic_demo
L001443,2026-08-14,Manufacturing,51-200,Supplier request,54.69,3,0,synthetic_demo
L009064,2026-08-14,Technology,51-200,Supplier request,9.05,1,1,synthetic_demo
L002143,2026-08-14,Technology,201-1000,Product enquiry,4.22,1,0,synthetic_demo
L003918,2026-08-14,Healthcare,1-50,Product enquiry,2.03,3,0,synthetic_demo
L008970,2026-08-14,Healthcare,1-50,Price quote,12.35,1,0,synthetic_demo
L006305,2026-08-14,Technology,201-1000,Bulk order,5.94,1,0,synthetic_demo
L006600,2026-08-14,Retail,51-200,Price quote,7.92,4,1,synthetic_demo
L002244,2026-08-14,Manufacturing,1-50,Supplier request,8.49,0,0,synthetic_demo
L010594,2026-08-15,Retail,201-1000,Supplier request,13.03,0,0,synthetic_demo
L000415,2026-08-15,Manufacturing,201-1000,Price quote,9.6,3,0,synthetic_demo
L010259,2026-08-15,Retail,1-50,Price quote,4.15,3,0,synthetic_demo
L006720,2026-08-15,Retail,1-50,Price quote,9.25,5,0,synthetic_demo
L007684,2026-08-15,Construction,1-50,Product enquiry,4.04,3,0,synthetic_demo
L000801,2026-08-15,Technology,1001+,Bulk order,18.27,4,0,synthetic_demo
L004926,2026-08-15,Retail,1001+,Bulk order,8.33,1,0,synthetic_demo
L002449,2026-08-15,Healthcare,201-1000,Bulk order,8.04,3,1,synthetic_demo
L002444,2026-08-15,Healthcare,1-50,Product enquiry,2.32,2,0,synthetic_demo
L004447,2026-08-15,Retail,51-200,Product enquiry,7.99,3,1,synthetic_demo
L006559,2026-08-15,Construction,51-200,Product enquiry,13.93,2,0,synthetic_demo
L004452,2026-08-15,Construction,201-1000,Product enquiry,5.88,0,0,synthetic_demo
L010424,2026-08-15,Manufacturing,51-200,Price quote,5.21,4,0,synthetic_demo
L003725,2026-08-15,Technology,1001+,Price quote,1.11,3,1,synthetic_demo
L001961,2026-08-15,Healthcare,1001+,Product enquiry,1.72,1,1,synthetic_demo
L003877,2026-08-15,Manufacturing,1001+,Bulk order,5.39,1,0,synthetic_demo
L006375,2026-08-15,Retail,1-50,Product enquiry,3.68,1,0,synthetic_demo
L005532,2026-08-15,Technology,201-1000,Product enquiry,6.33,3,0,synthetic_demo
L005618,2026-08-15,Technology,1-50,Product enquiry,14.57,2,0,synthetic_demo
L005538,2026-08-15,Healthcare,1-50,Product enquiry,8.45,2,0,synthetic_demo
L000957,2026-08-15,Technology,1-50,Product enquiry,19.71,1,0,synthetic_demo
L006093,2026-08-15,Healthcare,51-200,Product enquiry,11.07,2,0,synthetic_demo
L004575,2026-08-15,Technology,1001+,Bulk order,7.44,4,1,synthetic_demo
L000495,2026-08-15,Technology,201-1000,Supplier request,13.07,4,0,synthetic_demo
L006098,2026-08-15,Healthcare,51-200,Bulk order,1.82,0,0,synthetic_demo
L000123,2026-08-15,Manufacturing,1-50,Product enquiry,32.91,1,0,synthetic_demo
L001073,2026-08-15,Retail,51-200,Product enquiry,3.71,3,0,synthetic_demo
L004181,2026-08-15,Technology,1001+,Supplier request,8.06,1,0,synthetic_demo
L010687,2026-08-15,Technology,51-200,Bulk order,2.77,0,0,synthetic_demo
L008151,2026-08-15,Healthcare,51-200,Price quote,0.61,3,0,synthetic_demo
L002566,2026-08-16,Retail,51-200,Product enquiry,2.81,2,0,synthetic_demo
L005683,2026-08-16,Manufacturing,51-200,Bulk order,8.45,3,0,synthetic_demo
L000186,2026-08-16,Technology,51-200,Product enquiry,16.15,4,0,synthetic_demo
L010445,2026-08-16,Healthcare,51-200,Supplier request,20.8,3,0,synthetic_demo
L007716,2026-08-16,Manufacturing,1-50,Product enquiry,5.3,0,0,synthetic_demo
L004810,2026-08-16,Healthcare,51-200,Product enquiry,8.01,4,0,synthetic_demo
L004748,2026-08-16,Healthcare,1001+,Bulk order,22.95,3,1,synthetic_demo
L001716,2026-08-16,Technology,1-50,Product enquiry,14.59,2,0,synthetic_demo
L003454,2026-08-16,Manufacturing,1-50,Product enquiry,2.76,3,0,synthetic_demo
L008698,2026-08-16,Retail,51-200,Supplier request,5.46,0,0,synthetic_demo
L003025,2026-08-16,Retail,201-1000,Price quote,18.97,2,0,synthetic_demo
L011113,2026-08-16,Manufacturing,201-1000,Product enquiry,4.53,2,0,synthetic_demo
L010995,2026-08-16,Technology,201-1000,Bulk order,20.27,4,1,synthetic_demo
L006244,2026-08-16,Technology,51-200,Price quote,18.93,4,0,synthetic_demo
L000363,2026-08-16,Manufacturing,1-50,Price quote,8.25,2,1,synthetic_demo
L009509,2026-08-16,Technology,201-1000,Price quote,3.6,2,1,synthetic_demo
L006937,2026-08-16,Construction,1-50,Bulk order,4.57,1,1,synthetic_demo
L009251,2026-08-16,Manufacturing,1-50,Supplier request,13.21,3,0,synthetic_demo
L011011,2026-08-16,Healthcare,1-50,Product enquiry,4.72,5,1,synthetic_demo
L003448,2026-08-16,Technology,51-200,Product enquiry,0.63,2,0,synthetic_demo
L002692,2026-08-16,Retail,1-50,Product enquiry,6.16,3,0,synthetic_demo
L001116,2026-08-16,Manufacturing,201-1000,Product enquiry,6.41,2,0,synthetic_demo
L010266,2026-08-16,Retail,1001+,Supplier request,11.69,4,1,synthetic_demo
L001575,2026-08-16,Manufacturing,51-200,Bulk order,24.84,1,0,synthetic_demo
L004215,2026-08-16,Healthcare,201-1000,Supplier request,19.94,2,0,synthetic_demo
L001067,2026-08-16,Retail,201-1000,Bulk order,7.46,3,0,synthetic_demo
L004097,2026-08-16,Healthcare,51-200,Bulk order,14.66,1,0,synthetic_demo
L011169,2026-08-16,Technology,1-50,Product enquiry,17.75,3,0,synthetic_demo
L000119,2026-08-16,Retail,1-50,Bulk order,20.61,3,0,synthetic_demo
L003943,2026-08-16,Manufacturing,1-50,Product enquiry,10.05,1,0,synthetic_demo
L007787,2026-08-16,Technology,51-200,Supplier request,15.51,1,0,synthetic_demo
L004805,2026-08-16,Technology,1-50,Product enquiry,21.72,1,0,synthetic_demo
L007741,2026-08-16,Healthcare,51-200,Product enquiry,14.73,2,0,synthetic_demo
L006689,2026-08-16,Healthcare,51-200,Bulk order,27.16,0,0,synthetic_demo
L004596,2026-08-17,Construction,51-200,Supplier request,6.05,1,0,synthetic_demo
L008646,2026-08-17,Retail,1-50,Price quote,6.56,0,0,synthetic_demo
L009414,2026-08-17,Construction,51-200,Bulk order,18.49,3,1,synthetic_demo
L008269,2026-08-17,Technology,1-50,Product enquiry,12.1,3,0,synthetic_demo
L011795,2026-08-17,Technology,51-200,Supplier request,5.77,2,0,synthetic_demo
L002292,2026-08-17,Technology,51-200,Product enquiry,39.3,0,0,synthetic_demo
L011843,2026-08-17,Healthcare,51-200,Price quote,6.97,3,0,synthetic_demo
L011763,2026-08-17,Manufacturing,51-200,Bulk order,28.81,1,0,synthetic_demo
L003122,2026-08-17,Retail,51-200,Price quote,30.79,1,0,synthetic_demo
L006438,2026-08-17,Retail,1001+,Product enquiry,13.71,0,0,synthetic_demo
L010383,2026-08-17,Manufacturing,51-200,Product enquiry,17.76,1,0,synthetic_demo
L003513,2026-08-17,Construction,1001+,Price quote,21.79,0,0,synthetic_demo
L005020,2026-08-17,Retail,51-200,Bulk order,9.89,0,1,synthetic_demo
L006386,2026-08-17,Construction,1-50,Price quote,2.35,3,0,synthetic_demo
L004563,2026-08-17,Retail,1-50,Supplier request,13.37,2,0,synthetic_demo
L010842,2026-08-17,Healthcare,1001+,Price quote,9.11,0,0,synthetic_demo
L002730,2026-08-17,Construction,51-200,Product enquiry,17.64,4,0,synthetic_demo
L009546,2026-08-17,Retail,1-50,Price quote,30.03,3,0,synthetic_demo
L010264,2026-08-17,Manufacturing,201-1000,Price quote,2.54,5,0,synthetic_demo
L006109,2026-08-17,Retail,51-200,Supplier request,2.24,0,0,synthetic_demo
L010437,2026-08-17,Manufacturing,51-200,Product enquiry,10.57,3,1,synthetic_demo
L001547,2026-08-17,Manufacturing,1001+,Bulk order,3.04,2,1,synthetic_demo
L006057,2026-08-17,Manufacturing,1-50,Price quote,5.57,4,0,synthetic_demo
L002473,2026-08-17,Technology,1-50,Product enquiry,0.76,0,0,synthetic_demo
L002688,2026-08-17,Technology,51-200,Price quote,9.67,2,0,synthetic_demo
L011340,2026-08-17,Manufacturing,201-1000,Product enquiry,12.31,2,1,synthetic_demo
L007075,2026-08-17,Technology,1-50,Bulk order,8.65,6,1,synthetic_demo
L003663,2026-08-17,Construction,1001+,Price quote,24.4,1,0,synthetic_demo
L001653,2026-08-17,Manufacturing,1-50,Product enquiry,9.58,4,0,synthetic_demo
L000742,2026-08-18,Manufacturing,1-50,Product enquiry,4.77,2,0,synthetic_demo
L005119,2026-08-18,Manufacturing,1001+,Price quote,13.61,3,0,synthetic_demo
L011420,2026-08-18,Construction,201-1000,Price quote,13.6,0,0,synthetic_demo
L001904,2026-08-18,Manufacturing,51-200,Bulk order,8.54,0,0,synthetic_demo
L005006,2026-08-18,Retail,1-50,Price quote,12.93,5,0,synthetic_demo
L009782,2026-08-18,Healthcare,51-200,Bulk order,12.22,0,0,synthetic_demo
L005205,2026-08-18,Manufacturing,1-50,Price quote,6.35,5,0,synthetic_demo
L008438,2026-08-18,Technology,201-1000,Price quote,6.1,1,0,synthetic_demo
L006512,2026-08-18,Manufacturing,51-200,Bulk order,4.66,3,0,synthetic_demo
L003652,2026-08-18,Manufacturing,201-1000,Price quote,5.13,3,0,synthetic_demo
L009450,2026-08-18,Retail,51-200,Bulk order,9.95,2,0,synthetic_demo
L010676,2026-08-18,Healthcare,51-200,Supplier request,7.06,1,0,synthetic_demo
L000197,2026-08-18,Healthcare,1-50,Price quote,16.12,2,0,synthetic_demo
L010840,2026-08-18,Technology,51-200,Price quote,21.86,0,0,synthetic_demo
L011904,2026-08-18,Retail,1001+,Supplier request,18.35,0,0,synthetic_demo
L011611,2026-08-18,Manufacturing,1001+,Product enquiry,3.89,3,0,synthetic_demo
L001459,2026-08-18,Construction,51-200,Supplier request,19.97,1,0,synthetic_demo
L007203,2026-08-18,Manufacturing,51-200,Price quote,3.36,2,1,synthetic_demo
L002625,2026-08-18,Healthcare,1001+,Product enquiry,13.52,2,0,synthetic_demo
L000915,2026-08-18,Construction,1-50,Bulk order,6.34,2,0,synthetic_demo
L003487,2026-08-18,Technology,1-50,Price quote,12.18,5,0,synthetic_demo
L007620,2026-08-18,Technology,201-1000,Supplier request,11.48,1,1,synthetic_demo
L009537,2026-08-18,Construction,51-200,Bulk order,9.48,2,0,synthetic_demo
L008178,2026-08-18,Healthcare,201-1000,Product enquiry,6.77,2,0,synthetic_demo
L006915,2026-08-18,Technology,201-1000,Price quote,7.49,2,0,synthetic_demo
L010718,2026-08-18,Technology,51-200,Price quote,9.27,1,1,synthetic_demo
L008590,2026-08-18,Healthcare,1-50,Product enquiry,8.01,4,0,synthetic_demo
L003458,2026-08-18,Construction,51-200,Price quote,5.11,2,0,synthetic_demo
L006353,2026-08-18,Technology,51-200,Supplier request,3.77,5,0,synthetic_demo
L004437,2026-08-18,Technology,51-200,Price quote,9.33,4,1,synthetic_demo
L002071,2026-08-18,Construction,201-1000,Price quote,11.19,2,0,synthetic_demo
L006615,2026-08-18,Construction,51-200,Product enquiry,2.63,1,0,synthetic_demo
L006623,2026-08-18,Manufacturing,1-50,Bulk order,23.04,0,1,synthetic_demo
L001201,2026-08-18,Healthcare,201-1000,Product enquiry,26.11,1,0,synthetic_demo
L002324,2026-08-18,Manufacturing,51-200,Product enquiry,5.92,4,0,synthetic_demo
L004067,2026-08-18,Retail,1-50,Bulk order,17.49,2,0,synthetic_demo
L007484,2026-08-18,Technology,201-1000,Bulk order,6.07,2,1,synthetic_demo
L004660,2026-08-19,Manufacturing,51-200,Price quote,7.04,2,0,synthetic_demo
L000196,2026-08-19,Manufacturing,1-50,Supplier request,9.16,3,0,synthetic_demo
L002297,2026-08-19,Technology,1-50,Price quote,10.64,0,0,synthetic_demo
L006383,2026-08-19,Technology,51-200,Price quote,1.26,2,0,synthetic_demo
L008062,2026-08-19,Manufacturing,1-50,Product enquiry,10.6,1,0,synthetic_demo
L010093,2026-08-19,Manufacturing,201-1000,Supplier request,15.46,2,0,synthetic_demo
L000808,2026-08-19,Manufacturing,1001+,Product enquiry,13.06,4,1,synthetic_demo
L003509,2026-08-19,Technology,1-50,Bulk order,12.99,3,0,synthetic_demo
L003808,2026-08-19,Healthcare,1-50,Bulk order,8.65,2,1,synthetic_demo
L002166,2026-08-19,Retail,51-200,Price quote,6.87,0,0,synthetic_demo
L004244,2026-08-19,Healthcare,1-50,Supplier request,14.19,0,0,synthetic_demo
L007773,2026-08-19,Manufacturing,51-200,Supplier request,14.34,3,0,synthetic_demo
L002258,2026-08-19,Technology,51-200,Product enquiry,0.68,2,0,synthetic_demo
L002731,2026-08-19,Manufacturing,201-1000,Bulk order,1.84,3,0,synthetic_demo
L005185,2026-08-19,Manufacturing,51-200,Supplier request,20.05,3,0,synthetic_demo
L000864,2026-08-19,Healthcare,1-50,Supplier request,10.18,1,0,synthetic_demo
L002109,2026-08-19,Retail,51-200,Supplier request,6.59,3,0,synthetic_demo
L003630,2026-08-19,Manufacturing,51-200,Product enquiry,6.73,0,0,synthetic_demo
L003445,2026-08-19,Construction,1001+,Product enquiry,9.24,1,0,synthetic_demo
L006647,2026-08-19,Manufacturing,51-200,Price quote,7.13,3,0,synthetic_demo
L001824,2026-08-19,Healthcare,201-1000,Price quote,10.58,0,0,synthetic_demo
L003812,2026-08-19,Manufacturing,201-1000,Product enquiry,17.54,0,0,synthetic_demo
L004406,2026-08-19,Healthcare,1-50,Product enquiry,3.96,3,0,synthetic_demo
L007690,2026-08-19,Retail,51-200,Price quote,5.88,1,0,synthetic_demo
L001947,2026-08-19,Manufacturing,201-1000,Bulk order,15.27,3,1,synthetic_demo
L001309,2026-08-19,Manufacturing,1-50,Price quote,17.82,2,1,synthetic_demo
L007429,2026-08-19,Healthcare,51-200,Price quote,9.76,2,0,synthetic_demo
L004075,2026-08-19,Manufacturing,201-1000,Bulk order,7.23,5,1,synthetic_demo
L004419,2026-08-19,Manufacturing,51-200,Supplier request,3.25,2,0,synthetic_demo
L007722,2026-08-19,Construction,201-1000,Bulk order,5.67,4,1,synthetic_demo
L001083,2026-08-19,Construction,1-50,Supplier request,11.74,1,0,synthetic_demo
L001991,2026-08-19,Manufacturing,201-1000,Price quote,19.55,3,0,synthetic_demo
L008436,2026-08-19,Technology,51-200,Price quote,12.28,3,0,synthetic_demo
L008971,2026-08-19,Construction,1001+,Price quote,10.04,2,0,synthetic_demo
L005602,2026-08-19,Manufacturing,1-50,Product enquiry,3.08,2,0,synthetic_demo
L003685,2026-08-19,Manufacturing,1-50,Product enquiry,13.86,1,0,synthetic_demo
L000961,2026-08-20,Healthcare,1-50,Product enquiry,8.4,2,0,synthetic_demo
L008917,2026-08-20,Healthcare,201-1000,Price quote,3.56,0,0,synthetic_demo
L009831,2026-08-20,Technology,1-50,Price quote,7.83,2,0,synthetic_demo
L005633,2026-08-20,Retail,1-50,Supplier request,3.48,3,0,synthetic_demo
L007761,2026-08-20,Retail,201-1000,Supplier request,7.56,1,0,synthetic_demo
L002856,2026-08-20,Construction,51-200,Product enquiry,19.43,1,0,synthetic_demo
L009232,2026-08-20,Technology,1-50,Price quote,5.54,1,0,synthetic_demo
L005208,2026-08-20,Construction,1-50,Bulk order,6.45,3,0,synthetic_demo
L010220,2026-08-20,Technology,51-200,Product enquiry,6.22,3,1,synthetic_demo
L000073,2026-08-20,Construction,51-200,Product enquiry,7.84,3,0,synthetic_demo
L005467,2026-08-20,Technology,1-50,Supplier request,5.91,2,0,synthetic_demo
L001790,2026-08-20,Manufacturing,201-1000,Supplier request,9.23,3,1,synthetic_demo
L007759,2026-08-20,Retail,201-1000,Supplier request,12.83,3,1,synthetic_demo
L010478,2026-08-20,Retail,51-200,Price quote,5.78,2,0,synthetic_demo
L001349,2026-08-20,Retail,51-200,Bulk order,18.21,0,0,synthetic_demo
L006158,2026-08-20,Manufacturing,201-1000,Product enquiry,19.86,2,0,synthetic_demo
L001563,2026-08-20,Construction,201-1000,Bulk order,22.78,3,1,synthetic_demo
L006952,2026-08-20,Construction,51-200,Price quote,9.57,0,0,synthetic_demo
L004061,2026-08-20,Construction,51-200,Bulk order,12.65,3,0,synthetic_demo
L005398,2026-08-20,Retail,201-1000,Price quote,14.77,1,0,synthetic_demo
L004136,2026-08-20,Manufacturing,201-1000,Price quote,10.19,5,0,synthetic_demo
L007404,2026-08-20,Healthcare,51-200,Product enquiry,7.01,2,0,synthetic_demo
L001888,2026-08-20,Manufacturing,1001+,Bulk order,10.71,2,1,synthetic_demo
L007483,2026-08-20,Healthcare,1001+,Price quote,10.03,0,0,synthetic_demo
L007056,2026-08-20,Retail,51-200,Bulk order,4.0,3,0,synthetic_demo
L010746,2026-08-20,Healthcare,51-200,Bulk order,18.76,0,0,synthetic_demo
L009403,2026-08-20,Healthcare,51-200,Product enquiry,11.02,1,0,synthetic_demo
L004485,2026-08-20,Construction,1001+,Product enquiry,4.65,1,1,synthetic_demo
L005489,2026-08-20,Retail,51-200,Bulk order,5.91,4,1,synthetic_demo
L002335,2026-08-20,Retail,1-50,Price quote,4.06,1,0,synthetic_demo
L011081,2026-08-20,Technology,51-200,Price quote,8.23,1,1,synthetic_demo
L008529,2026-08-21,Technology,51-200,Product enquiry,11.46,2,0,synthetic_demo
L004082,2026-08-21,Retail,201-1000,Supplier request,1.83,2,1,synthetic_demo
L002268,2026-08-21,Healthcare,201-1000,Bulk order,9.16,4,0,synthetic_demo
L005787,2026-08-21,Construction,51-200,Price quote,5.48,4,0,synthetic_demo
L009721,2026-08-21,Technology,1001+,Bulk order,24.69,3,0,synthetic_demo
L007147,2026-08-21,Retail,201-1000,Price quote,12.76,2,0,synthetic_demo
L008694,2026-08-21,Manufacturing,201-1000,Bulk order,19.04,2,0,synthetic_demo
L011244,2026-08-21,Healthcare,201-1000,Product enquiry,7.06,5,0,synthetic_demo
L002806,2026-08-21,Manufacturing,201-1000,Product enquiry,10.31,5,0,synthetic_demo
L011041,2026-08-21,Construction,1-50,Bulk order,4.05,3,0,synthetic_demo
L010066,2026-08-21,Construction,51-200,Product enquiry,3.7,3,0,synthetic_demo
L005070,2026-08-21,Healthcare,1-50,Product enquiry,10.53,6,0,synthetic_demo
L004294,2026-08-21,Healthcare,201-1000,Supplier request,24.14,6,1,synthetic_demo
L007180,2026-08-21,Retail,1-50,Product enquiry,9.2,3,0,synthetic_demo
L002770,2026-08-21,Construction,51-200,Price quote,11.06,0,0,synthetic_demo
L002725,2026-08-21,Manufacturing,1-50,Bulk order,12.44,2,0,synthetic_demo
L001390,2026-08-21,Manufacturing,1001+,Price quote,2.38,4,0,synthetic_demo
L006500,2026-08-21,Healthcare,51-200,Bulk order,4.43,2,0,synthetic_demo
L011705,2026-08-21,Manufacturing,1-50,Price quote,11.36,0,0,synthetic_demo
L009758,2026-08-21,Healthcare,51-200,Supplier request,9.81,4,1,synthetic_demo
L006766,2026-08-21,Healthcare,51-200,Product enquiry,10.22,2,1,synthetic_demo
L011191,2026-08-21,Retail,51-200,Supplier request,10.84,1,0,synthetic_demo
L000162,2026-08-21,Construction,201-1000,Product enquiry,19.42,1,0,synthetic_demo
L000163,2026-08-21,Manufacturing,1-50,Product enquiry,13.18,1,0,synthetic_demo
L011823,2026-08-21,Technology,51-200,Supplier request,17.88,1,0,synthetic_demo
L007594,2026-08-21,Technology,1-50,Price quote,8.64,1,0,synthetic_demo
L004608,2026-08-21,Manufacturing,1-50,Price quote,5.93,3,1,synthetic_demo
L009171,2026-08-21,Manufacturing,51-200,Price quote,5.2,0,0,synthetic_demo
L010590,2026-08-21,Healthcare,51-200,Product enquiry,22.55,3,0,synthetic_demo
L001436,2026-08-21,Construction,51-200,Price quote,2.29,0,0,synthetic_demo
L001149,2026-08-21,Healthcare,51-200,Price quote,6.39,4,0,synthetic_demo
L003594,2026-08-21,Manufacturing,51-200,Price quote,29.93,2,0,synthetic_demo
L005621,2026-08-21,Retail,1-50,Product enquiry,29.19,1,0,synthetic_demo
L006063,2026-08-21,Manufacturing,201-1000,Price quote,8.92,3,0,synthetic_demo
L010083,2026-08-21,Manufacturing,201-1000,Product enquiry,9.92,3,0,synthetic_demo
L007279,2026-08-21,Healthcare,51-200,Price quote,4.13,2,0,synthetic_demo
L004963,2026-08-21,Retail,51-200,Supplier request,12.71,0,0,synthetic_demo
L008322,2026-08-21,Healthcare,201-1000,Product enquiry,2.59,1,0,synthetic_demo
L010981,2026-08-21,Retail,1001+,Bulk order,1.72,1,1,synthetic_demo
L005352,2026-08-21,Technology,51-200,Product enquiry,4.83,2,0,synthetic_demo
L010201,2026-08-21,Technology,201-1000,Product enquiry,17.45,3,0,synthetic_demo
L011428,2026-08-22,Manufacturing,1-50,Bulk order,6.37,2,0,synthetic_demo
L003484,2026-08-22,Healthcare,1-50,Product enquiry,16.86,5,0,synthetic_demo
L009290,2026-08-22,Manufacturing,51-200,Product enquiry,5.28,4,0,synthetic_demo
L005819,2026-08-22,Retail,51-200,Product enquiry,12.18,6,1,synthetic_demo
L010318,2026-08-22,Healthcare,201-1000,Product enquiry,15.4,2,0,synthetic_demo
L003290,2026-08-22,Retail,51-200,Product enquiry,23.63,3,1,synthetic_demo
L004487,2026-08-22,Technology,51-200,Bulk order,6.07,3,0,synthetic_demo
L008845,2026-08-22,Technology,51-200,Product enquiry,1.55,2,0,synthetic_demo
L009071,2026-08-22,Manufacturing,1001+,Product enquiry,13.83,3,0,synthetic_demo
L001330,2026-08-22,Manufacturing,51-200,Supplier request,17.07,1,0,synthetic_demo
L003533,2026-08-22,Retail,1-50,Supplier request,5.52,4,0,synthetic_demo
L008379,2026-08-22,Retail,51-200,Product enquiry,15.83,2,0,synthetic_demo
L007695,2026-08-22,Manufacturing,201-1000,Price quote,14.66,1,0,synthetic_demo
L004949,2026-08-22,Technology,1-50,Price quote,0.78,3,0,synthetic_demo
L001490,2026-08-22,Retail,1001+,Supplier request,2.73,2,0,synthetic_demo
L001721,2026-08-22,Manufacturing,51-200,Product enquiry,5.59,2,0,synthetic_demo
L002984,2026-08-22,Healthcare,201-1000,Bulk order,1.44,1,0,synthetic_demo
L005060,2026-08-22,Manufacturing,51-200,Product enquiry,6.58,6,0,synthetic_demo
L001271,2026-08-22,Construction,51-200,Price quote,27.46,1,0,synthetic_demo
L005198,2026-08-22,Retail,1-50,Bulk order,9.37,5,1,synthetic_demo
L009012,2026-08-22,Technology,1001+,Bulk order,14.9,0,0,synthetic_demo
L007840,2026-08-22,Retail,51-200,Product enquiry,10.22,0,0,synthetic_demo
L005927,2026-08-22,Technology,51-200,Product enquiry,25.26,4,0,synthetic_demo
L007577,2026-08-22,Construction,201-1000,Supplier request,19.34,2,0,synthetic_demo
L010117,2026-08-22,Construction,51-200,Product enquiry,7.17,2,1,synthetic_demo
L004506,2026-08-22,Retail,201-1000,Supplier request,13.75,2,0,synthetic_demo
L001421,2026-08-22,Technology,51-200,Bulk order,18.15,5,1,synthetic_demo
L004589,2026-08-22,Healthcare,201-1000,Supplier request,7.69,3,0,synthetic_demo
L011465,2026-08-22,Construction,51-200,Product enquiry,3.25,2,0,synthetic_demo
L009162,2026-08-22,Construction,51-200,Bulk order,8.73,1,0,synthetic_demo
L007397,2026-08-22,Retail,51-200,Supplier request,6.11,1,0,synthetic_demo
L007510,2026-08-22,Healthcare,201-1000,Bulk order,6.82,0,0,synthetic_demo
L001747,2026-08-23,Technology,201-1000,Price quote,9.64,3,1,synthetic_demo
L009553,2026-08-23,Healthcare,1001+,Price quote,1.9,2,0,synthetic_demo
L001623,2026-08-23,Technology,201-1000,Product enquiry,0.73,1,1,synthetic_demo
L003754,2026-08-23,Technology,51-200,Product enquiry,22.39,3,0,synthetic_demo
L002476,2026-08-23,Manufacturing,201-1000,Bulk order,19.43,0,0,synthetic_demo
L009193,2026-08-23,Healthcare,51-200,Product enquiry,6.41,0,0,synthetic_demo
L000263,2026-08-23,Retail,51-200,Supplier request,7.39,0,0,synthetic_demo
L002122,2026-08-23,Manufacturing,1-50,Bulk order,13.66,3,0,synthetic_demo
L011147,2026-08-23,Manufacturing,51-200,Product enquiry,13.83,1,0,synthetic_demo
L007924,2026-08-23,Healthcare,51-200,Bulk order,3.2,3,0,synthetic_demo
L004597,2026-08-23,Retail,51-200,Bulk order,6.65,1,0,synthetic_demo
L003060,2026-08-23,Manufacturing,1-50,Supplier request,8.97,1,0,synthetic_demo
L000202,2026-08-23,Construction,201-1000,Supplier request,7.22,3,0,synthetic_demo
L009569,2026-08-23,Manufacturing,201-1000,Product enquiry,13.11,1,0,synthetic_demo
L007268,2026-08-23,Healthcare,51-200,Price quote,14.43,1,0,synthetic_demo
L004483,2026-08-23,Technology,51-200,Supplier request,9.54,0,0,synthetic_demo
L004971,2026-08-23,Healthcare,201-1000,Price quote,6.27,1,0,synthetic_demo
L003449,2026-08-23,Retail,1001+,Product enquiry,13.01,2,1,synthetic_demo
L004921,2026-08-23,Retail,1-50,Product enquiry,4.67,5,0,synthetic_demo
L001554,2026-08-23,Retail,1001+,Product enquiry,5.38,2,0,synthetic_demo
L003565,2026-08-23,Construction,51-200,Bulk order,8.56,1,0,synthetic_demo
L002248,2026-08-23,Healthcare,51-200,Bulk order,6.17,4,0,synthetic_demo
L007067,2026-08-23,Technology,51-200,Price quote,2.99,2,0,synthetic_demo
L002382,2026-08-23,Manufacturing,51-200,Product enquiry,6.85,1,1,synthetic_demo
L010750,2026-08-23,Manufacturing,1-50,Bulk order,3.84,0,0,synthetic_demo
L001471,2026-08-23,Construction,201-1000,Price quote,15.84,0,0,synthetic_demo
L007308,2026-08-23,Technology,1-50,Product enquiry,18.12,2,0,synthetic_demo
L003317,2026-08-23,Technology,201-1000,Bulk order,10.31,3,0,synthetic_demo
L006082,2026-08-23,Manufacturing,51-200,Product enquiry,26.25,1,0,synthetic_demo
L007231,2026-08-23,Retail,201-1000,Price quote,3.39,3,0,synthetic_demo
L001367,2026-08-23,Manufacturing,51-200,Price quote,10.3,1,1,synthetic_demo
L002231,2026-08-23,Retail,1001+,Product enquiry,4.33,3,0,synthetic_demo
L009881,2026-08-23,Manufacturing,201-1000,Bulk order,12.76,3,0,synthetic_demo
L001218,2026-08-23,Healthcare,51-200,Supplier request,18.51,0,0,synthetic_demo
L004588,2026-08-23,Construction,1001+,Product enquiry,6.37,3,0,synthetic_demo
L011506,2026-08-23,Retail,201-1000,Product enquiry,13.68,2,0,synthetic_demo
L007532,2026-08-23,Manufacturing,201-1000,Product enquiry,5.73,4,1,synthetic_demo
L008610,2026-08-23,Manufacturing,1001+,Bulk order,8.51,2,1,synthetic_demo
L003101,2026-08-24,Construction,201-1000,Product enquiry,8.29,2,0,synthetic_demo
L007750,2026-08-24,Technology,201-1000,Bulk order,16.88,1,0,synthetic_demo
L006859,2026-08-24,Manufacturing,1-50,Bulk order,15.03,3,0,synthetic_demo
L011966,2026-08-24,Manufacturing,201-1000,Bulk order,9.41,2,0,synthetic_demo
L006491,2026-08-24,Manufacturing,1-50,Bulk order,5.06,4,0,synthetic_demo
L007905,2026-08-24,Construction,51-200,Supplier request,9.92,2,0,synthetic_demo
L001530,2026-08-24,Retail,51-200,Product enquiry,16.72,1,0,synthetic_demo
L004561,2026-08-24,Construction,201-1000,Bulk order,21.55,0,0,synthetic_demo
L000556,2026-08-24,Manufacturing,51-200,Price quote,15.36,4,1,synthetic_demo
L002881,2026-08-24,Manufacturing,1-50,Product enquiry,11.21,4,0,synthetic_demo
L010933,2026-08-24,Technology,201-1000,Product enquiry,5.93,2,0,synthetic_demo
L011961,2026-08-24,Retail,1-50,Product enquiry,3.05,3,0,synthetic_demo
L006414,2026-08-24,Construction,1-50,Product enquiry,11.63,3,0,synthetic_demo
L009416,2026-08-24,Healthcare,51-200,Supplier request,2.3,3,0,synthetic_demo
L001125,2026-08-24,Retail,1001+,Price quote,3.83,2,1,synthetic_demo
L001541,2026-08-24,Technology,1-50,Product enquiry,11.5,3,0,synthetic_demo
L001017,2026-08-24,Technology,201-1000,Supplier request,9.76,3,0,synthetic_demo
L009137,2026-08-24,Healthcare,1-50,Bulk order,4.21,4,0,synthetic_demo
L010333,2026-08-24,Healthcare,51-200,Price quote,7.6,3,0,synthetic_demo
L005297,2026-08-24,Construction,51-200,Price quote,3.82,2,0,synthetic_demo
L011865,2026-08-24,Retail,1001+,Product enquiry,10.4,1,0,synthetic_demo
L005568,2026-08-24,Manufacturing,51-200,Price quote,8.97,4,0,synthetic_demo
L010636,2026-08-24,Manufacturing,1-50,Price quote,13.64,1,0,synthetic_demo
L009727,2026-08-24,Manufacturing,201-1000,Price quote,7.1,3,0,synthetic_demo
L001671,2026-08-24,Retail,1001+,Product enquiry,3.43,1,0,synthetic_demo
L000636,2026-08-24,Manufacturing,201-1000,Product enquiry,12.68,2,0,synthetic_demo
L010416,2026-08-24,Construction,201-1000,Price quote,8.17,3,1,synthetic_demo
L004313,2026-08-24,Manufacturing,1001+,Product enquiry,9.32,3,1,synthetic_demo
L002661,2026-08-24,Technology,201-1000,Bulk order,6.45,4,0,synthetic_demo
L005157,2026-08-24,Retail,51-200,Product enquiry,5.12,2,0,synthetic_demo
L010799,2026-08-24,Construction,1-50,Product enquiry,8.39,1,0,synthetic_demo
L009678,2026-08-24,Technology,1-50,Product enquiry,6.29,2,0,synthetic_demo
L004738,2026-08-24,Manufacturing,1001+,Bulk order,10.69,1,1,synthetic_demo
L001223,2026-08-25,Construction,201-1000,Bulk order,4.46,0,1,synthetic_demo
L010504,2026-08-25,Healthcare,201-1000,Product enquiry,14.8,1,0,synthetic_demo
L006035,2026-08-25,Construction,51-200,Product enquiry,7.47,3,0,synthetic_demo
L008955,2026-08-25,Retail,1-50,Price quote,6.14,1,0,synthetic_demo
L005528,2026-08-25,Manufacturing,1001+,Bulk order,5.62,1,1,synthetic_demo
L009368,2026-08-25,Technology,51-200,Price quote,19.72,3,1,synthetic_demo
L001622,2026-08-25,Healthcare,51-200,Supplier request,14.17,2,0,synthetic_demo
L011945,2026-08-25,Manufacturing,51-200,Price quote,18.71,2,0,synthetic_demo
L000484,2026-08-25,Retail,201-1000,Bulk order,15.48,1,1,synthetic_demo
L007242,2026-08-25,Retail,201-1000,Product enquiry,28.27,2,0,synthetic_demo
L006365,2026-08-25,Construction,1-50,Price quote,21.61,1,0,synthetic_demo
L008980,2026-08-25,Healthcare,201-1000,Product enquiry,18.84,5,0,synthetic_demo
L011189,2026-08-25,Manufacturing,51-200,Bulk order,6.26,5,1,synthetic_demo
L011581,2026-08-25,Healthcare,1-50,Bulk order,9.05,2,1,synthetic_demo
L005652,2026-08-25,Retail,201-1000,Price quote,13.41,3,1,synthetic_demo
L011799,2026-08-25,Manufacturing,1-50,Product enquiry,5.01,0,0,synthetic_demo
L004518,2026-08-25,Retail,51-200,Price quote,2.99,2,1,synthetic_demo
L000006,2026-08-25,Construction,1-50,Bulk order,8.11,2,0,synthetic_demo
L001956,2026-08-25,Construction,201-1000,Price quote,26.62,1,0,synthetic_demo
L001320,2026-08-25,Construction,1-50,Product enquiry,3.02,0,0,synthetic_demo
L010455,2026-08-25,Retail,1-50,Product enquiry,10.54,5,0,synthetic_demo
L001177,2026-08-25,Retail,51-200,Bulk order,4.08,2,0,synthetic_demo
L007521,2026-08-25,Manufacturing,1-50,Supplier request,9.94,4,1,synthetic_demo
L003148,2026-08-25,Technology,1001+,Supplier request,10.18,1,0,synthetic_demo
L009971,2026-08-25,Technology,51-200,Bulk order,6.65,0,0,synthetic_demo
L000168,2026-08-25,Technology,1001+,Price quote,9.57,1,0,synthetic_demo
L011221,2026-08-25,Retail,1-50,Supplier request,11.29,1,0,synthetic_demo
L011069,2026-08-25,Retail,1-50,Product enquiry,22.45,2,0,synthetic_demo
L010548,2026-08-25,Retail,1-50,Price quote,14.54,3,0,synthetic_demo
L007080,2026-08-25,Construction,51-200,Bulk order,0.62,3,1,synthetic_demo
L000325,2026-08-25,Technology,51-200,Bulk order,3.65,3,0,synthetic_demo
L008644,2026-08-25,Retail,51-200,Product enquiry,7.41,4,0,synthetic_demo
L004520,2026-08-25,Manufacturing,201-1000,Product enquiry,16.24,1,0,synthetic_demo
L002164,2026-08-25,Retail,201-1000,Price quote,10.09,1,0,synthetic_demo
L005211,2026-08-26,Retail,201-1000,Product enquiry,7.08,2,0,synthetic_demo
L003172,2026-08-26,Technology,201-1000,Product enquiry,4.79,3,1,synthetic_demo
L009798,2026-08-26,Retail,201-1000,Price quote,7.6,2,0,synthetic_demo
L008243,2026-08-26,Construction,1-50,Bulk order,7.49,0,1,synthetic_demo
L001096,2026-08-26,Retail,51-200,Price quote,10.18,3,0,synthetic_demo
L001101,2026-08-26,Manufacturing,1-50,Bulk order,4.68,1,0,synthetic_demo
L011451,2026-08-26,Technology,201-1000,Price quote,2.83,3,0,synthetic_demo
L011826,2026-08-26,Retail,51-200,Product enquiry,3.34,0,0,synthetic_demo
L003619,2026-08-26,Retail,1-50,Product enquiry,10.05,2,0,synthetic_demo
L001378,2026-08-26,Construction,201-1000,Price quote,13.82,5,0,synthetic_demo
L011767,2026-08-26,Healthcare,51-200,Bulk order,4.39,1,0,synthetic_demo
L006277,2026-08-26,Manufacturing,51-200,Supplier request,10.62,3,0,synthetic_demo
L009665,2026-08-26,Manufacturing,1-50,Product enquiry,3.76,2,0,synthetic_demo
L006765,2026-08-26,Retail,51-200,Supplier request,15.71,4,0,synthetic_demo
L000127,2026-08-26,Retail,1-50,Product enquiry,18.44,4,1,synthetic_demo
L007127,2026-08-26,Retail,1-50,Product enquiry,21.08,1,0,synthetic_demo
L005541,2026-08-26,Construction,1001+,Price quote,5.03,2,0,synthetic_demo
L004360,2026-08-26,Technology,1001+,Price quote,6.29,3,0,synthetic_demo
L007076,2026-08-26,Retail,1-50,Bulk order,6.65,1,0,synthetic_demo
L011680,2026-08-26,Retail,1-50,Bulk order,18.82,3,0,synthetic_demo
L004460,2026-08-26,Technology,51-200,Product enquiry,11.57,2,0,synthetic_demo
L000755,2026-08-26,Technology,1001+,Product enquiry,13.88,1,0,synthetic_demo
L007026,2026-08-26,Healthcare,51-200,Price quote,3.06,3,0,synthetic_demo
L004304,2026-08-26,Retail,51-200,Product enquiry,1.47,4,0,synthetic_demo
L011710,2026-08-26,Technology,201-1000,Bulk order,7.18,1,1,synthetic_demo
L001596,2026-08-26,Technology,51-200,Product enquiry,16.83,4,0,synthetic_demo
L003853,2026-08-26,Retail,201-1000,Bulk order,10.67,0,1,synthetic_demo
L003074,2026-08-26,Technology,201-1000,Price quote,14.08,1,0,synthetic_demo
L009545,2026-08-26,Healthcare,1-50,Bulk order,10.12,3,0,synthetic_demo
L006813,2026-08-26,Retail,1001+,Supplier request,11.23,3,0,synthetic_demo
L008776,2026-08-26,Manufacturing,1001+,Price quote,12.31,4,1,synthetic_demo
L002512,2026-08-26,Retail,1001+,Bulk order,7.76,1,0,synthetic_demo
L005750,2026-08-26,Construction,51-200,Price quote,7.8,4,0,synthetic_demo
L006534,2026-08-26,Manufacturing,201-1000,Supplier request,11.63,3,1,synthetic_demo
L008276,2026-08-26,Retail,1-50,Bulk order,8.99,1,0,synthetic_demo
L005016,2026-08-26,Retail,1-50,Bulk order,11.87,2,0,synthetic_demo
L006056,2026-08-27,Manufacturing,1-50,Product enquiry,17.02,2,0,synthetic_demo
L011739,2026-08-27,Retail,1-50,Price quote,15.21,3,0,synthetic_demo
L007089,2026-08-27,Manufacturing,1-50,Supplier request,12.27,1,0,synthetic_demo
L010088,2026-08-27,Technology,1-50,Price quote,12.54,3,0,synthetic_demo
L000004,2026-08-27,Technology,1001+,Product enquiry,7.73,6,0,synthetic_demo
L004166,2026-08-27,Manufacturing,1-50,Product enquiry,8.61,4,0,synthetic_demo
L011575,2026-08-27,Technology,1-50,Price quote,10.25,2,1,synthetic_demo
L006058,2026-08-27,Healthcare,51-200,Supplier request,19.18,6,0,synthetic_demo
L000826,2026-08-27,Manufacturing,201-1000,Bulk order,12.68,3,0,synthetic_demo
L008229,2026-08-27,Construction,1-50,Product enquiry,6.62,1,0,synthetic_demo
L010709,2026-08-27,Healthcare,1-50,Supplier request,5.39,4,0,synthetic_demo
L007727,2026-08-27,Manufacturing,201-1000,Product enquiry,9.26,2,1,synthetic_demo
L009409,2026-08-27,Technology,51-200,Price quote,10.13,4,0,synthetic_demo
L011486,2026-08-27,Healthcare,51-200,Product enquiry,2.8,1,0,synthetic_demo
L006757,2026-08-27,Technology,51-200,Product enquiry,14.8,4,0,synthetic_demo
L000382,2026-08-27,Construction,51-200,Product enquiry,18.01,1,0,synthetic_demo
L009348,2026-08-27,Technology,1001+,Bulk order,6.46,2,1,synthetic_demo
L005892,2026-08-27,Healthcare,51-200,Price quote,25.67,1,0,synthetic_demo
L007607,2026-08-27,Technology,1001+,Product enquiry,3.31,3,1,synthetic_demo
L007804,2026-08-27,Retail,201-1000,Product enquiry,26.87,2,0,synthetic_demo
L010399,2026-08-27,Construction,51-200,Supplier request,12.0,4,0,synthetic_demo
L000133,2026-08-27,Healthcare,51-200,Price quote,5.09,3,0,synthetic_demo
L006682,2026-08-27,Construction,201-1000,Product enquiry,5.94,1,0,synthetic_demo
L011155,2026-08-27,Manufacturing,201-1000,Bulk order,24.68,2,0,synthetic_demo
L003525,2026-08-27,Healthcare,201-1000,Price quote,7.97,4,0,synthetic_demo
L010924,2026-08-27,Retail,201-1000,Bulk order,6.86,2,0,synthetic_demo
L007789,2026-08-27,Healthcare,201-1000,Supplier request,12.99,4,0,synthetic_demo
L007657,2026-08-27,Technology,201-1000,Product enquiry,31.28,1,0,synthetic_demo
L000996,2026-08-27,Retail,51-200,Product enquiry,23.76,3,0,synthetic_demo
L002549,2026-08-27,Retail,1-50,Bulk order,12.4,2,0,synthetic_demo
L009563,2026-08-27,Manufacturing,1-50,Supplier request,3.6,1,0,synthetic_demo
L011052,2026-08-27,Retail,1001+,Product enquiry,4.35,0,0,synthetic_demo
L008419,2026-08-27,Retail,1-50,Price quote,13.19,3,0,synthetic_demo
L011354,2026-08-27,Manufacturing,1-50,Price quote,9.75,0,0,synthetic_demo
L010284,2026-08-27,Construction,201-1000,Supplier request,11.7,1,0,synthetic_demo
L005108,2026-08-27,Retail,1-50,Bulk order,4.79,2,0,synthetic_demo
L000043,2026-08-28,Technology,1001+,Supplier request,14.77,1,0,synthetic_demo
L000114,2026-08-28,Healthcare,1-50,Product enquiry,8.94,0,0,synthetic_demo
L011922,2026-08-28,Technology,201-1000,Product enquiry,10.3,3,1,synthetic_demo
L000072,2026-08-28,Retail,1-50,Bulk order,8.3,3,1,synthetic_demo
L009111,2026-08-28,Construction,1-50,Price quote,11.28,2,0,synthetic_demo
L001279,2026-08-28,Construction,51-200,Price quote,4.36,2,0,synthetic_demo
L011483,2026-08-28,Manufacturing,1001+,Bulk order,12.98,1,0,synthetic_demo
L009283,2026-08-28,Retail,1001+,Bulk order,7.11,1,1,synthetic_demo
L001260,2026-08-28,Construction,1001+,Bulk order,9.47,4,0,synthetic_demo
L000751,2026-08-28,Manufacturing,1001+,Product enquiry,8.24,2,0,synthetic_demo
L011015,2026-08-28,Construction,1-50,Supplier request,12.07,3,0,synthetic_demo
L007681,2026-08-28,Construction,1-50,Price quote,5.85,3,0,synthetic_demo
L010155,2026-08-28,Retail,51-200,Price quote,15.8,3,0,synthetic_demo
L011518,2026-08-28,Retail,1-50,Product enquiry,16.15,3,0,synthetic_demo
L006042,2026-08-28,Manufacturing,1001+,Supplier request,11.04,4,1,synthetic_demo
L000833,2026-08-28,Retail,1-50,Price quote,8.24,1,0,synthetic_demo
L002801,2026-08-28,Construction,1-50,Price quote,11.26,0,0,synthetic_demo
L010841,2026-08-28,Technology,1-50,Product enquiry,18.75,0,0,synthetic_demo
L009187,2026-08-28,Technology,201-1000,Product enquiry,6.3,2,0,synthetic_demo
L005439,2026-08-28,Construction,1-50,Price quote,4.43,2,0,synthetic_demo
L006154,2026-08-28,Retail,51-200,Price quote,6.8,3,0,synthetic_demo
L008604,2026-08-28,Construction,1001+,Bulk order,9.34,4,1,synthetic_demo
L010129,2026-08-28,Manufacturing,51-200,Bulk order,11.12,3,0,synthetic_demo
L006161,2026-08-28,Technology,201-1000,Bulk order,11.13,3,0,synthetic_demo
L003297,2026-08-28,Technology,1-50,Supplier request,6.57,1,0,synthetic_demo
L007800,2026-08-28,Retail,1-50,Supplier request,3.21,1,0,synthetic_demo
L007001,2026-08-28,Technology,1-50,Price quote,23.35,4,0,synthetic_demo
L010722,2026-08-28,Retail,201-1000,Supplier request,24.27,4,0,synthetic_demo
L006803,2026-08-28,Healthcare,1-50,Product enquiry,18.42,1,0,synthetic_demo
L001939,2026-08-28,Manufacturing,201-1000,Price quote,3.0,1,0,synthetic_demo
L001895,2026-08-28,Retail,1-50,Price quote,7.5,3,0,synthetic_demo
L001321,2026-08-29,Healthcare,1-50,Price quote,9.24,2,0,synthetic_demo
L001817,2026-08-29,Technology,51-200,Bulk order,15.45,3,0,synthetic_demo
L001842,2026-08-29,Healthcare,51-200,Price quote,7.51,1,0,synthetic_demo
L010948,2026-08-29,Technology,51-200,Product enquiry,2.76,5,0,synthetic_demo
L003577,2026-08-29,Technology,1001+,Bulk order,13.37,5,1,synthetic_demo
L008356,2026-08-29,Technology,1-50,Price quote,15.27,2,1,synthetic_demo
L009649,2026-08-29,Manufacturing,51-200,Price quote,2.92,3,0,synthetic_demo
L011470,2026-08-29,Technology,51-200,Bulk order,8.44,2,0,synthetic_demo
L008202,2026-08-29,Construction,1-50,Price quote,8.25,1,1,synthetic_demo
L002001,2026-08-29,Technology,51-200,Product enquiry,11.11,0,0,synthetic_demo
L004002,2026-08-29,Retail,51-200,Price quote,7.79,3,0,synthetic_demo
L004048,2026-08-29,Manufacturing,51-200,Product enquiry,14.33,3,0,synthetic_demo
L005368,2026-08-29,Technology,1-50,Product enquiry,13.91,1,0,synthetic_demo
L001162,2026-08-29,Technology,1-50,Price quote,9.62,2,0,synthetic_demo
L009845,2026-08-29,Manufacturing,201-1000,Supplier request,4.54,5,0,synthetic_demo
L001732,2026-08-29,Manufacturing,51-200,Price quote,3.2,1,0,synthetic_demo
L000098,2026-08-29,Manufacturing,1-50,Bulk order,21.23,1,0,synthetic_demo
L009948,2026-08-29,Manufacturing,51-200,Product enquiry,11.43,3,0,synthetic_demo
L004422,2026-08-29,Manufacturing,201-1000,Product enquiry,6.69,2,0,synthetic_demo
L011608,2026-08-29,Retail,1-50,Product enquiry,2.76,4,0,synthetic_demo
L003126,2026-08-29,Manufacturing,51-200,Bulk order,9.67,3,0,synthetic_demo
L004618,2026-08-29,Healthcare,1001+,Product enquiry,11.17,4,0,synthetic_demo
L000654,2026-08-29,Manufacturing,201-1000,Bulk order,5.94,2,0,synthetic_demo
L004787,2026-08-29,Retail,51-200,Product enquiry,12.12,0,0,synthetic_demo
L002852,2026-08-29,Retail,201-1000,Product enquiry,8.44,1,0,synthetic_demo
L004703,2026-08-29,Retail,1-50,Bulk order,13.28,1,0,synthetic_demo
L004296,2026-08-29,Retail,51-200,Price quote,14.58,4,0,synthetic_demo
L006029,2026-08-29,Construction,51-200,Bulk order,2.29,1,0,synthetic_demo
L004270,2026-08-29,Technology,201-1000,Price quote,16.59,5,0,synthetic_demo
L008262,2026-08-29,Manufacturing,1-50,Price quote,13.73,4,0,synthetic_demo
L000336,2026-08-29,Healthcare,51-200,Price quote,24.46,3,0,synthetic_demo
L005646,2026-08-29,Manufacturing,1-50,Price quote,8.71,4,0,synthetic_demo
L004440,2026-08-29,Retail,51-200,Bulk order,7.13,5,1,synthetic_demo
L003151,2026-08-29,Manufacturing,1-50,Bulk order,4.35,3,0,synthetic_demo
L004213,2026-08-29,Retail,1-50,Bulk order,1.87,3,0,synthetic_demo
L011691,2026-08-29,Manufacturing,51-200,Supplier request,9.87,0,0,synthetic_demo
L005781,2026-08-29,Construction,1-50,Supplier request,15.37,1,0,synthetic_demo
L003609,2026-08-30,Manufacturing,1-50,Product enquiry,13.77,3,0,synthetic_demo
L003048,2026-08-30,Healthcare,51-200,Supplier request,17.94,3,0,synthetic_demo
L009070,2026-08-30,Retail,201-1000,Product enquiry,5.42,4,0,synthetic_demo
L005877,2026-08-30,Healthcare,1-50,Supplier request,38.54,0,0,synthetic_demo
L005895,2026-08-30,Manufacturing,1-50,Bulk order,31.26,3,0,synthetic_demo
L002960,2026-08-30,Construction,1-50,Price quote,13.98,2,0,synthetic_demo
L004538,2026-08-30,Construction,1001+,Price quote,13.51,3,1,synthetic_demo
L002371,2026-08-30,Retail,201-1000,Supplier request,14.15,2,1,synthetic_demo
L002372,2026-08-30,Retail,51-200,Product enquiry,1.8,5,0,synthetic_demo
L002690,2026-08-30,Healthcare,1001+,Supplier request,5.33,2,0,synthetic_demo
L011149,2026-08-30,Manufacturing,201-1000,Product enquiry,4.72,2,1,synthetic_demo
L008080,2026-08-30,Construction,1-50,Price quote,15.62,0,0,synthetic_demo
L009449,2026-08-30,Manufacturing,201-1000,Product enquiry,9.22,5,0,synthetic_demo
L008888,2026-08-30,Healthcare,51-200,Bulk order,10.84,1,0,synthetic_demo
L011852,2026-08-30,Manufacturing,51-200,Supplier request,10.02,2,0,synthetic_demo
L008430,2026-08-30,Healthcare,1-50,Price quote,17.34,0,0,synthetic_demo
L004653,2026-08-30,Manufacturing,201-1000,Product enquiry,20.63,2,0,synthetic_demo
L011798,2026-08-30,Retail,51-200,Price quote,6.67,2,0,synthetic_demo
L004686,2026-08-30,Retail,201-1000,Product enquiry,12.65,1,0,synthetic_demo
L011717,2026-08-30,Retail,1-50,Price quote,11.15,3,0,synthetic_demo
L008562,2026-08-30,Manufacturing,201-1000,Product enquiry,7.98,1,0,synthetic_demo
L008572,2026-08-30,Construction,1-50,Bulk order,10.43,2,1,synthetic_demo
L000866,2026-08-30,Construction,1001+,Supplier request,1.98,4,0,synthetic_demo
L000873,2026-08-30,Construction,1-50,Price quote,17.01,3,1,synthetic_demo
L004876,2026-08-30,Healthcare,1-50,Bulk order,9.11,1,0,synthetic_demo
L004177,2026-08-30,Healthcare,201-1000,Supplier request,9.9,3,0,synthetic_demo
L009823,2026-08-30,Healthcare,1-50,Price quote,13.72,0,0,synthetic_demo
L007588,2026-08-30,Construction,1-50,Bulk order,4.69,1,0,synthetic_demo
L001403,2026-08-30,Construction,51-200,Bulk order,11.8,2,0,synthetic_demo
L001630,2026-08-30,Retail,51-200,Supplier request,7.97,0,0,synthetic_demo
L003910,2026-08-30,Technology,51-200,Product enquiry,13.5,4,0,synthetic_demo
L009730,2026-08-30,Construction,51-200,Price quote,10.75,4,1,synthetic_demo
L000718,2026-08-31,Manufacturing,201-1000,Bulk order,9.92,2,0,synthetic_demo
L005502,2026-08-31,Healthcare,1001+,Supplier request,3.45,2,1,synthetic_demo
L011182,2026-08-31,Manufacturing,1-50,Price quote,6.85,2,0,synthetic_demo
L009889,2026-08-31,Manufacturing,51-200,Supplier request,6.11,2,0,synthetic_demo
L000620,2026-08-31,Manufacturing,1001+,Bulk order,28.62,1,0,synthetic_demo
L004091,2026-08-31,Manufacturing,1-50,Price quote,10.68,0,0,synthetic_demo
L004275,2026-08-31,Manufacturing,1-50,Supplier request,4.34,2,0,synthetic_demo
L000512,2026-08-31,Technology,1-50,Supplier request,6.23,3,0,synthetic_demo
L008849,2026-08-31,Technology,1-50,Product enquiry,8.51,4,0,synthetic_demo
L005196,2026-08-31,Construction,201-1000,Price quote,7.17,1,0,synthetic_demo
L008031,2026-08-31,Healthcare,1-50,Product enquiry,9.18,3,0,synthetic_demo
L011748,2026-08-31,Manufacturing,1-50,Price quote,14.65,2,0,synthetic_demo
L011338,2026-08-31,Retail,1-50,Product enquiry,14.41,2,0,synthetic_demo
L011353,2026-08-31,Manufacturing,1-50,Bulk order,16.88,4,0,synthetic_demo
L010177,2026-08-31,Manufacturing,201-1000,Bulk order,6.31,2,1,synthetic_demo
L003931,2026-08-31,Healthcare,201-1000,Supplier request,7.87,1,0,synthetic_demo
L000274,2026-08-31,Healthcare,1-50,Bulk order,15.99,2,0,synthetic_demo
L009834,2026-08-31,Technology,1-50,Product enquiry,4.46,1,0,synthetic_demo
L009035,2026-08-31,Retail,201-1000,Product enquiry,7.59,0,0,synthetic_demo
L006167,2026-08-31,Healthcare,1001+,Product enquiry,3.45,3,0,synthetic_demo
L001719,2026-08-31,Technology,51-200,Product enquiry,9.48,0,0,synthetic_demo
L008623,2026-08-31,Manufacturing,51-200,Bulk order,4.54,1,0,synthetic_demo
L006377,2026-08-31,Retail,201-1000,Supplier request,8.3,2,0,synthetic_demo
L008745,2026-08-31,Healthcare,1-50,Supplier request,7.74,0,0,synthetic_demo
L010213,2026-08-31,Manufacturing,1-50,Supplier request,11.05,5,0,synthetic_demo
L002368,2026-08-31,Retail,1001+,Bulk order,20.73,5,1,synthetic_demo
L001143,2026-08-31,Technology,1-50,Price quote,12.36,4,0,synthetic_demo
L007506,2026-08-31,Technology,51-200,Price quote,7.42,4,1,synthetic_demo
L007321,2026-08-31,Manufacturing,1-50,Supplier request,33.27,2,0,synthetic_demo
L008818,2026-08-31,Technology,1001+,Product enquiry,7.21,0,0,synthetic_demo
